Packet_Size,Packet_Rate,Duration,Protocol,Source_Port,Destination_Port,Bytes,Flow_Duration,Device_Type,Attack_Type,Label
774.3343163,341.4962014,29.02855983,UDP,36000,22,64917.64704,17.93022763,Smart TV,Malware,1
401.9848185,29.5756619,5.180313655,ICMP,16428,443,4005.32286,13.42062844,Router,None,0
319.4772107,321.8552189,10.12409783,UDP,4645,443,41029.87428,39.13382272,Camera,Botnet,1
634.6293283,24.14815923,2.206254181,TCP,41172,80,5110.154116,9.359237626,Camera,None,0
348.2333728,395.2444828,20.33629368,TCP,50552,443,25762.76216,28.5582208,Smart TV,Botnet,1
1360.9077,646.8931844,1,UDP,7172,3389,71310.72689,2.1012006,Camera,DDoS,1
673.3212443,17.58262188,9.794753179,TCP,23596,21,5425.079333,6.494095342,Smart Thermostat,None,0
248.9516131,155.876785,13.63613804,TCP,12859,3389,8082.917324,20.5000164,Camera,Brute Force,1
479.5510903,22.20517603,5.860602718,UDP,33513,443,4612.485911,11.99675571,Router,None,0
325.1526279,381.2322792,18.48694242,UDP,59551,443,25824.61268,30.60342429,Smart Lock,Botnet,1
659.3223359,29.30862065,7.707171779,UDP,6573,8080,3405.599648,5.558390462,Camera,None,0
370.6490188,386.4245467,12.03765175,TCP,5811,23,39419.97236,34.60967767,Sensor,Botnet,1
1293.489755,901.5061056,1,TCP,1648,22,75474.6223,1.635699748,Smart TV,DDoS,1
432.7607321,33.58459576,3.212487323,ICMP,40032,21,4519.102998,9.401104526,Smart Thermostat,None,0
511.336399,30.10802085,4.887117806,TCP,21142,8080,5479.590374,9.674390102,Smart Thermostat,None,0
365.2451541,37.66867293,2.550590445,TCP,59089,8080,4366.451147,11.74932441,Smart Thermostat,None,0
379.3872333,37.18621625,4.683957543,TCP,42466,80,3827.066887,10.49244208,Smart Thermostat,None,0
554.2122321,34.77529337,2.67514244,TCP,61135,443,3515.969868,16.72876094,Camera,None,0
236.9578497,137.2457359,19.2730101,UDP,19793,3389,9055.355857,13.28054817,Camera,Brute Force,1
1030.031215,304.8863906,24.36951613,TCP,30260,443,56373.54741,27.68940304,Smart Lock,Malware,1
449.6911212,20.66059547,3.979118302,UDP,3505,22,3223.248846,13.28060376,Smart Thermostat,None,0
193.8622108,130.5575616,15.75478125,UDP,65037,443,8959.840694,24.39651193,Camera,Brute Force,1
977.1772887,268.6576237,33.42621872,ICMP,42139,23,66786.09244,26.62505659,Sensor,Malware,1
152.3606329,20.23191507,7.201715947,TCP,62823,22,4882.19764,10.6453127,Camera,None,0
831.7206162,185.9726711,33.61948981,UDP,15057,80,42029.34848,29.44686041,Router,Malware,1
593.3320867,38.07008282,1.760256011,UDP,1621,22,5187.725093,6.938130941,Smart Thermostat,None,0
1695.401584,949.2529094,1.130436288,ICMP,4671,3389,89969.70941,1.734445857,Sensor,DDoS,1
489.1913365,32.21186485,4.167829757,TCP,41773,8080,4773.691891,11.98933714,Sensor,None,0
704.7128334,49.98288983,7.373782689,UDP,30785,8080,4576.069504,15.02192349,Sensor,None,0
564.5738524,43.37398107,4.690988642,ICMP,32543,22,4242.496791,10.52972008,Camera,None,0
446.464927,35.58218576,5.303033943,TCP,61097,8080,4382.057574,12.39673878,Smart TV,None,0
427.1901389,25.98956183,4.213404106,TCP,45647,22,5477.8363,11.46461392,Smart Thermostat,None,0
405.135866,39.81072799,1.525156142,UDP,46845,443,3630.544662,10.8754383,Smart TV,None,0
714.2153362,40.08050263,3.812209342,TCP,53736,22,5473.224346,7.665477147,Sensor,None,0
440.7994742,20.69699857,6.228939735,TCP,7962,8080,4214.859889,10.3958719,Sensor,None,0
507.7931705,34.2032283,6.651341907,TCP,12604,22,1296.18232,8.135614097,Camera,None,0
69.85007476,606.7697834,1,UDP,59383,3389,1285.388817,1,Router,Port Scan,1
298.6820486,367.4148866,19.5032954,UDP,61448,23,27167.88232,12.19416832,Smart Thermostat,Botnet,1
477.6341089,13.14628135,5.809744573,TCP,55425,21,2773.494407,7.451076895,Camera,None,0
406.0184166,18.63077419,1,TCP,56811,443,2448.980588,11.35905627,Camera,None,0
395.9593692,31.19225861,3.857101562,TCP,19230,22,3830.280204,11.24137695,Sensor,None,0
805.4368188,244.2253026,42.53817086,UDP,47497,22,56060.77959,13.51014268,Router,Malware,1
528.2683845,38.71934367,3.876386913,UDP,36472,80,2935.527254,4.514814066,Smart Lock,None,0
510.6722649,15.35467632,2.945538807,UDP,22588,21,3637.38905,8.656400765,Router,None,0
56.22921147,611.7920472,1,TCP,38686,22,1906.18344,1.244388554,Smart TV,Port Scan,1
325.7953503,37.81740228,5.98210921,UDP,28266,80,3789.170287,9.574662561,Sensor,None,0
630.8566389,20.63678725,3.187137881,TCP,44627,80,2114.238389,11.12532449,Smart Thermostat,None,0
577.0052779,32.22899163,6.439655962,ICMP,26306,80,3941.961472,11.8709263,Smart Lock,None,0
383.5820576,21.12304344,7.671568673,TCP,33466,22,3557.464288,14.36513673,Smart TV,None,0
63.02669293,677.9662598,1,TCP,57339,3389,2092.81483,1.10091888,Router,Port Scan,1
51.62792936,621.9274903,1,UDP,31761,22,2069.863275,1,Router,Port Scan,1
391.916938,24.12679237,5.021971027,TCP,49353,22,2689.70325,3.886814477,Smart TV,None,0
185.8319618,367.9770696,31.04309547,UDP,50793,23,34577.1972,12.12644864,Sensor,Botnet,1
234.2975155,33.4572658,7.379244011,TCP,48044,8080,3296.930919,9.641901402,Router,None,0
482.7233469,22.01665221,6.199653551,TCP,28126,22,3546.140142,6.372636086,Smart TV,None,0
187.4308305,126.947562,17.41618713,TCP,4036,22,9810.791697,17.03404039,Router,Brute Force,1
1656.172873,798.2413585,1.188934547,TCP,38113,3389,67305.61265,1.962031443,Sensor,DDoS,1
205.793294,139.3711371,17.64582426,TCP,13298,443,5295.020155,27.26359329,Smart TV,Brute Force,1
1744.45939,1203.562371,1,UDP,47926,23,117357.9314,2.607713725,Router,DDoS,1
654.4210715,10.90237094,2.441006408,TCP,3148,22,3634.283214,14.19740915,Smart TV,None,0
60.44770726,611.8777467,1,TCP,58258,443,1454.421411,1.487900711,Smart Lock,Port Scan,1
664.6864921,39.03800129,2.901406328,UDP,46694,8080,4419.200608,10.44466929,Smart TV,None,0
64.96970537,462.1836031,1,UDP,11079,80,2449.740065,1,Router,Port Scan,1
983.0988851,36.91282099,5.199344415,UDP,23561,21,3786.289766,8.396199279,Router,None,0
752.5102105,305.0004718,32.20095417,TCP,4647,443,43877.53793,17.68401661,Router,Malware,1
824.7713748,187.5473124,21.8724224,UDP,49824,3389,43787.25986,42.05057453,Router,Malware,1
456.1882429,49.72895855,4.686416419,TCP,57173,22,2977.050072,8.545005765,Router,None,0
60.56943229,503.0077868,1,TCP,27838,443,2452.015979,1.099115648,Smart Lock,Port Scan,1
276.5785816,30.29109947,5.061834556,TCP,31331,80,1327.165567,11.18780162,Sensor,None,0
87.2685455,636.4265083,1,UDP,34042,22,1615.702355,1.63094186,Camera,Port Scan,1
265.8991482,412.4037005,21.43933688,TCP,15335,3389,42951.74236,40.90324944,Router,Botnet,1
529.20787,21.78108228,8.150753299,TCP,56141,8080,3660.394974,7.330629021,Camera,None,0
328.4859427,421.962787,14.14175966,TCP,32386,80,20597.6613,20.80834658,Sensor,Botnet,1
448.1552553,50.69371152,9.244395009,TCP,58875,21,5191.671436,6.438407803,Camera,None,0
487.1346597,28.97286053,5.063148245,TCP,3397,443,4189.756561,11.98779445,Smart Lock,None,0
327.037904,41.09969643,7.713526315,TCP,20112,443,4616.235397,3.018700609,Camera,None,0
80.48885724,768.8277085,1,ICMP,12108,3389,1852.57458,1,Smart Thermostat,Port Scan,1
399.0247816,27.25145896,6.559242041,TCP,45396,21,5315.236629,13.59751141,Smart Lock,None,0
397.6474619,36.47574103,3.336954455,TCP,42306,443,5160.092847,13.13815675,Smart TV,None,0
184.5403031,159.8670351,19.37006177,UDP,12997,443,7172.13127,23.4135579,Smart TV,Brute Force,1
489.6679218,37.90806122,5.689290452,TCP,42368,21,4897.815408,14.88681084,Camera,None,0
437.1864029,26.53563748,8.422845598,UDP,34113,21,5610.900936,11.87364528,Camera,None,0
67.03971634,913.789104,1,UDP,11574,3389,1503.454327,1,Smart TV,Port Scan,1
59.62326716,654.0016141,1,TCP,56339,23,2081.437203,1.169939657,Sensor,Port Scan,1
234.4522324,186.0652149,21.2117313,TCP,42977,22,7015.54702,29.47001897,Smart TV,Brute Force,1
74.27474693,702.2325999,1,UDP,14509,3389,2777.056763,1,Smart Thermostat,Port Scan,1
216.2153513,186.9964622,6.375489546,TCP,4430,23,6946.079734,32.19788044,Smart Lock,Brute Force,1
569.7438574,21.73656823,6.435451218,UDP,18983,443,3830.125516,14.14383705,Router,None,0
598.251674,30.94592533,6.569377432,TCP,58793,80,2191.855953,14.63047857,Smart TV,None,0
210.54878,123.792182,14.67850765,UDP,6377,443,11020.47719,15.99819514,Smart Thermostat,Brute Force,1
56.30288539,600.9389753,1,TCP,47424,23,1340.311265,1.525812533,Sensor,Port Scan,1
153.5221173,209.5621908,12.04574888,UDP,31145,80,7920.387165,9.896732369,Router,Brute Force,1
362.3801501,20.59778791,3.730373672,ICMP,37257,443,4729.715674,5.238705098,Sensor,None,0
713.3985088,21.33583861,5.027796419,UDP,30594,80,3350.73708,5.54331399,Smart Lock,None,0
721.0493839,288.2489186,33.97058768,TCP,34740,23,50189.89768,24.8144053,Smart Lock,Malware,1
711.4933826,307.0450559,30.12257476,TCP,11150,3389,69285.42654,41.97596788,Smart TV,Malware,1
494.8148208,38.6817678,6.804734834,TCP,16226,21,4024.549832,9.03597241,Smart Lock,None,0
1637.880084,1066.151646,1,UDP,28046,23,80863.1174,3.414679834,Smart TV,DDoS,1
46.65100912,510.190279,1,UDP,22373,443,1913.648081,1,Sensor,Port Scan,1
891.1198078,358.9944654,40.03474832,TCP,45521,80,44425.11279,30.23167528,Smart Lock,Malware,1
573.3895238,36.71012427,4.095119321,UDP,41422,8080,4777.93422,8.829384118,Router,None,0
275.3389111,16.53470787,4.486948885,UDP,19935,8080,4078.925213,8.698499077,Camera,None,0
358.3286792,28.8419649,7.117105632,TCP,50272,80,5024.756734,8.745194829,Smart Lock,None,0
282.6397623,615.6601426,17.52361124,ICMP,15175,443,25402.19328,28.95810994,Smart TV,Botnet,1
675.4826316,38.09194732,5.190878077,TCP,39859,22,4687.761132,13.63865108,Smart TV,None,0
545.1314441,42.71071871,1,UDP,30457,22,5152.682877,14.71418499,Smart Lock,None,0
738.9184256,25.77317015,3.667968372,ICMP,9024,443,1187.653006,6.991785964,Router,None,0
503.8844121,31.4732233,4.060326983,ICMP,16030,8080,4509.820708,11.65557631,Camera,None,0
502.5438372,3.059973823,7.485660768,UDP,52803,80,4994.955598,7.967379961,Camera,None,0
507.3217826,38.89413457,4.80157653,TCP,7398,21,4572.095724,11.12719089,Smart TV,None,0
459.6650477,11.41512062,5.904508245,TCP,42124,80,5134.532449,12.29708658,Router,None,0
335.5537221,373.9079826,14.45159457,TCP,36510,3389,31119.28834,13.37556371,Smart TV,Botnet,1
680.8122311,20.2263938,7.156872153,TCP,38177,443,4561.844418,8.204323981,Camera,None,0
223.1414158,143.2424342,18.7709222,ICMP,58623,23,7973.642611,11.65532352,Camera,Brute Force,1
635.5497025,10.1212417,1.970211186,TCP,65246,80,4044.18992,11.18024742,Sensor,None,0
374.5684662,24.32277857,3.758357229,UDP,8646,22,3844.86971,14.29275706,Smart Thermostat,None,0
1434.347182,667.2449506,1,UDP,36332,3389,59356.96879,2.298372421,Smart Thermostat,DDoS,1
387.5420952,39.18232527,4.323088508,UDP,38156,21,3322.230299,11.14280484,Camera,None,0
417.8532771,23.16908198,8.074715104,TCP,6596,22,3844.866869,14.05922073,Router,None,0
59.12568964,607.5690808,1,UDP,15384,80,1740.68905,1.176302661,Smart Lock,Port Scan,1
570.9201094,178.3031313,25.79676694,UDP,37090,23,53511.43977,29.03066553,Camera,Malware,1
426.998168,41.79362313,4.012835497,UDP,6098,22,3776.017836,2.736466428,Sensor,None,0
1521.000885,655.8864865,1,TCP,51990,443,88245.73574,2.148808106,Camera,DDoS,1
374.3349488,36.10841031,3.626124757,TCP,15379,443,4561.541155,10.41032235,Smart Lock,None,0
596.0862946,32.76819729,2.299157164,UDP,20992,80,4869.675757,13.53455456,Smart Thermostat,None,0
59.1197437,501.5591613,1,TCP,46106,443,2315.37942,1,Sensor,Port Scan,1
586.5470447,44.61799168,3.307795728,TCP,15916,443,3772.234454,12.31663443,Smart Lock,None,0
558.7551373,10.50961431,4.106405188,TCP,29201,443,3858.281904,8.902729843,Router,None,0
1292.282366,1160.336682,1.4387552,TCP,2991,23,87818.13351,1.380006102,Smart Thermostat,DDoS,1
455.5147539,20.95192497,4.660898569,UDP,46800,80,2830.389998,6.09419629,Sensor,None,0
686.2791034,233.4399361,21.53153646,TCP,60537,23,34023.42608,45.72352152,Router,Malware,1
861.3842387,265.0113828,24.38299799,UDP,41732,80,54941.06824,42.99311184,Smart TV,Malware,1
542.8570309,18.45414386,3.211433956,UDP,45183,443,2787.789976,10.39770913,Smart Lock,None,0
508.1721156,44.80453034,5.230361766,TCP,59418,8080,4197.731977,12.10907638,Camera,None,0
491.9188817,49.0763597,7.442712259,TCP,34319,443,4121.03794,14.5789096,Smart Lock,None,0
1024.800449,801.1661758,1,UDP,31047,3389,81956.11677,1.971489817,Smart Thermostat,DDoS,1
882.034102,260.4374184,21.70034477,TCP,58353,23,44413.64211,35.02810984,Camera,Malware,1
783.3463817,232.6967648,38.25453797,UDP,42687,443,62312.52879,24.00496315,Camera,Malware,1
167.7675905,172.4353558,14.0155517,TCP,29788,22,8568.171957,18.39539454,Smart Thermostat,Brute Force,1
63.09516806,719.7202936,1,TCP,31150,80,2068.99844,1,Smart Lock,Port Scan,1
341.6029621,302.422133,18.23766776,TCP,23986,443,18700.02959,33.47858382,Router,Botnet,1
648.2296866,30.13355592,7.209880978,TCP,48504,22,4363.009248,12.09246494,Sensor,None,0
173.0236926,104.9331775,13.04563531,TCP,49175,3389,9983.556743,21.65529383,Smart Thermostat,Brute Force,1
385.1128729,30.24077406,2.236841653,UDP,20007,21,3565.041501,9.252895882,Smart Thermostat,None,0
48.78514797,662.4760102,1,UDP,19443,22,2105.249091,1.012782767,Smart TV,Port Scan,1
648.446065,29.49412599,7.615831248,TCP,34341,21,3959.905088,7.819016883,Sensor,None,0
392.0671713,26.67403339,9.306935854,TCP,23128,8080,4180.335341,5.944612222,Smart Lock,None,0
1260.850818,527.6381483,1,TCP,8762,22,77727.65056,2.767369802,Sensor,DDoS,1
438.0187109,39.14624054,2.263331405,TCP,47004,22,4111.350429,8.834100457,Sensor,None,0
433.0725335,25.91611373,5.077162246,TCP,7905,8080,3323.982694,7.413046122,Sensor,None,0
216.5727375,190.0357471,18.85947673,UDP,41968,443,10987.95836,13.20862475,Smart Lock,Brute Force,1
532.8660726,39.97384584,6.038141426,ICMP,7802,8080,5964.63552,12.70323652,Smart Thermostat,None,0
478.4095863,38.48516105,8.09179296,TCP,25124,22,4757.118369,12.60610803,Smart Thermostat,None,0
1411.600244,1118.643093,1,UDP,31696,23,90820.04078,2.654723054,Smart TV,DDoS,1
616.5207603,14.19660682,5.893323031,TCP,24865,22,3573.395017,13.49483334,Sensor,None,0
450.2632321,36.33910378,5.005986582,TCP,23110,443,3625.158537,12.26874449,Sensor,None,0
380.0018263,33.56712639,6.493693621,TCP,49212,443,3695.689831,9.358433197,Smart Lock,None,0
206.7782808,111.8491034,11.07259144,UDP,57970,23,11175.51273,12.96078985,Camera,Brute Force,1
443.4894307,30.29039572,4.500255482,TCP,3660,8080,3918.892843,8.545598801,Router,None,0
199.9841146,151.3073199,23.09549,UDP,51144,3389,10060.98755,16.69443392,Router,Brute Force,1
546.7951933,32.75636782,4.010846236,TCP,28301,21,3934.171211,8.30837597,Camera,None,0
483.3305825,38.48406449,6.10832297,TCP,23538,443,3251.317691,10.41009761,Smart TV,None,0
430.652707,32.52884815,3.992084517,TCP,1828,21,3598.00742,10.73231317,Smart TV,None,0
1406.314617,677.5787555,1,TCP,63434,23,61878.53724,2.381321595,Smart Lock,DDoS,1
875.5281934,279.1917154,21.96110995,UDP,16408,22,53945.70892,39.43643413,Router,Malware,1
72.50279375,554.2626616,1,TCP,23131,443,2003.549909,1.328183606,Camera,Port Scan,1
237.2219098,171.6423712,13.00674534,TCP,6805,3389,6783.837694,12.31816211,Camera,Brute Force,1
1401.34825,1046.820662,1.214939561,UDP,5319,80,76606.75417,2.368207988,Sensor,DDoS,1
473.6077046,33.41508686,4.974122464,UDP,17347,8080,4029.423576,13.08634276,Smart Thermostat,None,0
191.3600933,121.9364056,19.84719035,TCP,4550,80,7018.872096,27.29072816,Sensor,Brute Force,1
1541.691633,798.2661549,1.163179508,UDP,28460,80,76050.06513,2.518633366,Camera,DDoS,1
412.314503,30.31178449,4.964302723,TCP,4152,22,4072.868238,10.10322249,Smart Lock,None,0
611.7119907,370.7723081,21.68956313,TCP,43959,22,33621.06533,24.69374182,Smart Thermostat,Malware,1
569.0268375,331.3246164,20.5580803,UDP,21109,3389,40239.87215,38.2759828,Smart TV,Malware,1
419.3782712,26.84210514,7.356901701,UDP,59155,22,4170.508186,9.129802678,Smart TV,None,0
359.2397977,384.9667979,13.86013232,TCP,5261,23,28106.87999,20.76971193,Smart Lock,Botnet,1
532.7063148,27.30969516,5.87692725,TCP,28223,21,2670.701277,10.43871117,Camera,None,0
337.3118983,405.2480119,28.80400287,TCP,26897,443,34618.1191,31.49355411,Smart Thermostat,Botnet,1
407.7043739,40.1052402,4.160431245,TCP,47224,8080,4118.009753,4.081887327,Smart TV,None,0
180.3185243,173.7229652,20.39402489,UDP,26869,3389,5253.92335,14.13271514,Router,Brute Force,1
1783.404998,898.1433613,1.280025641,ICMP,46370,443,89412.71359,2.663923591,Router,DDoS,1
328.7967894,24.17646401,4.440817693,TCP,49774,80,5439.075083,12.19813283,Smart Lock,None,0
238.9847884,149.2723074,22.19658522,TCP,38651,22,7872.141209,27.22300124,Smart Lock,Brute Force,1
1609.853777,540.7555091,1,UDP,16704,23,62149.83612,1.233308692,Camera,DDoS,1
527.0140072,29.46657038,6.728087252,ICMP,40510,8080,4545.242204,6.989561771,Sensor,None,0
574.3478247,33.97328308,3.46722264,UDP,42719,8080,5191.550813,14.53643067,Camera,None,0
516.7953778,253.5235808,23.61117605,TCP,4606,3389,35486.87759,43.46383886,Smart Thermostat,Malware,1
157.3881843,92.16170766,19.0872046,TCP,62484,3389,7292.11588,10.52420689,Sensor,Brute Force,1
1367.812504,463.0845159,1.117255906,UDP,60450,23,98333.08218,1.286298341,Smart Thermostat,DDoS,1
1436.781378,878.8368136,1.163403219,TCP,48785,3389,84542.51964,2.559998013,Smart Lock,DDoS,1
546.7166469,32.15698714,4.916160578,ICMP,5704,21,4059.093333,8.076952252,Smart TV,None,0
713.2619408,36.58797368,4.979607769,ICMP,64590,443,3971.916925,8.019099652,Smart Lock,None,0
307.8842635,446.7232327,17.69620984,TCP,53524,80,28553.78734,29.96655354,Sensor,Botnet,1
339.3941106,40.47315286,2.204627674,TCP,11935,80,5127.354762,10.29281198,Smart TV,None,0
677.7746657,22.56411771,3.355499965,UDP,25752,21,4011.426056,13.98688177,Router,None,0
465.9081194,49.25012802,8.9645206,TCP,52594,22,3626.557034,13.31801887,Smart TV,None,0
1368.147909,1006.524183,1,UDP,33289,3389,70205.92726,1.339993908,Smart TV,DDoS,1
501.0718248,33.8301315,3.366304195,UDP,12595,8080,5556.016327,9.433393452,Smart Lock,None,0
425.1054734,8.827566879,4.893518403,TCP,62799,21,4176.787638,7.28447483,Camera,None,0
76.42486425,721.1382064,1,TCP,63229,23,2131.616715,1.161958958,Sensor,Port Scan,1
987.5189944,290.1042937,25.10263279,UDP,60442,3389,53616.87715,49.80938867,Router,Malware,1
470.7069538,26.83634577,3.697407747,TCP,65255,80,4323.083258,9.051625384,Router,None,0
340.8324676,29.76766289,9.007018821,TCP,51771,80,3560.94609,8.816281444,Smart Thermostat,None,0
448.4850355,28.66170142,3.996742887,TCP,41587,21,3676.077526,10.87513303,Smart TV,None,0
444.0300193,18.91197025,5.458920729,TCP,51517,8080,4739.326026,6.514799923,Camera,None,0
373.7735273,28.55715621,2.566563163,TCP,5802,443,6809.56897,8.645846647,Router,None,0
60.66417132,701.4993989,1,TCP,24560,80,1743.561847,1.478534158,Router,Port Scan,1
305.7647756,276.9733239,23.86858982,ICMP,25221,22,31410.6822,26.35702432,Sensor,Botnet,1
595.5260741,27.84244377,9.077547378,TCP,22902,80,5082.197331,8.435992503,Smart TV,None,0
553.5286642,25.4501652,2.548788472,ICMP,61409,80,5579.091256,10.47997484,Smart TV,None,0
188.75226,106.6792629,17.14674151,TCP,5591,3389,5976.877843,27.67029888,Smart Thermostat,Brute Force,1
541.7250143,25.92921764,4.431272324,UDP,37953,21,3660.741516,13.1915546,Smart Thermostat,None,0
370.9313257,32.24297307,6.201918569,TCP,8679,80,4677.484842,7.768417219,Smart Lock,None,0
569.0655812,15.90180571,7.365061484,TCP,23947,80,3508.344385,8.258045792,Camera,None,0
643.5798174,38.84187739,6.203100005,TCP,3755,21,5353.835547,11.17618635,Sensor,None,0
199.2268761,166.3523596,15.84291985,UDP,16250,23,8843.492065,15.9822615,Camera,Brute Force,1
1623.787947,808.2856431,1,TCP,14440,443,95939.91637,2.446044105,Smart Thermostat,DDoS,1
644.8910034,26.70790602,4.572093712,UDP,55954,21,4588.640152,9.736280538,Sensor,None,0
363.9474769,43.28478811,3.687027786,UDP,37098,8080,2983.983471,8.433284561,Camera,None,0
1061.520264,770.2383838,1.171795513,UDP,6340,3389,64595.38583,3.41129896,Smart Thermostat,DDoS,1
376.8701599,30.39227928,5.10570262,UDP,14760,443,3407.095986,12.05514689,Router,None,0
714.2382073,33.57319423,6.925921146,ICMP,46498,443,4459.705955,12.96565973,Router,None,0
751.0002907,33.36248246,1,TCP,11566,21,4043.450024,10.73784193,Smart Thermostat,None,0
1426.166849,1210.213936,1.360519009,TCP,49045,443,77366.33094,1.896217072,Camera,DDoS,1
238.8248097,178.3323692,10.94466457,UDP,40316,443,7749.671515,19.93363224,Sensor,Brute Force,1
775.2785666,193.329785,23.33998101,TCP,6605,3389,49097.54415,47.04709544,Smart Lock,Malware,1
278.7055459,32.55082044,3.816042385,TCP,33084,22,4615.585288,5.64172736,Smart Thermostat,None,0
276.8197512,30.99034821,6.861676453,UDP,30558,80,3628.283303,7.320608135,Smart Thermostat,None,0
250.8259692,113.2506573,15.83093493,UDP,56280,443,9955.80202,20.04557187,Camera,Brute Force,1
626.7662703,22.44780581,1,UDP,5527,80,3598.745061,7.747826145,Smart Lock,None,0
1047.624979,310.0276999,37.50191506,TCP,63000,22,39942.56764,46.83755705,Sensor,Malware,1
500.9938292,27.96218139,2.057769531,UDP,11425,21,3539.138682,11.94518203,Smart TV,None,0
280.5312982,166.5259322,14.58155168,TCP,52499,22,9173.90357,21.66851256,Sensor,Brute Force,1
57.45655634,855.8765465,1,UDP,47236,3389,2171.745003,1.508731579,Camera,Port Scan,1
208.1219558,131.4324256,15.82796561,TCP,37840,3389,12061.6089,24.34266245,Router,Brute Force,1
543.0747729,30.46058139,7.656313242,TCP,38716,8080,3058.462398,10.60403456,Sensor,None,0
278.6603607,26.1849398,4.036490705,TCP,63780,22,5796.094646,11.98664015,Smart Thermostat,None,0
426.7271124,24.75817094,4.529240014,UDP,2576,8080,5265.933627,12.65005491,Smart Thermostat,None,0
369.2846583,440.3446801,32.84763329,UDP,16036,23,36319.06841,11.21054206,Smart Lock,Botnet,1
653.1765059,44.68763745,5.059667574,TCP,44930,80,3357.21643,11.64136692,Sensor,None,0
526.0354188,27.72322371,4.92509383,TCP,28023,8080,3956.549365,10.49934653,Sensor,None,0
49.95565156,451.2618494,1,UDP,8646,80,1814.927485,1.507873014,Smart Lock,Port Scan,1
671.5744943,26.92472235,4.363945132,UDP,29359,22,5166.288307,11.08480157,Sensor,None,0
719.7560385,12.73034514,6.83629245,TCP,47270,21,2630.156535,11.78724372,Smart Lock,None,0
294.458417,527.4170987,19.90371426,TCP,12691,3389,21776.98761,20.42228776,Smart TV,Botnet,1
533.4291097,30.13985222,5.673166253,UDP,25357,80,4666.572669,7.053941741,Router,None,0
534.3912257,23.63430673,5.145146161,TCP,62440,443,4546.959515,12.00947026,Sensor,None,0
847.0524197,241.1172635,28.64858666,TCP,60852,80,50355.02165,34.36285667,Router,Malware,1
329.392551,28.1152659,5.821942218,TCP,36390,22,4763.338848,10.14092859,Smart Thermostat,None,0
350.6896591,303.9055902,21.28345406,TCP,34262,3389,20188.87117,18.97599007,Sensor,Botnet,1
422.7814749,29.47554234,5.70182594,TCP,64122,443,3200.856167,10.3604828,Router,None,0
609.0071957,31.26866976,1,TCP,27039,80,3453.462207,4.047570331,Smart Thermostat,None,0
1378.52811,987.3381506,1,UDP,28379,22,86481.26652,3.101854224,Camera,DDoS,1
586.0818149,18.09656512,5.981213805,TCP,56450,21,4784.954289,11.08978924,Smart Thermostat,None,0
369.0624424,505.3078561,24.06354578,TCP,22289,23,28040.37722,25.45573823,Sensor,Botnet,1
491.7707037,29.09989741,4.264600758,TCP,17452,80,6656.809491,5.772000264,Smart TV,None,0
576.8942161,30.31134853,3.302950049,UDP,23177,8080,4222.132243,9.919132491,Sensor,None,0
456.8405986,33.30307312,7.361054525,TCP,28183,22,4044.138897,9.837774472,Router,None,0
682.5527165,162.7899936,42.81942147,TCP,6218,80,44786.38278,50.38145388,Smart Thermostat,Malware,1
1718.836472,624.6353717,1,UDP,46227,23,62669.01654,3.223978496,Sensor,DDoS,1
210.8093641,18.4365234,4.41244216,UDP,5809,80,5997.296531,6.470155842,Smart Lock,None,0
771.0899946,240.7857091,31.63749986,ICMP,55182,3389,55197.24496,18.89339887,Smart TV,Malware,1
372.5102706,24.70560573,3.246278444,UDP,63123,8080,2532.954755,16.38774134,Smart Thermostat,None,0
71.2430658,660.9135318,1,TCP,33487,443,2188.764002,1,Router,Port Scan,1
886.7599248,17.1745537,4.590115467,TCP,33276,8080,3250.104969,9.138709575,Smart Lock,None,0
60.7323295,588.9965781,1,TCP,46272,22,1582.324389,1,Smart TV,Port Scan,1
452.9328784,11.43189598,3.642041371,TCP,29878,80,3228.769834,14.97212836,Router,None,0
441.3107038,28.14043323,3.572892037,TCP,40407,21,2189.38132,3.250648666,Camera,None,0
565.7754056,38.95605243,1.005066614,TCP,9467,22,3285.123438,13.93607579,Sensor,None,0
518.4557217,45.87429328,2.875785782,UDP,16567,21,3809.588243,13.45665699,Smart Thermostat,None,0
273.1705312,384.2856862,35.70904054,TCP,61278,80,25767.11611,32.65055062,Smart Lock,Botnet,1
668.0479655,240.0284993,24.42431421,TCP,30236,3389,57142.79238,36.16364701,Sensor,Malware,1
373.9793456,32.67774197,2.574562402,UDP,61656,443,5350.170051,12.15504366,Router,None,0
56.24633578,449.7254113,1,TCP,42906,80,1844.764666,1,Smart Lock,Port Scan,1
921.8787275,195.4077692,21.50116379,TCP,52562,23,35469.41804,49.183596,Smart TV,Malware,1
777.6235908,339.7356846,47.59409632,TCP,12674,3389,36383.4778,37.31008721,Camera,Malware,1
536.085745,18.93417506,6.381114637,TCP,49459,443,2147.202185,7.099619437,Smart Lock,None,0
555.9594527,16.83074926,7.416525651,TCP,16373,22,5426.984767,10.25611414,Smart TV,None,0
59.41517117,411.1634285,1,UDP,3630,22,2463.197221,1.551817667,Smart TV,Port Scan,1
641.0607892,31.92421118,7.264104577,UDP,5699,443,4375.062152,13.23353007,Smart Lock,None,0
735.3440801,246.1959352,37.30798662,TCP,52716,443,61505.84777,39.19261297,Smart Lock,Malware,1
57.66540666,601.5063268,1,TCP,3306,3389,1679.854176,1.000026709,Smart Thermostat,Port Scan,1
346.0222637,14.99579598,4.609991245,TCP,30556,22,4293.076653,10.79595304,Smart Thermostat,None,0
276.0477867,490.4779542,18.31656567,UDP,60320,22,25567.68518,3.09253514,Smart TV,Botnet,1
356.979395,355.6442953,22.54707281,TCP,39676,23,38217.75521,23.74431905,Smart TV,Botnet,1
477.2906791,33.28662002,5.723843708,ICMP,51605,22,2523.142183,13.20166725,Smart Thermostat,None,0
511.1215335,22.3164434,5.171986961,UDP,34872,8080,4234.29836,10.45276458,Sensor,None,0
143.7264765,116.1421937,22.74559727,TCP,27082,80,10990.13308,28.57496187,Smart TV,Brute Force,1
478.4928049,27.46622431,4.681630257,TCP,42155,21,4706.849641,11.98799791,Router,None,0
487.7123952,23.4943638,3.651575077,TCP,16784,80,6281.632877,10.89253321,Smart TV,None,0
1638.185576,779.0369529,1,TCP,23557,80,136332.4253,2.466759898,Camera,DDoS,1
62.10263716,517.6743771,1,UDP,57163,3389,2048.385784,1.061544013,Sensor,Port Scan,1
322.621011,424.1770771,21.44233294,ICMP,39470,23,15327.20388,20.60310357,Router,Botnet,1
62.54392911,584.5310069,1,ICMP,44123,23,1876.084974,1.018070852,Camera,Port Scan,1
444.2705817,19.85930807,2.466807461,TCP,2240,22,3314.393008,14.64126846,Router,None,0
237.6269625,31.5008113,5.647980513,TCP,35484,8080,5569.998485,7.00592922,Router,None,0
354.0127821,23.28859723,5.624018943,TCP,17370,80,1708.710491,10.91310019,Smart Lock,None,0
204.7717249,133.7242836,12.96283884,TCP,50115,22,7844.192132,20.34902904,Sensor,Brute Force,1
897.6956679,184.4989519,25.48826104,ICMP,4776,23,43917.61251,39.75032724,Router,Malware,1
575.253152,33.80023299,3.025889691,TCP,18501,8080,4564.917281,12.07027425,Smart Thermostat,None,0
320.5207699,31.16468415,3.133548899,TCP,25490,8080,4472.009568,11.70522857,Smart Thermostat,None,0
588.7295207,28.40351693,3.694167711,TCP,28135,443,2551.872741,9.796059232,Router,None,0
854.5345986,198.3068159,33.8449386,UDP,39235,3389,67942.55603,50.33854239,Router,Malware,1
313.4117872,305.4574738,26.276194,UDP,11035,3389,32223.21522,17.00249821,Smart Thermostat,Botnet,1
332.7060987,37.01036027,7.235668801,TCP,25226,8080,3038.434609,9.550193199,Smart Thermostat,None,0
870.0119299,269.4389193,39.55496856,UDP,46935,80,26472.47694,65.11360661,Smart TV,Malware,1
1411.762442,630.2610851,1.686850185,TCP,63135,80,107210.3025,2.421381672,Camera,DDoS,1
225.9452899,346.2084924,10.99172885,TCP,1987,3389,33361.79006,28.30454441,Smart Lock,Botnet,1
477.0672548,6.448301148,8.44617979,TCP,44683,21,5457.786695,10.90088031,Router,None,0
369.8734313,30.90489782,5.45645666,ICMP,11730,22,3146.756649,9.137849915,Router,None,0
585.4916142,40.25686684,1,ICMP,8728,8080,4734.510911,8.452760246,Smart TV,None,0
43.8929338,593.5677951,1,UDP,10986,80,2297.400641,1.320046879,Router,Port Scan,1
1188.050669,566.6500166,1.156222785,TCP,33731,3389,96640.6709,2.649909749,Smart TV,DDoS,1
640.4596512,46.66608908,5.082732327,TCP,14526,80,5098.767622,7.173457009,Camera,None,0
566.6473889,26.84346291,5.231625366,UDP,40233,8080,5521.55941,14.1397384,Smart Lock,None,0
469.3012239,38.54239861,5.462019955,TCP,32587,443,3032.509923,16.43034047,Smart Thermostat,None,0
71.9980466,669.6101001,1,UDP,7669,22,1562.358783,1,Smart Lock,Port Scan,1
61.62116499,591.3365356,1,UDP,58249,3389,2826.078095,1,Router,Port Scan,1
232.7040201,197.581666,16.06634099,UDP,60918,22,7076.039967,18.7023216,Smart Thermostat,Brute Force,1
66.17753033,662.9073943,1,TCP,13667,3389,2225.833645,1,Smart TV,Port Scan,1
491.9656193,18.27992807,3.963440315,TCP,29743,21,3301.069571,6.958847901,Camera,None,0
191.0722571,125.3015934,9.94150367,TCP,31591,22,6820.784858,14.31651814,Smart Lock,Brute Force,1
479.4122588,14.40616765,6.934598472,TCP,25776,22,4301.970743,7.823825434,Router,None,0
630.150367,35.50924381,1,TCP,28837,443,3805.020114,11.43283219,Router,None,0
524.084823,19.65739141,5.294981309,UDP,17354,8080,4671.484895,8.308824547,Router,None,0
622.0612817,22.33479553,5.699543635,TCP,57325,21,3390.896856,14.14861672,Smart TV,None,0
681.9171437,328.6592703,38.01829539,TCP,53742,443,47905.10672,21.9011504,Smart Lock,Malware,1
480.8464799,27.11094119,1.522369075,UDP,61574,443,2943.755007,10.95507768,Smart TV,None,0
41.69826079,630.7882204,1,UDP,52804,80,2146.419119,1,Smart Lock,Port Scan,1
730.1797274,10.04092414,8.038775351,UDP,27685,8080,3991.351374,2.950086354,Sensor,None,0
512.8938443,19.07817673,5.661039057,TCP,48875,8080,4395.142819,1.751693842,Sensor,None,0
287.4554194,48.3689517,2.616237378,UDP,25788,443,4577.332742,7.435045657,Router,None,0
54.41260608,756.926483,1,TCP,45702,22,1449.62594,1.339788197,Camera,Port Scan,1
579.8999717,30.12513759,6.77671505,TCP,37482,443,2565.777793,7.733377844,Sensor,None,0
441.5463727,26.88108688,9.041279398,TCP,51768,21,2320.889572,9.675299985,Smart TV,None,0
182.4871392,168.2379492,4.344354515,UDP,4491,443,7726.445938,13.52262436,Camera,Brute Force,1
444.5192353,29.7436094,4.194434118,UDP,55638,21,6458.243606,14.17621276,Sensor,None,0
566.7290329,31.77261367,5.582462834,ICMP,52361,22,1132.945046,9.047684335,Sensor,None,0
1437.508487,1009.186768,1,TCP,60324,80,80751.3573,1.736166199,Smart TV,DDoS,1
192.6869863,146.6550551,18.48474054,ICMP,34911,443,6245.005234,16.41015943,Smart Thermostat,Brute Force,1
319.9368528,448.1377098,26.55134317,UDP,33694,22,27819.14998,24.26023717,Smart TV,Botnet,1
374.7267114,29.60901079,4.819615173,TCP,18770,443,5229.375718,7.582019174,Smart Lock,None,0
682.9438114,264.1123561,1,ICMP,16752,80,47573.75827,55.55794221,Router,Malware,1
267.0423055,26.18844692,7.019371477,UDP,65256,8080,4065.974503,15.14314096,Router,None,0
496.2374359,15.56553203,3.07473905,UDP,2337,21,3433.810725,9.468959242,Router,None,0
65.17243254,559.5424515,1,UDP,19688,80,1363.073016,1,Router,Port Scan,1
392.3008435,20.07153192,4.607003159,TCP,48704,22,2331.9654,12.47116278,Smart Lock,None,0
630.4999519,235.6943409,34.9053086,UDP,57143,443,34769.80668,57.17438232,Camera,Malware,1
57.27734148,556.3002756,1,UDP,65366,22,1271.18726,1.043424114,Smart Thermostat,Port Scan,1
550.54149,24.60060821,6.231899874,TCP,42195,443,4566.356379,12.01646493,Sensor,None,0
249.8717414,36.14270438,6.50771014,TCP,57674,21,3003.581374,13.6987058,Smart TV,None,0
404.0411093,24.52995279,4.900819384,TCP,60709,22,4448.142145,8.870215831,Camera,None,0
271.1705291,377.7699434,24.00425746,TCP,55287,3389,36556.4479,34.51624746,Sensor,Botnet,1
68.26448509,782.414738,1,UDP,46348,80,1895.667955,1.091659303,Sensor,Port Scan,1
618.4886174,41.57507758,7.872603513,TCP,16845,21,2119.201572,9.046280354,Smart Thermostat,None,0
467.8646512,24.24241476,5.424227402,UDP,16676,8080,5086.325917,8.149061489,Sensor,None,0
155.4403686,112.2340961,15.00583293,UDP,36325,23,6733.34447,6.399673126,Camera,Brute Force,1
206.0046727,139.6910307,21.95991232,TCP,37655,23,5778.394451,16.05222418,Smart Thermostat,Brute Force,1
330.2295247,342.0399846,17.8578041,UDP,21797,443,33446.92163,27.85582701,Smart Lock,Botnet,1
1502.18579,805.9740553,1.565056189,ICMP,46898,22,121659.9135,1.730563025,Router,DDoS,1
408.1405639,24.20559914,4.073110773,TCP,28349,21,2147.272138,12.58527548,Smart TV,None,0
447.1390567,43.22504332,6.323895179,UDP,14902,443,3566.767343,10.98323941,Smart TV,None,0
644.6648677,19.63006095,5.965270999,TCP,10322,22,3712.528868,13.9742109,Router,None,0
672.6446579,28.5597234,5.580080793,ICMP,2141,22,3693.434379,8.220339445,Sensor,None,0
494.2694458,27.29326245,4.776086332,TCP,30895,80,3812.000898,10.75734794,Smart TV,None,0
478.2522759,34.4771503,6.091757675,TCP,32261,443,2606.164848,8.123127681,Sensor,None,0
172.81847,140.050432,10.92391829,TCP,64110,80,7437.787105,8.177986465,Router,Brute Force,1
446.4716746,39.80190872,5.562346331,UDP,52537,21,4575.98487,7.402180349,Sensor,None,0
1551.209956,677.2093545,1.213388405,UDP,22994,443,106020.8011,2.779987012,Smart TV,DDoS,1
432.7460637,30.310472,4.495874369,TCP,10373,80,4198.381161,7.698348794,Smart TV,None,0
68.2001326,470.1933618,1,UDP,56494,3389,1449.925033,1,Sensor,Port Scan,1
224.6802218,178.9527604,13.86501064,TCP,49923,443,7843.697151,13.80696992,Smart TV,Brute Force,1
261.1025606,15.0493917,7.72772446,TCP,1971,443,2497.496544,1.106413486,Smart Lock,None,0
109.1593231,119.6459409,19.75758618,UDP,12615,22,4269.100501,9.193475917,Smart Lock,Brute Force,1
56.13531232,466.950088,1,UDP,5990,80,2479.742722,1,Smart Thermostat,Port Scan,1
49.5913308,375.9844479,1,TCP,18990,80,2070.791106,1.348856891,Smart Lock,Port Scan,1
491.3105193,23.91632504,1.204128963,ICMP,31793,8080,4557.575843,5.98736892,Smart Thermostat,None,0
193.8140293,135.4900931,11.42358535,UDP,28699,23,7898.697968,11.8202209,Smart Lock,Brute Force,1
772.0803808,233.6961407,28.89044114,TCP,62939,23,34005.07799,44.20410662,Smart TV,Malware,1
308.1156486,358.1324465,26.08453475,TCP,2324,22,30954.3941,28.93276123,Smart TV,Botnet,1
63.1644377,624.6239542,1,UDP,21720,3389,2820.123032,1,Router,Port Scan,1
534.2247112,23.52983378,5.075445793,TCP,29301,8080,4786.323668,13.64367057,Smart Thermostat,None,0
477.2905164,60.31762415,4.544941169,TCP,5860,443,4372.32556,12.50684478,Camera,None,0
170.691265,116.0057911,17.85995057,TCP,38425,22,7419.527066,13.72584437,Camera,Brute Force,1
322.1953579,383.5181052,12.75483553,UDP,56708,22,20221.54472,32.66743746,Smart TV,Botnet,1
727.4460351,26.20264052,3.249780716,UDP,31952,21,5532.627892,14.11320217,Router,None,0
697.1281162,12.84241716,2.814891459,ICMP,47144,21,4315.043036,11.68857376,Camera,None,0
307.3165941,422.9642812,28.29468159,TCP,20324,22,30384.44303,12.42690098,Smart Thermostat,Botnet,1
577.2978005,22.65926532,5.636956134,TCP,22979,80,4118.103465,1,Smart Lock,None,0
64.05174575,435.060723,1,TCP,14067,22,2390.270606,1,Smart Lock,Port Scan,1
168.4885538,172.4737977,10.99106637,UDP,31811,443,6188.920879,15.14298581,Smart TV,Brute Force,1
159.4350783,157.4190867,14.17164954,TCP,10159,3389,6826.966003,10.46824707,Sensor,Brute Force,1
429.9335673,29.91720116,3.783504106,ICMP,45657,21,3034.987275,9.165711121,Sensor,None,0
774.4940001,14.925188,5.630684036,ICMP,49777,443,3061.455453,7.976055345,Sensor,None,0
419.7993958,32.9610059,5.625425159,UDP,39871,22,4775.229187,10.98223329,Sensor,None,0
335.934453,47.90722739,4.716218003,TCP,35655,80,3511.588344,14.63217414,Camera,None,0
263.1823717,362.879649,23.59453368,TCP,27534,80,27205.96022,21.88203464,Smart Thermostat,Botnet,1
217.1782569,167.7557196,18.93856823,TCP,11169,22,7570.477817,17.5290083,Smart TV,Brute Force,1
454.4388235,11.97143804,3.495678264,TCP,64716,443,6000.963102,10.1692347,Camera,None,0
457.096387,16.32246101,3.388164443,TCP,27254,80,4439.923967,13.58988361,Router,None,0
436.5289929,19.27948228,7.031324567,UDP,57340,22,5255.40771,8.288251894,Smart Lock,None,0
633.1003774,14.07986998,5.603104614,TCP,10316,80,3992.095485,10.82152719,Router,None,0
717.4440669,23.14293379,5.437638742,TCP,44162,22,3481.154687,11.39334987,Camera,None,0
695.267737,29.16667373,5.093253686,TCP,60956,21,3124.371268,8.058166228,Sensor,None,0
566.7939999,29.57316904,5.82578279,ICMP,48865,21,4668.417685,7.990955716,Camera,None,0
385.5471153,42.76973661,6.087814405,UDP,50494,22,4425.663813,6.744165821,Smart TV,None,0
771.0433181,300.1555867,32.90360187,UDP,28710,3389,48907.60659,35.3196612,Router,Malware,1
624.7242854,19.13965447,5.351400912,TCP,9747,443,4179.646681,8.243864494,Smart Thermostat,None,0
449.585593,29.55171116,2.397811007,TCP,56327,8080,3604.556206,12.77589869,Sensor,None,0
1314.032945,893.9676977,1.062525359,TCP,12481,22,76127.88919,1.270970284,Router,DDoS,1
605.0786638,7.973073589,1.972476747,UDP,57065,21,2675.617792,15.83428671,Smart Lock,None,0
532.3022947,19.38807811,3.236744635,UDP,40034,80,3014.343831,12.01184293,Smart TV,None,0
182.9190319,148.7977838,15.78758282,TCP,16185,443,8045.730831,20.9567022,Smart Lock,Brute Force,1
354.4359433,24.72190854,5.673414384,TCP,27951,80,4696.207462,13.24726435,Smart Lock,None,0
530.9874588,45.64718022,4.276459045,TCP,49751,443,4452.333951,5.302722783,Smart TV,None,0
313.95463,455.8150431,21.74254335,UDP,33118,3389,31765.46307,28.90881814,Sensor,Botnet,1
587.8913372,12.80838866,4.192815763,ICMP,24827,22,2649.900882,14.81268731,Sensor,None,0
512.9456533,43.09550685,1.795480918,TCP,45284,8080,3205.86371,11.31890982,Router,None,0
228.7502291,28.0923954,4.674402007,TCP,7458,8080,3609.322397,15.11755804,Router,None,0
225.9069129,133.4942827,28.31250601,TCP,20198,3389,9197.387814,12.44737224,Camera,Brute Force,1
258.2342623,19.82011276,7.4008408,TCP,46275,80,2997.221444,5.391745123,Smart Thermostat,None,0
570.1002888,20.92382494,5.072961511,UDP,40791,21,4762.149242,9.159794119,Camera,None,0
282.8417967,448.3632319,33.8242261,UDP,55083,22,25657.44795,18.47597258,Smart Thermostat,Botnet,1
589.5701864,22.47971278,4.670311237,TCP,20397,21,4311.409347,11.10116058,Camera,None,0
278.0944177,541.6454087,20.86022102,UDP,5103,80,19671.82472,20.97652642,Router,Botnet,1
228.1835392,125.1624004,14.31579714,UDP,18435,80,7464.960954,18.19831515,Smart Thermostat,Brute Force,1
353.2226187,362.0506548,23.12765558,TCP,24569,443,23116.44346,29.66869467,Smart Lock,Botnet,1
1520.482556,766.6620113,1.05811284,UDP,43325,443,94548.5368,1.972542761,Smart TV,DDoS,1
424.3073954,42.2439648,6.271020889,ICMP,31657,80,1626.223946,8.278179509,Router,None,0
214.9973658,406.4865348,23.08719515,ICMP,62866,80,18136.88374,34.57810797,Sensor,Botnet,1
627.7051387,36.88611701,6.95333074,UDP,20491,22,2238.710595,12.58926255,Router,None,0
70.75223219,724.4332092,1,UDP,54817,80,1559.517065,1,Smart Thermostat,Port Scan,1
327.8934291,418.3048474,11.69010127,UDP,14708,23,31269.06008,25.4088489,Smart TV,Botnet,1
691.6433432,31.82389215,7.561888418,TCP,2566,22,2838.099778,10.75089302,Router,None,0
841.071851,255.013535,31.78235244,UDP,28130,443,44327.20201,54.64447935,Router,Malware,1
775.00894,291.9642679,46.93871759,UDP,8464,23,62750.46118,35.61568117,Smart TV,Malware,1
1237.607739,735.3368271,1.19660653,UDP,9384,80,86792.38303,2.614045866,Sensor,DDoS,1
479.6219557,20.62991571,4.44519283,UDP,48271,443,5463.926405,12.49119325,Smart TV,None,0
536.5322627,22.63726883,5.05665349,TCP,10692,8080,3318.385447,16.09420049,Smart TV,None,0
47.62246608,607.5040095,1,TCP,20487,443,2273.107005,1,Smart TV,Port Scan,1
540.4348011,21.56190021,2.300265175,UDP,61126,22,5149.376841,9.865801197,Smart Lock,None,0
578.5591434,37.45498907,4.45814374,TCP,54062,80,2364.536752,10.71084583,Camera,None,0
331.7247204,380.020604,8.201201175,TCP,37009,3389,35778.84584,24.44983904,Sensor,Botnet,1
521.4670054,36.42152952,5.891856697,UDP,22934,21,4311.373129,11.3130199,Router,None,0
58.90942076,694.4234688,1,TCP,52679,23,1666.460523,1,Camera,Port Scan,1
450.7591122,46.92315156,3.571737816,TCP,8899,21,4413.847386,8.674432653,Camera,None,0
658.2847203,43.8772127,6.345974848,TCP,44314,21,5146.744605,10.19370392,Camera,None,0
195.556407,466.5073096,17.75153668,TCP,52025,23,38382.06231,29.00865966,Router,Botnet,1
677.3994921,37.85192307,2.488679587,UDP,62520,80,2512.528807,10.71747605,Smart Lock,None,0
1308.277963,842.3860589,1,TCP,6773,22,83601.59999,1.658768085,Router,DDoS,1
565.1113356,20.44374833,5.875024497,UDP,59901,8080,4109.647755,17.33539044,Sensor,None,0
277.3552321,462.1637277,20.47281344,TCP,26044,3389,48271.95355,20.76633457,Smart TV,Botnet,1
396.8849045,33.68750784,3.082234798,UDP,18878,21,3815.137636,7.957211367,Camera,None,0
1296.560615,777.0885706,1,TCP,27166,22,123734.3742,1.763488914,Router,DDoS,1
647.9027692,247.1377664,28.58697919,TCP,61983,443,63103.689,48.10128965,Camera,Malware,1
55.00310913,531.3989922,1,ICMP,20538,23,1767.273954,1.136665104,Camera,Port Scan,1
727.1658663,36.8239251,4.859974282,TCP,54968,8080,3458.0166,13.44476927,Router,None,0
202.5442512,187.4516573,11.82635024,TCP,42767,23,8329.398571,18.45657117,Smart Thermostat,Brute Force,1
66.27833747,538.3331845,1,UDP,65418,443,1835.157331,1.344911135,Smart TV,Port Scan,1
448.6934622,24.28864086,1.450113911,TCP,48623,21,6417.805536,5.831429943,Camera,None,0
339.157255,37.69856893,1.213657678,TCP,40658,22,4488.668524,10.51187524,Smart Thermostat,None,0
468.8463162,39.69804487,6.748555358,TCP,20363,8080,4108.702153,15.17839712,Smart TV,None,0
315.0712404,23.80046336,4.185386655,TCP,25251,8080,5425.541372,12.43628864,Smart TV,None,0
444.8146621,34.2087902,6.18927245,UDP,16233,21,3346.807094,5.505563847,Sensor,None,0
462.4349257,21.81502398,7.162900939,UDP,33472,443,3622.807125,4.249552385,Router,None,0
557.1923561,30.1468014,3.420027292,TCP,28354,8080,2666.525681,5.584562946,Smart Lock,None,0
649.4761952,39.59590526,1.970490448,ICMP,40963,8080,2394.728753,9.927107849,Smart TV,None,0
673.3100476,11.32939819,6.12091555,UDP,37052,80,2417.04458,14.82889317,Sensor,None,0
579.7224409,39.32638843,5.967964588,UDP,47583,8080,4769.236208,13.665186,Router,None,0
304.4436691,21.57517957,4.526204882,UDP,31979,80,2695.767734,14.21186816,Smart Thermostat,None,0
516.5868111,40.8745462,6.726301477,TCP,18346,443,5135.274732,12.32167354,Sensor,None,0
728.9538192,38.47873289,4.154171488,ICMP,45131,22,3037.527396,10.9994276,Sensor,None,0
534.806011,30.79496063,1,TCP,37475,80,6051.812756,5.652275558,Smart Thermostat,None,0
1326.745134,1193.449689,1.121283815,TCP,59442,80,121324.7957,1.1397498,Router,DDoS,1
186.0169701,186.4000195,15.09498122,TCP,41859,443,7716.582592,12.8436231,Camera,Brute Force,1
642.9912337,22.9865585,5.696406032,TCP,16567,21,3372.422759,7.349724532,Sensor,None,0
374.1886829,38.0179591,3.047229584,TCP,48039,22,4358.103613,3.642688179,Sensor,None,0
518.4895991,39.69409791,7.476320603,UDP,63236,443,3215.857707,15.47862804,Camera,None,0
513.6497784,37.36836531,4.074888567,TCP,3028,22,4294.592843,12.76791917,Sensor,None,0
57.90232357,641.7370419,1,TCP,8774,80,1975.413036,1,Smart Lock,Port Scan,1
708.528119,305.0397588,34.94712738,TCP,38949,22,48129.59227,44.82500378,Sensor,Malware,1
252.5659414,326.8441947,13.64358034,TCP,56678,80,31438.04546,39.977255,Sensor,Botnet,1
369.8467253,44.1251307,7.04819768,UDP,9163,80,3790.967744,12.03557185,Router,None,0
592.4838539,42.67623561,3.285647192,TCP,48444,80,2741.19354,13.14408873,Smart Lock,None,0
238.9778756,352.2123989,17.85282502,UDP,55395,3389,27421.60599,14.41005567,Smart TV,Botnet,1
302.3407249,507.5259966,15.0691586,TCP,36432,443,26777.48328,11.81094552,Sensor,Botnet,1
316.8096972,23.45104359,3.319029675,TCP,54351,80,6022.589405,7.557137341,Smart Lock,None,0
599.1688772,32.79241554,7.737569264,UDP,8260,21,4366.332934,9.135143626,Sensor,None,0
394.8992055,25.13577627,5.002094372,TCP,21442,8080,3769.194135,12.38569066,Smart Thermostat,None,0
643.5607382,30.75399543,4.664251861,ICMP,10650,22,4731.813394,8.006239983,Camera,None,0
34.1266566,473.5854507,1,UDP,29509,23,1432.113047,1,Smart Thermostat,Port Scan,1
581.1937462,23.55139693,5.680880887,TCP,19400,21,3082.291025,6.434833436,Smart TV,None,0
918.819344,283.3272447,28.84610877,TCP,62441,22,63885.46302,50.2385104,Smart Thermostat,Malware,1
400.5349805,43.09525637,7.680508802,TCP,21065,8080,3760.528935,7.587550115,Router,None,0
547.1769084,34.61146391,5.640583368,UDP,9814,21,4288.838352,9.000625702,Router,None,0
392.4693431,48.11267682,4.296561677,UDP,11243,443,4658.910584,16.60330942,Sensor,None,0
220.8868203,510.4244582,19.57949719,TCP,26132,80,22334.7719,24.01192356,Sensor,Botnet,1
558.4182257,31.3911174,4.808232795,UDP,39432,21,5259.705853,9.64291448,Camera,None,0
60.25623712,635.3710634,1,ICMP,60846,80,1545.285404,1,Smart Lock,Port Scan,1
416.1641102,11.10602412,2.801076226,TCP,35986,8080,4726.396513,9.723872384,Smart TV,None,0
235.7014754,168.5188224,9.161524359,TCP,41371,80,6086.195629,7.177623029,Camera,Brute Force,1
442.2900001,26.04356446,3.980045647,UDP,36939,8080,4077.856724,8.888160839,Smart Thermostat,None,0
722.1024361,39.51165171,6.412760293,UDP,61449,80,3662.162669,11.86375483,Router,None,0
288.5076115,467.0132694,20.83916348,TCP,44730,443,32461.40907,24.38111698,Sensor,Botnet,1
85.7603722,618.6990084,1,UDP,44497,443,1859.986912,1,Smart Lock,Port Scan,1
730.7397183,237.8429773,21.3043569,UDP,18912,23,51816.32462,34.55075148,Camera,Malware,1
58.42406651,735.9636982,1,UDP,9189,22,1651.025609,1.577563923,Smart Lock,Port Scan,1
542.3152645,49.12954808,5.932355324,TCP,5489,8080,3589.660027,9.238111966,Sensor,None,0
718.3197347,143.4963678,17.28365793,UDP,33811,80,52893.60625,43.52068429,Camera,Malware,1
1360.581307,1046.921235,1,UDP,36414,80,68675.44557,1.888646793,Router,DDoS,1
446.3410811,29.50441162,4.769002241,UDP,63642,8080,4650.249006,11.78066408,Smart TV,None,0
506.2037986,34.81028665,6.015456903,TCP,8539,21,6121.143403,10.70329335,Router,None,0
394.0745883,22.53805246,2.858186008,TCP,65422,8080,4336.623707,3.700294043,Camera,None,0
278.4914526,312.9209741,14.45444354,UDP,57769,443,28600.00595,21.19019322,Smart TV,Botnet,1
760.0019529,178.2164686,31.34422405,TCP,12082,443,70129.79079,39.79272857,Router,Malware,1
251.9152051,86.60548658,16.69705549,TCP,41605,80,7423.151844,27.97946347,Smart TV,Brute Force,1
305.8324824,50.97510614,1.476366078,TCP,17120,80,2553.054479,11.70005172,Smart Lock,None,0
567.8184055,3.981116849,5.410821054,TCP,59849,8080,3506.531791,11.97845264,Smart Thermostat,None,0
69.74557798,750.8734681,1,TCP,48567,22,2152.027558,1,Sensor,Port Scan,1
563.8679224,28.8050809,1.271253604,TCP,62588,80,4244.060226,11.50995209,Camera,None,0
225.6641778,166.3998998,16.86546761,ICMP,15314,80,9538.998626,11.64276057,Smart Thermostat,Brute Force,1
606.6952781,24.57996096,3.611913352,UDP,48702,80,4825.713641,12.30968794,Smart Thermostat,None,0
198.8418771,155.3573128,5.414332388,UDP,23290,22,6936.136275,18.97227255,Smart Lock,Brute Force,1
433.9981306,48.14675349,5.010646013,ICMP,16322,443,4307.108363,9.803107954,Smart Thermostat,None,0
710.931976,19.70397405,3.549211485,TCP,47275,22,5274.590665,11.87257934,Router,None,0
428.0962718,27.2168244,1.925114102,TCP,39381,22,3944.063006,15.30724998,Router,None,0
275.3413397,18.50840709,5.020671126,TCP,8391,22,2785.331673,12.14234125,Sensor,None,0
665.3283484,29.97749755,6.630632144,TCP,40737,443,3238.008476,13.27197981,Smart Thermostat,None,0
589.23284,46.45332668,6.949935689,TCP,33725,21,6571.930145,11.86732314,Smart TV,None,0
1386.13751,786.7585451,1.012599726,TCP,20709,23,82573.3233,1.217030877,Smart Lock,DDoS,1
424.4786467,2.49851508,6.297510596,UDP,6584,21,5392.821849,10.05028737,Smart Lock,None,0
783.9397719,265.5389978,21.93030674,TCP,54990,23,32072.22661,16.39124314,Router,Malware,1
528.5282723,24.05850044,2.107884291,UDP,20761,22,4232.676211,10.06555644,Sensor,None,0
608.4052518,34.9713624,6.063171971,TCP,6571,22,2492.883214,3.989892612,Router,None,0
452.124227,27.317668,1.556097461,TCP,12619,443,5493.301562,15.46189779,Smart Thermostat,None,0
961.9306036,250.7954642,20.10581844,TCP,37370,22,55580.91553,37.21219999,Smart Lock,Malware,1
52.82606009,680.2573081,1,UDP,44319,22,1761.496513,1.486229401,Camera,Port Scan,1
441.1764664,26.56271328,6.602714473,TCP,33283,8080,3595.143668,10.55276567,Camera,None,0
330.4830773,16.84970894,2.237672137,TCP,58173,8080,5362.458244,4.312044403,Smart TV,None,0
894.5934417,186.8017979,34.94976561,TCP,8364,3389,47536.83573,18.49752893,Smart Lock,Malware,1
567.5975688,31.14584437,5.659887077,UDP,19817,8080,4878.058579,5.880990949,Smart Thermostat,None,0
1329.570735,846.8829619,1.107846218,TCP,40581,22,66046.81614,1.95767947,Camera,DDoS,1
650.7702697,32.73988473,4.546989508,TCP,39159,21,3809.437686,7.740859782,Smart TV,None,0
1556.219393,919.7904406,1,TCP,10991,23,104211.2894,2.414147886,Smart Lock,DDoS,1
389.9719769,464.1734105,15.50270052,UDP,50775,23,29664.78522,14.28296375,Sensor,Botnet,1
610.8384986,12.49784535,2.356857576,TCP,27962,22,3706.133103,6.208749042,Sensor,None,0
503.6903058,19.14764709,6.010992088,TCP,24853,22,3464.970546,12.78167946,Smart Lock,None,0
175.2793072,209.2143311,10.45551554,TCP,54139,22,7501.882158,12.58809967,Router,Brute Force,1
804.2083416,283.895278,37.40677704,UDP,39760,22,55941.87554,40.1198601,Camera,Malware,1
603.6839176,282.7999328,32.5856716,UDP,59735,443,45907.82293,28.78502371,Smart Lock,Malware,1
557.2892688,47.1910907,4.227108476,UDP,61326,8080,7271.026122,6.42255422,Smart Lock,None,0
593.8820411,28.09348942,7.342494187,TCP,14081,21,4730.774691,5.283879233,Sensor,None,0
579.204499,49.16444877,3.473121365,TCP,7541,8080,4660.442567,11.4937688,Camera,None,0
617.5914932,17.12882843,4.756511086,UDP,48960,80,4443.88663,11.90313896,Sensor,None,0
464.0882355,19.84932094,9.097511302,ICMP,17426,80,3079.149602,12.56505797,Router,None,0
1488.764541,984.753809,1.060246638,UDP,46320,23,78761.18188,2.768861058,Camera,DDoS,1
200.285292,125.5391162,9.095630572,TCP,52657,23,9345.192587,12.76174079,Camera,Brute Force,1
823.4847353,295.1644243,37.65193547,UDP,53739,443,47682.59113,34.79046573,Smart TV,Malware,1
619.4841663,40.59223739,7.051673686,TCP,2195,21,2916.301173,11.03381471,Smart Lock,None,0
66.77449174,658.4866823,1,UDP,24706,22,1918.443616,1.373768255,Router,Port Scan,1
352.7877519,29.49525927,3.216941091,UDP,60881,80,4522.360214,9.303622929,Smart Thermostat,None,0
903.6377602,293.0449198,31.74994263,UDP,8675,80,54209.42024,49.66882944,Camera,Malware,1
581.528291,40.54041596,4.13308934,UDP,11174,80,5687.995441,1.497265652,Smart Lock,None,0
297.6227953,25.15100007,7.457630005,ICMP,23214,21,4975.137547,4.669933697,Sensor,None,0
486.1192589,31.89640499,2.884247471,TCP,29847,21,3567.88824,10.29277978,Router,None,0
1575.718767,994.5115398,1,UDP,43185,23,121973.7474,2.543606257,Smart Lock,DDoS,1
633.1657928,243.0347449,26.95492659,UDP,51787,3389,55191.84581,41.25026687,Smart TV,Malware,1
382.4746395,40.25932132,1.977554627,TCP,61115,443,3904.1655,4.875736884,Smart TV,None,0
510.930796,25.89950383,8.512376136,TCP,10680,21,3095.12739,8.308669063,Smart TV,None,0
576.4965083,24.61228682,7.295625321,TCP,1921,80,2313.531849,7.521311601,Smart TV,None,0
271.7594129,400.0526567,16.20263213,UDP,30224,22,36156.93768,12.64830638,Camera,Botnet,1
1339.617394,1274.610194,1.375107947,UDP,35496,22,82392.13673,2.358674531,Router,DDoS,1
389.5810407,324.7911279,23.41621452,TCP,59504,3389,27873.61233,34.59373677,Router,Botnet,1
249.2137132,281.4368416,21.84202174,UDP,16531,22,36248.45405,42.97837536,Camera,Botnet,1
746.5454114,30.78450131,4.876669362,TCP,28106,8080,2976.352238,10.6096208,Router,None,0
630.819924,22.66605665,3.918204619,ICMP,2099,8080,4768.483737,9.730776584,Camera,None,0
610.9639036,34.46141004,6.855091555,UDP,29048,80,2656.101088,11.26108638,Smart TV,None,0
1854.679945,709.5245216,1.077027604,UDP,24010,3389,122462.4479,1.719986871,Smart Lock,DDoS,1
735.6668018,326.88528,31.66723907,TCP,36412,3389,39873.37751,44.80752809,Smart TV,Malware,1
990.9520647,238.3868121,34.26199857,TCP,14850,443,48636.08223,28.41295708,Smart Lock,Malware,1
60.25092937,674.5887327,1,UDP,60000,23,1599.304503,1.551444554,Smart TV,Port Scan,1
714.8854171,275.6103007,30.51116969,UDP,56518,3389,52047.8261,41.6234098,Smart Lock,Malware,1
331.7811925,441.6336599,16.47069589,UDP,49600,80,38039.27872,20.59411776,Smart Thermostat,Botnet,1
768.1263495,27.29603058,5.838929786,TCP,28026,21,4011.716418,2.849833891,Smart Thermostat,None,0
447.2244981,46.09164969,6.132802705,ICMP,25853,22,3555.555476,11.83406326,Smart Lock,None,0
431.994437,23.69038403,7.11437854,ICMP,21427,443,3468.653667,3.865815211,Smart TV,None,0
312.7414017,349.9996763,20.4617863,ICMP,44117,80,29242.53372,24.69027013,Sensor,Botnet,1
230.4251979,152.9702887,13.97355469,TCP,20502,23,10036.51329,13.24698507,Sensor,Brute Force,1
447.8360632,33.6935806,4.013556309,TCP,16164,80,5291.029055,10.78426124,Smart Lock,None,0
435.4626384,42.28420812,3.720993218,TCP,53810,8080,4247.947561,9.575813494,Router,None,0
741.5911164,235.5515649,35.1319516,TCP,24626,22,40804.93768,23.06818056,Router,Malware,1
608.9913691,32.98431236,5.758688698,TCP,39315,80,4927.250507,15.31239317,Router,None,0
700.1541228,344.797765,42.70265226,UDP,19287,443,43538.18639,36.41523177,Camera,Malware,1
322.2399054,375.2615421,17.65785678,TCP,45898,23,35980.75611,23.03846116,Router,Botnet,1
184.2988476,64.18681808,19.80912369,TCP,54178,23,5709.267707,11.76155581,Router,Brute Force,1
616.8396214,42.41959997,7.260198633,TCP,14570,80,4519.660573,6.707986976,Smart Thermostat,None,0
57.83334413,458.4123162,1,ICMP,6702,3389,2043.639218,1.063509628,Smart Thermostat,Port Scan,1
774.2304002,273.9734402,17.30695633,TCP,49797,3389,51521.92882,55.47739715,Camera,Malware,1
630.4504627,28.95588959,7.317601721,TCP,63080,22,2787.682572,12.27927092,Smart Thermostat,None,0
462.788563,19.55777984,5.152188958,TCP,57912,8080,3109.391703,7.842439312,Router,None,0
623.1286364,23.78623392,3.748990696,ICMP,21796,21,4208.665899,12.28345165,Router,None,0
471.2601637,26.21714783,3.083081789,TCP,2714,80,4797.8592,8.608765187,Smart TV,None,0
670.4033501,11.58963833,5.188640313,UDP,51536,22,2266.698955,8.812246107,Smart Thermostat,None,0
1729.741521,760.8067717,1,UDP,37474,3389,85165.59748,2.525843015,Smart Lock,DDoS,1
267.8262002,465.9253181,17.07166481,TCP,21348,3389,23939.93603,22.24971113,Smart TV,Botnet,1
291.0923566,380.4610695,22.50775463,TCP,45638,3389,37491.39468,20.95556889,Smart TV,Botnet,1
1438.011163,1169.367867,1,UDP,6288,80,94055.91609,2.130009697,Smart Thermostat,DDoS,1
280.4183363,415.1571127,19.26658339,UDP,58793,443,17408.86935,1.603938071,Router,Botnet,1
511.7602297,53.37845119,4.243921417,ICMP,38328,8080,3648.475265,10.74680173,Smart Lock,None,0
44.24025001,544.4472159,1,UDP,10379,3389,2300.382522,1.157189443,Smart Lock,Port Scan,1
754.1851775,13.07439326,4.223046349,UDP,14527,8080,4013.401858,9.297753781,Router,None,0
500.8081441,22.31357195,4.506228288,UDP,26629,80,4589.850246,17.40758811,Smart TV,None,0
329.2869682,27.9978719,7.091661184,TCP,54489,22,2651.324344,9.310002412,Router,None,0
34.09934864,680.2331939,1,UDP,21358,23,1913.755402,1.25163811,Smart Thermostat,Port Scan,1
71.91854873,710.4107417,1,TCP,8530,3389,1886.050467,1.450172393,Smart Thermostat,Port Scan,1
65.9869597,600.4099061,1,TCP,5733,443,3131.687665,1.058227489,Router,Port Scan,1
473.8988952,44.89638091,6.298092258,TCP,37931,21,3871.305761,7.142465296,Smart TV,None,0
1525.14132,824.9993678,1,UDP,37485,22,91724.5352,1.891919222,Router,DDoS,1
529.1621074,26.86057545,3.067629256,TCP,49622,80,5613.44096,10.60949943,Smart Thermostat,None,0
406.1506552,20.08449687,2.707398189,TCP,46421,443,2088.18484,9.860938892,Smart Thermostat,None,0
207.8040622,132.314403,15.72510008,UDP,46848,3389,5341.964956,17.86804433,Camera,Brute Force,1
1600.386968,656.9009912,1.25878571,TCP,61466,3389,52793.75108,2.622793574,Smart Thermostat,DDoS,1
380.6078667,32.26873018,7.02562741,TCP,25344,80,3203.042347,12.60154544,Smart TV,None,0
609.0304162,32.90133327,8.588463559,TCP,22981,80,4366.336969,7.25633486,Camera,None,0
722.9101503,174.0470863,38.61586537,UDP,44120,3389,54091.10199,48.20872111,Smart Lock,Malware,1
67.57904532,584.7977216,1,UDP,36692,3389,2169.740444,1.58083084,Smart Lock,Port Scan,1
279.5203555,502.0889633,23.13592887,UDP,30728,80,33485.43219,30.79307611,Smart Lock,Botnet,1
493.4462143,32.30489643,3.547060791,TCP,20361,22,3251.242012,7.680719515,Smart Thermostat,None,0
516.4247985,34.87883342,6.053396084,TCP,23203,80,2638.983072,15.92056431,Smart TV,None,0
327.1182067,399.0471319,18.35965869,UDP,53449,22,22071.90969,18.66125855,Smart Lock,Botnet,1
462.9173162,28.27128918,6.929101364,TCP,34515,80,3803.995702,8.973541328,Smart TV,None,0
818.5115537,303.887739,30.26907487,TCP,37387,22,28492.3813,48.14500472,Router,Malware,1
514.2555848,26.00451058,4.457247014,TCP,46669,443,4691.062566,14.30793437,Smart Lock,None,0
1674.878063,933.586946,1,TCP,33415,80,113610.0596,1.878655946,Smart Lock,DDoS,1
705.1932745,52.67644204,2.938565936,TCP,22147,21,3222.394072,8.109752469,Smart Lock,None,0
567.7928784,31.70938371,3.443752316,TCP,34514,21,4775.7523,2.744157152,Smart Thermostat,None,0
968.0214243,278.9892727,27.27607619,ICMP,21526,3389,60945.84316,38.7203056,Camera,Malware,1
189.9032535,127.0475191,11.26418735,UDP,27164,80,8937.394651,19.73040713,Camera,Brute Force,1
566.1430074,33.95509106,1.8658835,TCP,41626,8080,3634.530406,5.872259234,Camera,None,0
321.7533292,387.088074,16.07572979,TCP,36852,80,23970.67855,18.68755277,Router,Botnet,1
47.35255697,539.4947886,1,UDP,38241,23,1482.544351,1,Sensor,Port Scan,1
484.2696019,11.69094174,6.856593983,TCP,50713,80,2930.247589,8.03715017,Smart Lock,None,0
485.4765901,33.61001104,6.432391479,TCP,44953,443,4007.989309,12.37854136,Smart Thermostat,None,0
877.7579676,263.9732056,39.03542945,UDP,51317,3389,44993.07976,29.09016874,Smart Thermostat,Malware,1
1049.152783,303.8056133,22.28013506,TCP,41297,23,49315.12465,26.49378624,Smart Lock,Malware,1
178.6019981,140.3197639,9.431991847,UDP,22578,3389,7247.943069,15.20854219,Camera,Brute Force,1
642.3371003,32.10864602,4.647573882,UDP,5698,8080,4302.258218,9.659938006,Smart TV,None,0
285.5928087,25.55878546,6.518770418,TCP,46533,8080,3934.954327,13.50923854,Router,None,0
1322.691328,952.8586724,1.056436493,UDP,31536,3389,43095.80542,1.855700625,Smart Lock,DDoS,1
1871.569579,1302.830754,1.489809876,TCP,48712,80,110997.8407,1.942294101,Smart Thermostat,DDoS,1
62.5919978,648.3537432,1,UDP,14368,3389,1890.127428,1.024867168,Smart TV,Port Scan,1
1517.892413,1121.97963,1,UDP,14128,23,86645.41192,2.512419237,Router,DDoS,1
1182.649532,836.5589006,1.274523557,TCP,39442,3389,108171.7588,2.662071923,Router,DDoS,1
1133.802894,763.6833638,1,TCP,62602,23,127504.7684,2.055635723,Router,DDoS,1
44.76210909,647.02053,1,TCP,7773,22,1919.220547,1.309717867,Smart Thermostat,Port Scan,1
498.5216848,27.79032682,4.793159773,UDP,50869,8080,4947.64961,6.666685297,Router,None,0
1560.518182,899.477112,1,TCP,14358,22,60564.11163,1.327888349,Sensor,DDoS,1
732.2529396,175.5619477,18.14506374,TCP,30941,443,42715.54588,28.73855754,Camera,Malware,1
506.7372008,20.18912842,4.172789515,TCP,39456,22,2784.497141,5.759448029,Camera,None,0
687.2421116,26.99691742,6.917613312,UDP,36312,443,3789.281021,9.012838984,Router,None,0
424.6894956,23.63384717,6.082263222,UDP,6495,443,2314.402683,11.61410332,Camera,None,0
458.1816706,33.84429438,1.868945545,TCP,39578,8080,5050.53365,9.630459113,Smart TV,None,0
457.5377575,25.07783147,2.083738877,TCP,3974,8080,5265.943584,11.66317401,Smart Thermostat,None,0
390.1729135,39.80673294,6.940995962,UDP,37315,22,3892.466256,11.66299001,Smart Thermostat,None,0
235.7637685,43.74471216,4.719729743,UDP,45741,443,2470.613934,9.940885432,Sensor,None,0
212.7944721,130.2132632,13.08421468,UDP,14258,22,8107.856431,11.54615122,Smart Thermostat,Brute Force,1
435.9857183,25.88361678,7.72528528,TCP,27796,8080,5610.936995,17.64798386,Smart TV,None,0
225.2615201,134.7559466,16.97883628,TCP,18416,23,8500.706138,11.5086019,Smart Thermostat,Brute Force,1
451.6204788,35.41130838,3.344831519,TCP,18906,21,4995.938685,8.186204151,Smart Lock,None,0
527.8593588,31.16685809,5.437377193,UDP,42102,80,4678.913563,10.20273721,Sensor,None,0
572.2823407,17.95983086,4.869676764,TCP,59328,8080,4987.323094,11.01247942,Smart TV,None,0
48.14863245,737.7262848,1,TCP,19457,23,2510.701926,1.255952847,Smart Thermostat,Port Scan,1
325.4434253,23.77179163,6.488817467,TCP,44032,80,3276.66534,10.1955072,Smart Lock,None,0
459.0183423,47.23893828,6.324290563,TCP,21111,443,3971.686664,7.696133699,Smart Lock,None,0
377.649859,31.6561215,4.888109136,TCP,37275,443,3071.675869,11.45706688,Smart Thermostat,None,0
670.7714179,26.06947062,7.734803055,TCP,31667,21,4256.694499,12.55969799,Smart Lock,None,0
62.82185623,650.1734516,1,TCP,23426,80,2621.827781,1,Smart Lock,Port Scan,1
538.2913801,42.59114849,4.810069379,ICMP,11989,8080,4394.237649,7.841555362,Camera,None,0
515.2689739,41.50223758,1,TCP,11227,22,4141.095382,11.71434768,Sensor,None,0
835.4420476,308.3270101,16.69640815,UDP,37719,22,53431.90756,25.9576613,Smart TV,Malware,1
205.3017434,383.5427873,17.18660317,TCP,43666,80,27001.28795,24.232302,Smart TV,Botnet,1
1400.690015,917.3028941,1.121264541,ICMP,44593,443,89868.30961,1.735053119,Camera,DDoS,1
472.3355787,40.54533697,5.649755249,UDP,65343,443,5426.326977,15.12860385,Smart Thermostat,None,0
164.7318498,164.7197879,15.78878344,TCP,12072,3389,7717.939265,18.87351694,Smart Thermostat,Brute Force,1
220.3031838,120.6013351,10.72955473,TCP,18079,23,8261.202602,16.51302463,Smart Lock,Brute Force,1
49.40635645,654.1263218,1,TCP,46183,23,1314.610623,1,Smart TV,Port Scan,1
69.93318004,503.5166975,1,UDP,25581,22,2127.532354,1,Smart Lock,Port Scan,1
51.15695558,766.0927016,1,UDP,55978,23,1709.699055,1,Smart Thermostat,Port Scan,1
299.1558018,334.7024619,21.6216774,TCP,40043,443,26925.59869,31.93737435,Camera,Botnet,1
206.3459762,132.3580874,10.84649532,ICMP,64712,22,7646.038959,19.81156339,Smart TV,Brute Force,1
382.0277687,32.76414364,6.991078656,ICMP,52807,8080,4571.174066,7.085143681,Smart TV,None,0
473.9427664,32.7734418,4.010503139,UDP,35078,80,4620.372394,11.32666619,Router,None,0
398.2602143,28.11752962,5.643582738,TCP,10198,8080,4566.408677,8.212890174,Smart Thermostat,None,0
492.8982113,44.13524352,6.234267844,UDP,47867,21,3010.244214,13.67237631,Smart TV,None,0
1572.859604,422.7543936,1.147601852,UDP,5537,22,82256.58,1.355517592,Smart TV,DDoS,1
50.06796422,525.5616681,1,TCP,45600,23,1685.763007,1,Router,Port Scan,1
475.6469668,33.7604437,2.029889042,UDP,57428,22,3439.245836,9.933256615,Camera,None,0
338.0196012,364.0266769,18.8520824,ICMP,11739,443,26087.38577,22.13547464,Smart Lock,Botnet,1
477.7266878,38.48866536,3.602473162,UDP,3844,8080,5054.956095,10.42162298,Router,None,0
320.6713256,36.99196732,9.105369964,TCP,51038,22,3857.996786,11.8457703,Smart Thermostat,None,0
811.7781025,240.9174436,39.63219354,UDP,26079,443,49934.27752,37.68654434,Camera,Malware,1
863.7191934,233.6032584,28.57101156,UDP,57348,443,44071.37271,27.19053077,Smart Thermostat,Malware,1
626.2225833,14.84308078,2.504744402,UDP,29547,80,3633.313597,15.01336369,Sensor,None,0
705.7842233,349.3110784,27.61172964,UDP,62680,443,54399.71562,47.96705438,Smart Thermostat,Malware,1
598.4634171,26.06258828,6.042334511,TCP,1377,80,4829.519042,4.020818887,Smart TV,None,0
62.31548324,606.7164304,1,UDP,5807,80,2130.740699,1.246166482,Smart TV,Port Scan,1
508.1563965,14.43284048,2.361939633,UDP,12628,22,4579.269812,4.823095525,Camera,None,0
301.8317801,18.75859482,5.011062277,TCP,20491,21,2191.762445,3.618707369,Smart Lock,None,0
506.4149495,28.80831163,7.339076295,TCP,16399,8080,3493.397304,13.81864831,Sensor,None,0
459.687293,49.05060214,5.071152954,UDP,48994,8080,4131.057826,11.09642342,Smart TV,None,0
532.4353936,27.75079712,4.509864857,TCP,17986,8080,3384.302476,10.49164231,Router,None,0
1419.423406,753.4781469,1,UDP,64069,3389,86794.80126,1.768469541,Router,DDoS,1
482.0920298,35.49190494,5.400799001,UDP,51252,80,4492.591552,9.007400795,Sensor,None,0
244.4962533,32.57640421,6.690966217,ICMP,52108,8080,2842.535368,7.103946416,Smart TV,None,0
378.6760776,48.9216883,5.932985633,TCP,4704,443,4771.036217,8.760670142,Router,None,0
556.9779587,23.07985051,6.444548294,TCP,19100,8080,4611.00196,5.113007305,Smart Lock,None,0
68.78150382,593.1103134,1,TCP,40307,23,1731.707638,1,Sensor,Port Scan,1
473.3332763,15.29193705,2.968841838,UDP,5214,80,5996.730892,18.7415874,Router,None,0
713.2063817,32.39149285,5.540970772,UDP,50047,22,3865.972779,8.175280812,Smart Thermostat,None,0
361.788966,434.0018075,8.976785919,UDP,43795,3389,26237.4244,37.15079605,Camera,Botnet,1
508.120551,29.71982215,5.38636316,TCP,27973,21,4422.289019,13.2053862,Smart Lock,None,0
60.49328874,752.9569387,1,UDP,26095,443,2090.25877,1,Sensor,Port Scan,1
335.8469267,20.18900633,3.553528628,TCP,55221,443,2577.948234,7.534494111,Smart TV,None,0
64.08971975,575.3872794,1,UDP,7738,23,2042.063154,1,Router,Port Scan,1
239.6524468,430.9486347,8.730289746,UDP,61587,3389,27698.83324,31.71195769,Smart TV,Botnet,1
414.5114152,35.86582337,5.391636776,UDP,56621,21,2561.224873,11.25849182,Sensor,None,0
429.1151583,33.15605004,7.411707242,UDP,31175,443,1852.71097,9.512002238,Sensor,None,0
432.8635108,25.5299054,2.555991226,TCP,12176,22,2887.668085,12.220853,Camera,None,0
425.1150272,30.7579155,6.794722918,UDP,23018,8080,5388.148283,9.050131585,Router,None,0
630.8688305,28.38374236,6.392661763,TCP,14882,443,3909.341824,6.293127702,Smart Lock,None,0
412.4507367,33.77970998,5.905076838,TCP,16708,8080,5577.768205,6.797218693,Camera,None,0
492.8304585,38.76830896,3.932731502,TCP,55199,80,3267.495945,8.797004564,Router,None,0
497.9795932,48.22055221,1.95560145,TCP,3416,8080,4102.472367,9.272142858,Sensor,None,0
363.4887206,19.75737666,4.811757871,TCP,33131,8080,4607.053435,10.22096978,Smart Lock,None,0
1427.292921,906.4133484,1.077750962,TCP,20773,22,83841.25796,2.399971177,Sensor,DDoS,1
339.6899229,33.79752188,6.480446127,UDP,18398,8080,4537.42977,7.858014708,Sensor,None,0
74.13225786,695.0881359,1,UDP,35508,3389,2116.847704,1,Smart Lock,Port Scan,1
1510.421192,541.5301688,1,ICMP,65036,22,113318.4306,2.661669348,Sensor,DDoS,1
573.7328147,36.31238328,5.960482305,TCP,6748,8080,4787.482704,9.86332562,Sensor,None,0
368.5527573,46.14113923,5.20180307,TCP,13121,80,3350.876878,7.873122937,Smart Thermostat,None,0
595.3918703,31.80363943,3.687890127,ICMP,33328,80,5579.185503,11.48366997,Smart Lock,None,0
293.981348,280.8404878,36.95496181,TCP,2023,80,35814.21528,38.60691163,Smart Lock,Botnet,1
647.9436492,27.7840383,6.991269612,UDP,12437,443,4141.169019,4.730569838,Smart TV,None,0
426.3227838,44.51178849,4.118695157,TCP,4182,8080,3380.334066,11.41340888,Smart Lock,None,0
532.4411887,21.36654735,4.70494264,TCP,63038,80,4999.824247,6.824391754,Sensor,None,0
657.2047631,38.74342428,7.162749588,UDP,15504,443,4089.509,9.288220843,Smart Thermostat,None,0
615.5189087,32.72645263,3.877033946,TCP,26732,8080,4001.339847,14.41886072,Router,None,0
635.8779131,35.83525092,6.307365418,TCP,32926,21,2181.242231,5.496821699,Router,None,0
1652.42573,645.8328877,1.628045996,UDP,45450,3389,92696.89857,1.697779342,Router,DDoS,1
1528.750095,1060.924393,1.093619927,UDP,8096,22,89975.14056,1.710357533,Smart TV,DDoS,1
305.1339337,449.6637951,27.1560334,TCP,1090,3389,36123.13184,19.9675029,Sensor,Botnet,1
1055.423431,1143.242476,1.404826065,TCP,25705,443,88700.0108,2.673454646,Sensor,DDoS,1
75.68932537,617.0437235,1,UDP,38035,80,1825.857615,1.062603557,Smart TV,Port Scan,1
583.5694269,39.35108761,6.82245601,TCP,57715,22,4228.460682,11.89712858,Smart Thermostat,None,0
215.7041827,162.3997987,2.859486549,UDP,14398,80,8236.761586,18.78984137,Smart Thermostat,Brute Force,1
371.0280783,38.76543604,5.540190868,UDP,23224,22,4468.552779,11.97366403,Smart TV,None,0
541.6025787,32.67617509,4.620512592,UDP,42116,21,2884.066141,16.45065764,Smart TV,None,0
180.8605776,156.7674542,15.99546031,UDP,20463,3389,6610.216735,21.68056369,Camera,Brute Force,1
283.3099849,56.11102678,3.851311783,TCP,35140,21,5061.090258,7.934563267,Smart TV,None,0
310.47968,415.7787102,26.01745921,TCP,61544,443,34415.90463,11.31539022,Smart Lock,Botnet,1
58.37849657,659.437205,1,TCP,18376,443,1489.531085,1.032273643,Router,Port Scan,1
373.248151,37.55251776,5.702619352,ICMP,29120,21,4208.649582,13.59918934,Smart Lock,None,0
545.7525668,21.84173352,3.072449626,TCP,17114,8080,3008.893684,12.90399641,Sensor,None,0
303.4098673,453.5803277,22.41051146,UDP,22716,443,34989.34813,33.71752426,Router,Botnet,1
648.236924,302.7217904,46.02747494,ICMP,35056,80,48380.05144,30.58558249,Sensor,Malware,1
395.6709866,35.62299845,6.940322947,TCP,32901,22,2635.846141,12.57929219,Smart TV,None,0
784.2787479,228.1392317,21.4776691,UDP,25915,443,32622.48857,38.44127035,Smart Thermostat,Malware,1
258.2366417,429.8450476,24.74904903,TCP,26834,22,24208.49689,18.91512003,Smart Lock,Botnet,1
714.2744898,38.86826329,3.643300242,UDP,54011,21,3483.375238,12.27449265,Sensor,None,0
296.4461619,359.6618866,21.19049345,TCP,55085,23,20746.90737,17.2920478,Camera,Botnet,1
615.2881169,10.4718447,1.05233226,TCP,49800,443,4170.176943,8.613618774,Smart Thermostat,None,0
297.9428892,462.9279788,18.80664478,TCP,16627,443,25145.96685,15.06803618,Smart Lock,Botnet,1
406.3455051,10.45728613,8.472050292,ICMP,25297,80,4898.171791,7.814156912,Router,None,0
69.27148958,780.0603736,1,UDP,65142,23,2021.17363,1,Router,Port Scan,1
562.0043382,7.805257414,7.939874462,TCP,30182,21,3097.888862,5.34247758,Router,None,0
609.0991523,18.48406467,7.227319413,TCP,19854,21,4258.246187,11.45536768,Smart Thermostat,None,0
870.9836055,307.3406516,24.7467659,TCP,4010,3389,44499.30891,33.99691286,Smart Lock,Malware,1
253.0893445,234.8508792,14.61556914,TCP,29506,23,31407.54281,20.21178095,Smart Lock,Botnet,1
611.3290879,55.72517437,3.499996528,TCP,20430,80,3509.77785,7.329937751,Sensor,None,0
431.1596371,41.63495814,4.387595842,TCP,62576,80,3657.155347,11.43907159,Camera,None,0
560.055743,33.56908849,2.823384414,TCP,24730,8080,2270.928853,9.845971425,Smart TV,None,0
356.2894053,36.38759382,5.66308339,UDP,40354,80,3305.534758,5.1491218,Smart TV,None,0
458.7757137,30.34177716,5.601229614,UDP,16037,443,3879.914755,14.13949699,Router,None,0
555.2269608,19.83240425,3.820226119,TCP,62684,443,3259.825896,13.45774774,Smart Lock,None,0
539.2212164,22.67714619,6.831860605,ICMP,62871,443,4562.272872,6.124353195,Camera,None,0
323.8410684,393.3688371,24.76775487,TCP,20013,3389,32619.82547,17.45741187,Router,Botnet,1
570.9058488,18.94015051,4.916164036,UDP,49145,22,5839.502003,11.16565504,Smart Thermostat,None,0
402.511861,7.971506175,5.724249952,TCP,29307,443,2627.485783,12.33206519,Sensor,None,0
1496.821755,831.2757904,1,UDP,37571,80,115151.9051,2.536180127,Sensor,DDoS,1
526.8337888,39.61157214,4.26819151,TCP,19894,8080,1721.310997,11.7680515,Smart Lock,None,0
247.3921704,453.6794636,26.34159069,TCP,23928,3389,30849.77264,13.88886275,Smart Thermostat,Botnet,1
596.9310078,272.9337628,28.38818135,TCP,41041,443,61987.29005,45.26682612,Sensor,Malware,1
132.4558252,42.7242216,7.460516916,TCP,14738,22,5887.340946,9.947415255,Smart Lock,None,0
467.887159,36.58720287,8.15758548,TCP,44376,8080,3388.404192,12.29228812,Smart TV,None,0
464.6782732,25.43843804,5.875311347,TCP,46889,22,4790.393477,12.93875602,Sensor,None,0
666.3253184,34.44393404,4.784999691,UDP,18233,80,3809.777082,11.01431776,Smart Lock,None,0
668.4164462,26.59103421,5.214310146,UDP,64756,8080,3348.62571,10.30050891,Smart Thermostat,None,0
295.919362,401.9027728,26.86724084,TCP,26398,22,31937.73176,9.672564354,Sensor,Botnet,1
1401.70054,625.212768,1,TCP,47644,443,115344.5531,2.220621938,Smart Lock,DDoS,1
533.3999527,16.23956668,3.731338013,TCP,30552,80,3466.20406,10.02162118,Router,None,0
309.8940393,18.38689795,2.756867877,TCP,12195,80,4611.0612,4.481035031,Smart TV,None,0
1538.762163,936.0090952,1.180243165,TCP,5662,3389,79944.04391,2.663595365,Smart Lock,DDoS,1
490.4324523,47.97561167,6.788426657,TCP,1282,22,4044.212378,9.391258046,Smart TV,None,0
361.8962589,29.12123258,6.88057893,TCP,11156,8080,4886.39396,11.47230013,Camera,None,0
990.7839406,319.5672699,26.29484392,UDP,7354,443,40901.78575,34.99363753,Smart TV,Malware,1
591.0473625,30.23864421,4.404183371,TCP,60367,8080,3337.147778,9.621288978,Smart Lock,None,0
385.1795945,44.47058696,4.687157042,TCP,53426,443,4291.205201,17.17803017,Smart Thermostat,None,0
64.13090909,703.2472307,1,TCP,21222,80,1512.472361,1,Sensor,Port Scan,1
504.6854103,34.1541883,5.139917179,TCP,54831,80,3015.951477,8.084271429,Smart Lock,None,0
565.2568698,21.92756195,6.514847636,UDP,9406,443,2655.605197,5.965765761,Camera,None,0
226.9728052,151.7227732,19.90728492,UDP,17851,3389,6995.319115,15.37417594,Smart Lock,Brute Force,1
412.5667418,37.7153326,6.618242622,TCP,44977,8080,4139.924312,7.550274678,Smart TV,None,0
73.61235102,709.7582861,1,TCP,31463,3389,2234.231508,1.246581339,Smart Thermostat,Port Scan,1
581.2881642,20.45208183,6.947788256,TCP,29587,21,3237.676542,7.422381944,Router,None,0
846.0960711,257.0518393,25.9599408,TCP,21799,23,60866.33815,37.59888499,Camera,Malware,1
220.6447227,400.5774765,18.34776602,TCP,20687,22,29476.23513,23.19468966,Sensor,Botnet,1
223.087831,152.8947445,21.23008298,TCP,26377,22,10360.08968,22.9249422,Smart Thermostat,Brute Force,1
59.22969174,425.0823172,1,TCP,25346,23,1783.749805,1,Router,Port Scan,1
1428.680649,888.3524529,1.131521561,TCP,3081,3389,84174.74566,2.25506188,Router,DDoS,1
214.7499233,335.8885793,14.87459683,UDP,8677,22,40093.57949,25.32641854,Smart Thermostat,Botnet,1
214.4502519,139.5700737,19.60344686,UDP,55610,443,7779.022901,27.09120085,Router,Brute Force,1
392.3095135,33.38938522,9.854944089,TCP,3041,8080,3259.670634,9.873741845,Router,None,0
164.1913832,95.75425265,17.84368685,ICMP,40251,80,7653.444109,20.06588172,Router,Brute Force,1
415.0972045,28.8554499,6.019301526,UDP,64024,80,3345.726314,11.0168857,Router,None,0
493.0934405,26.09635675,3.210492025,TCP,34440,80,4511.895912,16.22335418,Sensor,None,0
559.6592893,31.42425736,6.380970708,TCP,33603,21,4625.590394,9.071960381,Router,None,0
223.9679326,139.8630874,15.80238421,UDP,41573,3389,6349.873033,18.93040228,Smart Thermostat,Brute Force,1
285.5145714,440.4717648,24.07397915,UDP,36235,3389,39282.11944,27.17826637,Smart TV,Botnet,1
530.7990477,12.85514105,3.572361006,TCP,44167,21,3487.938581,14.20264558,Smart Lock,None,0
482.3940044,36.13585516,2.327179824,TCP,37279,443,3356.244386,12.56401926,Smart Thermostat,None,0
293.3307261,339.361599,19.22164989,TCP,14284,23,23764.34622,15.39461922,Camera,Botnet,1
411.3948103,23.83824916,3.298360755,TCP,60995,21,2783.396285,11.0051271,Router,None,0
527.5347769,34.69536367,6.842660396,TCP,61319,8080,5450.85668,12.31294477,Smart Thermostat,None,0
395.8890875,30.70496229,3.75797649,TCP,31220,80,3641.392646,11.70091198,Smart Lock,None,0
408.6759316,37.07040725,1.789733597,TCP,17722,80,3824.347196,5.636068381,Router,None,0
729.719049,27.46771297,7.336006771,TCP,57499,22,4721.66196,13.25119234,Smart TV,None,0
548.9643412,46.16874398,5.262054232,TCP,49461,443,3964.389264,5.905775043,Smart Lock,None,0
1347.292348,743.7183887,1.237129064,UDP,50376,443,99963.72909,2.259310175,Router,DDoS,1
534.8879813,26.45412453,1,UDP,7552,443,5575.677592,4.891664164,Camera,None,0
498.0706599,47.78016077,7.494333835,TCP,61634,443,5337.367643,9.85283718,Sensor,None,0
557.2543445,26.77977371,3.70316375,TCP,35074,443,4428.803218,13.39416029,Camera,None,0
516.1685652,48.01642604,6.700974406,TCP,14670,8080,4137.237129,6.246283643,Smart TV,None,0
923.1921595,266.047571,35.41094266,UDP,30676,3389,48900.80683,44.35899195,Sensor,Malware,1
494.1216214,44.86038894,6.929358788,UDP,34163,8080,2356.393718,13.72641586,Smart TV,None,0
405.1533616,37.4282734,4.880663039,TCP,47352,22,3700.826521,2.014103989,Camera,None,0
385.2205024,50.59765899,4.622502596,TCP,38665,21,2259.203569,8.002142813,Smart Lock,None,0
635.9227785,42.64539809,2.156472701,TCP,49702,22,4508.079105,10.58578909,Router,None,0
189.6068048,110.4337728,11.71425171,TCP,19763,3389,9830.794013,19.22526549,Camera,Brute Force,1
1816.065325,945.2184835,1.260797628,UDP,42137,22,91956.5802,2.538434375,Smart Lock,DDoS,1
380.257762,29.15149468,1.799588302,TCP,11200,443,4366.209598,11.25241588,Camera,None,0
623.3125234,18.98585789,2.917757065,TCP,26487,443,2771.409784,9.854285534,Camera,None,0
376.0424929,17.70055512,6.334133701,UDP,47188,443,4556.239135,4.427839499,Sensor,None,0
397.6292003,25.0475138,8.627472141,TCP,63097,443,4718.347961,13.0218972,Sensor,None,0
604.2298325,26.41990694,5.574761419,TCP,53827,80,3093.526051,9.847460149,Router,None,0
334.0714196,29.12072591,5.592066154,TCP,5507,443,1665.822958,9.718043702,Router,None,0
273.8736451,389.8922391,26.51742143,UDP,4298,443,39805.70306,32.24611023,Camera,Botnet,1
232.5306012,131.7084023,14.06882627,TCP,14298,3389,9267.860516,18.67530343,Smart Lock,Brute Force,1
495.5407058,19.79736708,5.20261411,TCP,64245,22,4019.327424,14.20109775,Sensor,None,0
561.1877898,28.94775866,4.20951171,TCP,4916,22,6299.589093,10.27222769,Smart Lock,None,0
204.7963016,143.8806931,9.84529989,TCP,43558,443,8457.978983,18.56990281,Sensor,Brute Force,1
461.3752748,33.31696579,4.95658308,TCP,18246,21,4265.424046,8.873814799,Camera,None,0
619.5030469,20.65760936,3.192931107,TCP,41298,21,2861.673273,8.674924617,Smart Thermostat,None,0
498.5498419,27.89309986,2.568218152,TCP,27482,22,3649.047618,6.933159155,Smart Lock,None,0
480.0082031,40.48264376,3.561128887,UDP,12787,21,4752.784437,7.058137568,Smart Thermostat,None,0
59.56239763,528.5553086,1,UDP,58964,3389,1828.313019,1,Smart Thermostat,Port Scan,1
205.8953446,15.8231583,2.625859147,UDP,62088,443,2492.674352,7.044525903,Sensor,None,0
401.1043134,17.51257389,5.667098023,TCP,2756,443,4546.111831,10.72793281,Smart Lock,None,0
150.5466666,162.7906552,13.99961326,ICMP,51433,3389,6950.641458,20.03285786,Smart Lock,Brute Force,1
357.8378428,40.33809441,1.591800749,UDP,39022,22,3788.453397,11.22925366,Smart Lock,None,0
988.7260131,299.8533943,54.11845377,TCP,62796,22,28028.61369,34.92239137,Smart Lock,Malware,1
330.3789682,39.89064621,1,TCP,1987,21,4148.178878,11.68498542,Smart TV,None,0
281.8633929,345.2985886,21.46773585,UDP,9871,23,33095.96543,23.38679716,Smart Lock,Botnet,1
865.0895289,299.394694,30.49462605,TCP,2001,3389,43939.2841,25.10032996,Router,Malware,1
355.7900239,396.8516752,20.79046316,UDP,60059,443,26717.34022,27.03374723,Smart Lock,Botnet,1
419.1377974,27.38735609,5.037982373,TCP,57664,21,3602.516665,10.16861696,Camera,None,0
426.9491692,41.26943143,6.949315381,TCP,46134,80,3354.403398,12.1979187,Smart Thermostat,None,0
312.4538786,32.28770029,6.934932546,TCP,61115,443,3876.190706,12.22608671,Router,None,0
435.5483613,25.9110091,5.082360041,ICMP,61335,22,2800.882874,11.63163101,Sensor,None,0
477.4169772,25.5663012,7.192284733,TCP,36539,8080,4010.246684,10.00081031,Sensor,None,0
59.97617582,633.7828326,1,UDP,32676,443,1388.307688,1.13916499,Smart Thermostat,Port Scan,1
196.9247987,119.9269359,9.238141442,UDP,16192,443,6788.940441,16.21760276,Smart Thermostat,Brute Force,1
211.4898487,380.6030882,17.14692501,TCP,13383,80,33853.5129,36.56057529,Router,Botnet,1
187.692965,179.7737483,19.91427188,TCP,19193,3389,7211.856068,22.37154578,Router,Brute Force,1
322.1395401,38.51488127,4.985800476,TCP,35898,8080,3832.793163,6.50301598,Router,None,0
622.0426168,39.91066691,3.314375456,UDP,16413,443,3675.403104,7.87446554,Router,None,0
785.1623242,303.2565686,32.71337337,UDP,31217,443,68358.88998,36.81307676,Router,Malware,1
466.4086609,21.43884813,8.25839603,TCP,36031,21,3516.769292,9.952663239,Smart Lock,None,0
346.9346147,463.6391407,26.13050653,TCP,35683,443,33818.40261,43.46107311,Smart Lock,Botnet,1
437.4055595,27.35581287,3.486180254,TCP,64335,21,5385.059627,11.06343686,Smart Thermostat,None,0
334.7221213,44.72014566,5.299684828,TCP,20724,443,4444.726818,9.538944687,Smart Thermostat,None,0
62.97917752,760.2459237,1,UDP,25774,80,1608.514252,1,Smart TV,Port Scan,1
246.3724901,484.3206912,22.858565,TCP,51308,80,48757.03766,25.12376318,Smart Lock,Botnet,1
663.2407687,28.57517576,8.781460352,TCP,37458,80,4640.894159,1.982237253,Smart Thermostat,None,0
425.1676988,24.73493303,2.75014129,TCP,1257,80,4537.433854,15.91658786,Sensor,None,0
464.9871537,52.418378,1,UDP,21631,80,3218.857508,12.6994775,Smart Lock,None,0
311.2446102,482.8560706,28.01795687,UDP,30165,3389,36241.95739,28.49248527,Router,Botnet,1
579.5858528,2.213303583,7.449258715,TCP,7201,80,3111.415375,13.14671115,Sensor,None,0
269.7991018,335.4991589,16.20807757,UDP,33203,22,33720.10328,37.86442827,Smart Lock,Botnet,1
543.51116,21.01982247,1,UDP,56282,21,3646.903669,12.40353512,Smart TV,None,0
587.1318034,20.68926512,3.001710217,TCP,43897,443,2143.688433,9.459078931,Smart Thermostat,None,0
449.6499389,30.11424515,2.985923551,TCP,40512,22,4478.280701,9.96740876,Camera,None,0
1156.402218,666.3313779,1,UDP,20441,80,72378.62948,2.417331453,Router,DDoS,1
846.4787265,124.8276195,28.58006313,UDP,57188,443,51603.63666,15.99827597,Smart Thermostat,Malware,1
367.5511163,35.87259167,5.638800528,TCP,63157,21,5212.518837,9.028624887,Smart TV,None,0
373.6521787,26.65543828,7.600089189,ICMP,25503,8080,5177.411889,11.31726004,Router,None,0
133.0170398,157.1740459,6.049950228,UDP,40587,3389,5419.579514,8.433455262,Sensor,Brute Force,1
701.1116996,273.089173,49.7026747,ICMP,11583,80,76522.91688,15.58291196,Router,Malware,1
380.0345326,19.58412367,7.209358431,UDP,60493,21,4443.812709,11.39010942,Smart Lock,None,0
629.4601897,31.11385061,3.509605058,TCP,48884,80,3575.844742,11.57467109,Smart TV,None,0
1484.367139,1048.702238,1,UDP,36494,23,70150.30781,3.082821318,Sensor,DDoS,1
603.2107417,23.12192483,3.366952327,UDP,62939,80,3038.306001,11.93420287,Smart Thermostat,None,0
832.4076574,269.5612082,21.03324248,UDP,22848,23,55319.20551,42.667276,Camera,Malware,1
297.1569077,406.8199017,26.74846519,TCP,58026,3389,35394.7409,13.95797038,Sensor,Botnet,1
55.22231753,509.0867661,1,UDP,5897,80,1814.48695,1,Camera,Port Scan,1
356.5569231,43.24955679,4.911127665,UDP,45664,22,4782.558826,7.297309014,Smart Thermostat,None,0
349.7777345,27.3592403,3.138792891,TCP,40943,22,2577.399351,5.14340412,Router,None,0
437.4153626,20.56046475,7.602316697,TCP,50753,8080,5247.211421,18.43794774,Smart Lock,None,0
1440.768616,512.2746322,1.062141375,UDP,19097,443,78205.83986,1,Router,DDoS,1
59.39132515,481.5693726,1,UDP,48748,80,1810.577871,1,Router,Port Scan,1
590.7867608,315.3394875,24.96792613,UDP,1252,3389,53904.74643,26.36324929,Router,Malware,1
175.0022293,122.0218386,6.783658054,TCP,26235,80,8188.862134,13.74659171,Smart Thermostat,Brute Force,1
336.0030894,268.8976275,11.95429172,UDP,13492,443,37398.36165,35.35406643,Router,Botnet,1
564.3191366,20.8792149,3.544039029,UDP,48087,8080,4028.14991,8.672420603,Camera,None,0
603.7502235,29.00154626,8.616598189,UDP,41409,22,3828.967878,6.050075714,Sensor,None,0
400.008489,51.58659011,5.939649846,UDP,26409,21,3177.297977,13.71365106,Smart Thermostat,None,0
719.1315574,246.0728488,46.29296442,TCP,13610,80,36336.27952,36.33473645,Camera,Malware,1
560.097576,23.72679074,7.931320337,UDP,34543,22,4482.386237,4.490469393,Camera,None,0
444.5608397,30.49975975,2.850612597,TCP,50468,80,3459.846446,9.834916101,Camera,None,0
383.7256453,25.25813384,3.068375362,TCP,57777,80,3693.989877,15.02307772,Router,None,0
967.2453379,147.856533,51.92755174,UDP,16574,23,60841.56023,30.41686454,Camera,Malware,1
68.68700366,687.9981438,1,TCP,32222,3389,2710.151718,1.189558755,Smart Thermostat,Port Scan,1
47.72047764,565.6992349,1,ICMP,5639,22,2580.634949,1.284055976,Smart TV,Port Scan,1
296.5773565,384.1860894,23.47885906,UDP,14866,443,22526.42838,24.91941572,Smart Lock,Botnet,1
836.2836772,346.4508729,23.14640407,TCP,10380,80,56196.58227,42.14266705,Router,Malware,1
545.4611124,17.65186913,7.884609582,UDP,61647,8080,2954.95629,6.936864518,Smart Thermostat,None,0
559.2118386,29.59657613,1,UDP,24840,80,3641.93733,6.682494454,Sensor,None,0
438.0442884,41.00370681,6.351213266,TCP,61634,21,4573.36247,8.069316625,Smart Lock,None,0
355.0211167,322.4273909,20.00198975,TCP,3916,3389,34769.08923,27.27149886,Smart Lock,Botnet,1
394.2513863,32.17440415,4.928350507,TCP,62831,8080,4107.10503,12.54387623,Smart Lock,None,0
1331.027226,876.0803752,1,UDP,25808,22,108694.2384,2.785436569,Smart TV,DDoS,1
215.8012008,210.431707,19.70468216,UDP,21153,443,8862.246306,15.51562171,Smart Lock,Brute Force,1
319.0341332,343.3890055,17.24869544,TCP,53668,3389,25066.17192,19.60179501,Smart TV,Botnet,1
542.4500574,36.43992679,6.438550474,TCP,35850,22,2916.10371,6.003562733,Smart Thermostat,None,0
1549.511636,973.2290139,1.120975411,UDP,45842,23,86762.5696,2.43468527,Smart Thermostat,DDoS,1
451.9720628,38.39709937,5.297917082,UDP,35100,8080,4376.404571,8.102824729,Sensor,None,0
860.5078916,246.2057495,36.33222401,UDP,3514,3389,44571.0914,32.89823212,Camera,Malware,1
901.4966388,279.4689975,38.0455349,UDP,37339,22,73248.0396,47.78208345,Smart Lock,Malware,1
825.4540632,248.2568373,35.48801671,TCP,50968,23,47320.38192,50.73089662,Router,Malware,1
708.2088755,45.46611411,6.767569923,UDP,45262,21,5382.327446,8.938509887,Smart TV,None,0
849.0106023,227.5682224,43.7816116,TCP,51285,80,57354.46814,31.70880661,Smart Lock,Malware,1
1337.325726,1057.243356,1,UDP,24759,443,79761.37194,1.684284352,Smart Lock,DDoS,1
588.763101,38.19343097,10.2072526,TCP,41492,21,4768.965872,12.45731251,Sensor,None,0
1490.857792,842.8793193,1.331099461,UDP,62722,22,59621.21007,1.896734341,Smart Lock,DDoS,1
367.9206483,27.61563649,4.770444102,TCP,10907,8080,1560.750361,11.51333394,Camera,None,0
156.760066,152.2560723,16.149314,UDP,11373,22,8667.041983,19.38705503,Camera,Brute Force,1
259.3501504,317.895956,18.73435564,ICMP,50502,80,18568.17738,26.21253193,Smart TV,Botnet,1
174.1159818,130.9225734,11.78818089,TCP,53132,22,10266.76297,28.3375833,Router,Brute Force,1
379.8450281,46.8358621,3.938046991,TCP,56899,8080,3587.850622,4.576909421,Smart Lock,None,0
557.6895991,34.46531176,6.330770218,TCP,16427,443,3920.281789,4.937996698,Smart TV,None,0
755.2075446,285.3592012,37.79645621,TCP,39104,23,58710.03177,27.51198274,Router,Malware,1
673.9213761,26.2505531,5.746104637,TCP,4415,8080,3400.250551,14.86021093,Camera,None,0
273.2176809,16.84336445,1.105389669,ICMP,45609,21,2385.518746,7.79755676,Smart Thermostat,None,0
507.3171851,45.20953733,2.691864547,ICMP,32549,21,2615.389052,5.851795317,Smart Thermostat,None,0
496.0046313,18.38065594,3.645451632,UDP,31825,8080,4094.82686,6.316253348,Smart Lock,None,0
259.3143612,342.5631776,19.68019794,UDP,2052,443,24222.51668,21.46381734,Router,Botnet,1
65.18320501,650.1557131,1,UDP,62979,3389,2315.717751,1,Smart TV,Port Scan,1
552.6767169,17.68052778,6.247352653,TCP,15050,443,3710.665012,8.602755975,Router,None,0
464.0616931,23.03340087,5.856965857,TCP,42610,22,2348.474005,11.27405336,Smart Lock,None,0
623.2286896,10.78495469,7.257982202,TCP,36166,443,3416.884928,6.948326977,Camera,None,0
490.4955151,27.97351007,5.746880706,TCP,39300,8080,7101.885804,9.631971337,Camera,None,0
631.1445942,37.83605094,7.838926946,TCP,48256,443,5239.172062,9.72731158,Camera,None,0
134.2169287,161.4381599,11.76062987,TCP,34668,23,7043.324684,26.11324036,Smart TV,Brute Force,1
247.045599,26.35561748,1,TCP,20874,21,5045.532275,13.56290318,Smart Lock,None,0
445.5490718,16.63938245,5.155281153,UDP,27296,443,4198.770677,12.24400679,Sensor,None,0
798.5995384,305.7514812,46.68829866,TCP,47834,3389,53989.6265,30.97730705,Smart Thermostat,Malware,1
497.6290568,21.81729961,1.567502645,ICMP,47842,8080,6276.53869,10.18483104,Sensor,None,0
505.1157229,29.13295299,4.452592008,UDP,45655,8080,3482.985775,12.05211374,Smart Lock,None,0
69.72376621,461.4383204,1,UDP,13464,443,1513.009259,1,Camera,Port Scan,1
224.1720242,190.7938743,13.0769639,UDP,11896,3389,9012.364965,6.016202165,Camera,Brute Force,1
940.050478,571.7032461,1,UDP,1181,22,105548.3643,1.712058555,Smart Lock,DDoS,1
674.5421649,33.76069596,3.322287781,TCP,10890,80,4361.197884,14.0145884,Sensor,None,0
439.9566707,34.85161113,3.944164725,UDP,26807,8080,3442.228654,12.41703592,Smart Lock,None,0
194.3123581,144.4363654,13.57096454,ICMP,4992,3389,5166.822354,26.50111124,Smart Lock,Brute Force,1
492.0568841,25.92269228,5.051924227,UDP,32025,22,4983.239969,8.113163935,Smart TV,None,0
500.2399228,32.81955867,3.602639128,TCP,40379,8080,4135.123452,11.35006202,Smart Thermostat,None,0
619.0971936,42.25161455,3.665698972,TCP,26830,80,5527.532065,13.43797092,Router,None,0
615.4597452,44.4610411,6.139415763,TCP,35516,8080,5073.009286,11.94569751,Router,None,0
244.1277336,134.8419785,18.24856253,TCP,47658,3389,9081.575703,24.01020111,Smart Lock,Brute Force,1
484.9825294,31.1791267,1,TCP,24754,21,4465.289875,12.88706713,Smart TV,None,0
440.9303493,32.00850297,4.252972006,TCP,11313,8080,4888.98318,14.27067842,Smart Thermostat,None,0
466.3119919,45.49890566,4.128539824,TCP,47686,443,6106.884733,8.269454581,Smart Thermostat,None,0
168.2317718,149.4883253,15.23442053,TCP,20039,80,8137.378271,23.91250517,Router,Brute Force,1
762.303652,32.77289531,5.970163534,TCP,14975,8080,5582.829447,7.22956066,Router,None,0
1550.914869,947.500826,1,ICMP,29509,22,84451.3936,3.607265585,Smart Thermostat,DDoS,1
829.592377,169.0248453,36.21225121,UDP,61829,22,46616.96783,53.0430841,Router,Malware,1
521.9881325,17.75530968,2.263681602,TCP,49200,80,3820.480787,8.850438037,Sensor,None,0
836.5554841,270.2144231,22.21536455,UDP,28357,3389,43721.45787,50.61665706,Smart Lock,Malware,1
478.7270406,29.73570045,7.145066729,UDP,1145,21,2068.463894,10.76019375,Smart Thermostat,None,0
467.5326558,32.19877363,3.973007498,TCP,30162,443,1827.80186,8.33562197,Sensor,None,0
447.2014755,1,2.505365061,TCP,33808,8080,4360.591678,5.82794371,Router,None,0
364.1616272,39.61093486,1,TCP,37467,22,5743.621867,12.3058113,Smart Thermostat,None,0
443.9852974,38.67775521,3.65770241,TCP,64167,21,4342.647199,13.47390716,Router,None,0
678.987982,42.90891453,5.393958609,TCP,4076,80,3819.549973,15.04092132,Smart Lock,None,0
273.0807428,24.17449857,1,UDP,59453,21,3088.337624,8.587828233,Smart Thermostat,None,0
835.9636666,26.33321206,1.666484134,TCP,31725,80,5299.346931,9.153912857,Router,None,0
343.0799722,37.9694369,3.597918352,UDP,56320,22,2991.952129,7.248752343,Smart Thermostat,None,0
209.9429631,163.7231705,24.77717981,TCP,46512,23,9860.830529,16.89909854,Smart TV,Brute Force,1
1330.452117,876.4014859,1.166853327,UDP,26245,3389,88197.8487,2.881852363,Smart Thermostat,DDoS,1
213.3319359,147.319778,18.11216408,TCP,39748,443,8591.320225,22.47549505,Smart Thermostat,Brute Force,1
361.4477704,32.81829624,2.438625497,TCP,1609,21,4074.243635,7.426659994,Camera,None,0
481.4564622,25.71672178,4.295732899,TCP,63644,22,4412.732612,11.29246301,Camera,None,0
300.2470683,299.6202017,18.45140676,TCP,54786,80,33813.03581,23.1449467,Smart Lock,Botnet,1
1472.271545,796.161066,1,TCP,7895,443,68274.03097,2.110218101,Sensor,DDoS,1
243.4999285,27.77177824,7.275913539,TCP,60751,80,4889.346254,12.92425545,Smart TV,None,0
537.0559132,21.12536175,2.680321428,TCP,14081,22,3355.79175,11.76610983,Router,None,0
401.0622541,36.50592788,6.486508342,UDP,31712,21,4543.154268,8.003470878,Sensor,None,0
564.3556363,26.14370018,4.52710716,TCP,22761,21,2240.184292,12.2553894,Sensor,None,0
307.263263,557.8928715,20.04487788,UDP,7198,443,28033.2012,28.26030902,Sensor,Botnet,1
473.6487213,28.42682167,4.679414114,TCP,17079,8080,3175.377429,2.163412605,Smart TV,None,0
444.1078202,53.7460655,1.52457081,TCP,22983,8080,3506.59866,10.42425842,Router,None,0
469.7627146,31.52562512,7.942983946,TCP,9704,21,4176.512421,10.88798197,Router,None,0
413.0511406,31.61662386,9.397695707,UDP,4253,22,3826.237611,10.27653132,Router,None,0
553.0945526,26.95573237,4.180702143,UDP,10896,443,4477.035127,9.998310709,Camera,None,0
390.6911343,28.27814839,6.029568474,ICMP,7176,21,5992.742801,8.072719961,Sensor,None,0
1460.474749,832.6779842,1.069728284,UDP,4203,443,99561.13999,2.027816046,Smart Lock,DDoS,1
328.8957733,455.0728843,28.97300697,TCP,28670,443,35592.40085,21.32209293,Camera,Botnet,1
386.649914,293.5031077,38.38349239,UDP,39626,443,56279.65414,27.80217868,Smart Lock,Malware,1
431.4260515,32.19439959,6.853120138,TCP,8733,8080,2885.610347,7.049258509,Smart Lock,None,0
254.990811,482.4148319,24.38154177,ICMP,26569,23,24288.4535,29.08954874,Router,Botnet,1
201.8203729,161.0202432,15.59920911,UDP,31361,443,10568.65607,18.7209174,Sensor,Brute Force,1
971.4117376,338.2120538,32.97428472,UDP,56311,22,39818.50065,38.54862403,Router,Malware,1
616.7350834,26.62523597,6.655876535,TCP,50245,22,2584.833227,13.36767961,Smart Thermostat,None,0
1055.22235,611.6418876,1.431172737,TCP,46301,80,69873.24909,2.060469037,Sensor,DDoS,1
677.5354573,28.09928327,1,TCP,20772,22,3030.199605,9.470902149,Router,None,0
629.4786368,13.18194243,5.225382401,TCP,4232,22,4002.14908,6.087951228,Smart TV,None,0
62.96985683,564.3458912,1,TCP,4287,22,1774.507779,1,Sensor,Port Scan,1
406.823071,56.7176338,4.4730455,TCP,34201,80,3948.432161,11.6400011,Smart Thermostat,None,0
662.9820977,41.56341297,6.530685072,UDP,63388,21,2996.111864,12.18260108,Sensor,None,0
995.6626276,169.6947155,33.460359,TCP,21879,22,56660.6819,45.73067123,Smart TV,Malware,1
435.2254036,37.87084442,3.603494606,TCP,38604,21,2434.871605,7.310664532,Smart TV,None,0
1644.979098,840.4154674,1.36075827,TCP,46435,443,68151.56965,2.005527016,Smart Thermostat,DDoS,1
359.6402725,23.1132796,5.372431725,TCP,14882,80,4311.429374,9.150888457,Smart Thermostat,None,0
435.8226394,14.2747175,2.236101937,UDP,61996,21,2750.940029,11.23063605,Smart TV,None,0
1274.304346,1001.953419,1.094378501,TCP,39649,443,64556.76222,2.376855097,Smart TV,DDoS,1
275.2875364,294.0517574,21.50149385,TCP,7898,443,29417.90605,14.1370497,Sensor,Botnet,1
217.6531427,390.2457347,18.73254032,TCP,21594,443,41314.14999,26.20453742,Smart TV,Botnet,1
630.2344405,33.66531407,4.427502533,TCP,32476,80,4935.547125,4.505781747,Smart TV,None,0
485.7634009,32.8582614,7.612003483,UDP,22672,21,5106.28871,11.28626932,Sensor,None,0
490.7172584,28.03114301,2.770766074,TCP,30092,8080,3087.122013,10.68035814,Camera,None,0
391.0325081,32.83441436,2.931777721,TCP,2466,21,4601.895649,7.963635478,Router,None,0
541.6016898,46.19435158,7.879886278,TCP,64930,80,3364.197443,9.091222618,Camera,None,0
66.37860196,501.0640741,1,TCP,3302,23,1196.740878,1,Smart Lock,Port Scan,1
267.5794351,26.89516024,4.4275541,UDP,20309,8080,4579.561142,11.57352213,Smart Thermostat,None,0
164.4263836,141.834333,9.274187139,TCP,32729,22,8296.057676,18.83779989,Sensor,Brute Force,1
202.7836959,166.0878784,12.31613966,UDP,1755,443,6630.540086,16.75994268,Router,Brute Force,1
168.3612737,152.0925685,25.93636396,UDP,50914,23,5900.742596,24.7143657,Sensor,Brute Force,1
162.4772125,82.70264202,17.05966817,UDP,33824,22,10493.6444,17.11319146,Sensor,Brute Force,1
36.88773767,562.1413822,1,TCP,44138,23,1762.21665,1,Smart Lock,Port Scan,1
1241.763463,639.3298462,1,TCP,26020,3389,63550.04932,1.977605973,Sensor,DDoS,1
614.5217995,34.95272946,5.291260629,UDP,49478,8080,4857.210354,6.663867237,Camera,None,0
50.0350425,563.8498592,1,UDP,57105,443,1832.975611,1,Router,Port Scan,1
662.2470461,291.0108077,15.29268377,UDP,49893,3389,45518.7425,36.80588187,Smart Lock,Malware,1
539.5181278,21.6811305,5.009010131,TCP,36186,443,3810.679677,9.090831444,Router,None,0
492.0922355,36.33200435,3.901025645,TCP,1217,443,4033.610287,10.69231838,Router,None,0
353.409343,446.3275123,26.25413639,TCP,58521,80,26470.56223,27.98598758,Camera,Botnet,1
317.6768337,410.8092082,10.69045999,TCP,55767,23,30788.49599,20.7651515,Sensor,Botnet,1
200.1400669,206.765513,22.00936535,ICMP,42860,22,6468.535448,13.39600405,Sensor,Brute Force,1
601.3041429,41.29970394,3.340363236,TCP,33484,22,5123.10211,16.19507277,Smart TV,None,0
493.9246264,37.06532513,4.850462157,TCP,43345,21,4067.555484,10.34480173,Smart Lock,None,0
392.0366256,31.89843393,2.090355029,UDP,18959,8080,3747.482666,11.09036301,Router,None,0
668.8978234,30.90584907,6.287877587,TCP,1923,443,3156.76973,6.343560819,Smart Lock,None,0
283.2297977,558.9011744,20.03951694,ICMP,7653,3389,34139.45791,14.08278256,Smart Lock,Botnet,1
375.1278974,15.03339523,7.70518782,TCP,12658,443,2679.576853,3.289223504,Smart Lock,None,0
925.8147867,197.9206515,23.80053277,UDP,7820,443,48259.98169,29.86030868,Smart TV,Malware,1
322.1377523,6.663838802,3.64347112,UDP,52728,8080,4197.790082,13.26765249,Smart TV,None,0
590.3854478,17.69739852,2.898672202,TCP,14251,22,4250.323293,11.51580255,Smart Lock,None,0
375.610163,29.15480118,6.35028932,TCP,57299,22,2817.549428,10.99598648,Smart Lock,None,0
257.8107097,29.19601606,3.663498851,ICMP,51754,443,4504.207519,9.910506757,Smart TV,None,0
426.3748929,38.80923463,4.962034801,TCP,32066,8080,3941.217348,7.704711619,Sensor,None,0
575.7545871,15.4284418,4.360657567,TCP,51789,22,3724.857749,14.48482393,Smart Lock,None,0
521.1551145,28.00120413,4.898885928,UDP,27575,22,3605.002729,8.306478503,Camera,None,0
640.5829411,18.03299882,3.845705645,UDP,14054,80,3101.559533,14.32759118,Smart Lock,None,0
558.1344127,42.17725187,6.838847353,UDP,17031,22,4905.259401,9.078618781,Router,None,0
544.2027935,38.46583986,3.858112677,UDP,6682,21,4232.87802,10.70320268,Router,None,0
153.677757,166.6167768,20.81680085,UDP,63549,22,6634.156728,11.08702527,Sensor,Brute Force,1
370.1087363,28.48948122,3.507803487,TCP,9541,443,4391.26466,4.639877466,Smart Thermostat,None,0
270.3464318,40.38289929,3.912434391,UDP,26468,21,4204.706686,13.53686374,Router,None,0
570.5501535,41.49203138,8.119454265,TCP,63814,21,2534.494344,12.238301,Smart TV,None,0
508.642117,17.04658816,8.412183516,UDP,47565,8080,2653.197451,10.63200063,Smart Lock,None,0
218.678803,39.42765801,3.030010145,TCP,49218,22,2590.030297,9.4784869,Router,None,0
189.6349633,146.1332128,19.64672856,UDP,35950,22,5400.148293,13.37822683,Camera,Brute Force,1
1281.047204,699.1005613,1.11574554,TCP,32903,3389,65820.12413,1.848690365,Camera,DDoS,1
554.5438246,30.51397854,4.344217875,ICMP,28497,21,3837.865493,10.40627796,Smart Lock,None,0
59.82324934,470.1384941,1,UDP,11827,3389,2003.734687,1.063110814,Camera,Port Scan,1
58.01551433,726.6142478,1,ICMP,50236,22,1544.996192,1.158755497,Smart TV,Port Scan,1
163.2104348,167.3567478,11.94893494,UDP,63801,443,7092.772872,26.22471255,Smart TV,Brute Force,1
373.2384244,36.27493897,1.803002936,ICMP,25027,22,3363.50395,10.96313803,Smart TV,None,0
387.1363741,24.70727693,5.146550629,UDP,27430,8080,3969.167486,9.356874671,Smart TV,None,0
126.7414322,37.33053593,4.807573034,ICMP,57274,443,4350.212498,12.53852039,Smart Lock,None,0
65.7337389,862.2031013,1,UDP,2599,22,2702.269572,1.530636178,Smart Lock,Port Scan,1
374.6700214,23.81945593,2.930558019,TCP,63394,80,4234.595581,15.10237828,Sensor,None,0
969.0700322,210.855114,28.78016586,UDP,58357,22,60921.86329,36.11181436,Smart TV,Malware,1
373.9496068,34.27636219,4.359518515,ICMP,33069,8080,3264.736738,7.09054581,Router,None,0
321.3002951,274.9615319,16.56500494,TCP,61847,22,25505.8506,25.09895242,Smart Thermostat,Botnet,1
558.6937203,19.31417927,5.427619409,UDP,16506,22,4358.002434,10.43886864,Smart TV,None,0
280.2845788,476.5441016,19.63055074,TCP,52545,3389,38442.75915,29.44854648,Smart Thermostat,Botnet,1
460.2214193,41.14592445,5.766754226,TCP,45593,22,5951.01256,16.23094159,Smart TV,None,0
1601.2877,744.71923,1.039358647,TCP,24661,443,76970.29221,1.989491758,Camera,DDoS,1
437.4412498,25.64592527,4.041793658,TCP,21632,80,3541.159507,8.725678817,Sensor,None,0
509.609915,8.749898751,6.217781033,TCP,27749,22,4626.57639,10.76366238,Smart TV,None,0
593.2487551,29.04714213,4.064047373,TCP,3174,21,4195.103973,11.88821202,Router,None,0
1496.475166,1395.643899,1.184240657,TCP,2672,80,72127.57727,1.811409542,Smart Thermostat,DDoS,1
558.2237878,27.60382845,5.73097469,UDP,18573,80,2226.585461,11.36198689,Smart Lock,None,0
1235.145715,861.6890141,1.099521696,TCP,25861,23,98072.52858,2.796663737,Smart Thermostat,DDoS,1
1524.346702,729.495018,1,ICMP,20557,80,104605.4769,2.384792833,Sensor,DDoS,1
678.3380775,31.03457165,3.881595053,UDP,19387,21,2748.719366,10.33587772,Router,None,0
37.24863379,411.8260633,1,TCP,25715,23,1502.567763,1.065032439,Camera,Port Scan,1
532.7844827,18.60570999,4.037517752,TCP,60368,8080,4318.189488,6.513761462,Router,None,0
709.2721431,34.38993159,6.655976354,TCP,50457,21,3302.576177,12.9687518,Camera,None,0
509.0855946,30.0601668,5.896648132,TCP,29058,8080,4309.620082,11.76864066,Smart TV,None,0
462.1790732,10.65469264,2.463972166,UDP,29477,8080,3811.615873,8.726611871,Router,None,0
562.9025411,32.76274179,2.174468232,ICMP,3873,8080,3528.223966,11.37815732,Camera,None,0
453.5140632,38.65817003,6.426920925,TCP,17150,80,4244.939227,13.19052679,Camera,None,0
434.780539,54.20415012,5.869768543,TCP,50736,21,2439.041647,9.108029912,Smart TV,None,0
193.646551,130.1865546,1.419942956,UDP,5591,80,5625.13634,20.55491093,Smart Thermostat,Brute Force,1
62.77079251,757.1311562,1,UDP,3912,443,2023.391769,1,Camera,Port Scan,1
609.9573729,12.66790897,6.724000101,TCP,29732,22,2873.01209,13.9858932,Smart Thermostat,None,0
467.1379393,26.63168032,6.239403931,UDP,9369,8080,4409.828457,11.848404,Smart TV,None,0
792.1719444,26.02204594,6.096175408,ICMP,6169,443,2481.634852,5.847629719,Smart TV,None,0
464.7017078,27.57503208,8.414724027,UDP,20895,22,2740.528796,7.128541517,Smart Lock,None,0
316.3141691,32.29481715,6.471166185,UDP,38676,80,2595.730902,10.99312046,Sensor,None,0
449.1672072,24.79411587,6.625202576,TCP,22006,8080,4515.410403,8.267383338,Smart Lock,None,0
912.0882671,223.4363409,23.00372795,UDP,48322,22,44770.87665,29.15288048,Sensor,Malware,1
72.72126615,669.5392906,1,TCP,33211,23,2006.715265,1,Smart Lock,Port Scan,1
576.1652771,28.31070844,5.39278921,ICMP,62376,21,4587.257662,11.78485737,Camera,None,0
235.5181737,128.8828265,10.36550411,TCP,14846,23,5243.547006,16.13987724,Smart TV,Brute Force,1
433.3793931,28.81412411,4.910484718,TCP,19963,80,2185.238251,7.808601223,Camera,None,0
587.4457081,24.23352708,6.119080741,UDP,26910,8080,2877.231568,6.447615004,Smart Thermostat,None,0
503.923427,18.81694183,4.23089978,TCP,8249,80,4231.282023,9.101986277,Sensor,None,0
307.2491818,26.86846061,5.331030924,TCP,35055,8080,4283.906001,11.75574259,Camera,None,0
70.41907644,583.9507101,1,UDP,4449,80,1086.662262,1.235795493,Smart Lock,Port Scan,1
754.4444299,25.49561362,5.252562274,UDP,18632,8080,2225.903303,12.05486367,Sensor,None,0
1649.242794,1391.009528,1.145182316,TCP,49017,80,59679.64594,2.932917099,Smart TV,DDoS,1
635.3622629,7.192621546,2.00672262,UDP,17819,443,4282.586983,12.30195172,Smart Thermostat,None,0
818.7721602,204.9203264,21.08033143,TCP,38943,23,49283.35945,17.37339365,Smart TV,Malware,1
501.9806211,44.16944416,6.614974468,UDP,43066,8080,3296.120659,7.042375075,Smart Lock,None,0
1301.066898,1056.473918,1,UDP,34897,80,82626.55508,2.182775852,Camera,DDoS,1
576.7551691,34.42545624,7.499330534,TCP,42034,443,4636.906283,11.02237422,Sensor,None,0
446.1346856,45.09870683,2.84942324,ICMP,53014,8080,4545.79376,13.29198252,Router,None,0
546.2045525,35.56533443,5.592836002,UDP,24884,22,3692.916782,7.739417259,Camera,None,0
257.902836,156.6035504,19.66220363,UDP,10602,23,9075.746958,14.44579166,Camera,Brute Force,1
1449.069386,888.8738056,1.357255313,UDP,9099,443,59980.81688,1.727807572,Router,DDoS,1
516.0805371,23.83642947,4.742482849,UDP,10888,8080,5059.11866,10.81928232,Smart TV,None,0
199.4728472,132.5385995,13.71928521,UDP,9306,23,5243.74581,23.85541984,Camera,Brute Force,1
205.1036485,118.2153621,16.49334177,TCP,53927,443,6611.849276,17.04106762,Sensor,Brute Force,1
83.49968606,797.5206392,1,UDP,38396,23,1927.069195,1,Router,Port Scan,1
538.1113869,28.13828937,3.706482167,UDP,50837,8080,4386.146901,10.08476611,Sensor,None,0
458.1087004,35.32401306,6.241425678,ICMP,6644,21,1876.362541,10.17138284,Smart Lock,None,0
401.8929922,34.2161683,4.811969652,TCP,44961,8080,3336.826249,8.013265542,Smart TV,None,0
607.142698,22.25489938,3.762106895,TCP,20871,8080,5099.191556,11.88638888,Smart Lock,None,0
49.61594634,607.2764277,1,TCP,53136,80,2305.619056,1.292406741,Router,Port Scan,1
336.7707875,33.90725026,6.090646524,TCP,28201,8080,4087.867637,11.17603281,Smart Lock,None,0
1559.907947,695.5567044,1.06125036,UDP,58278,23,102328.8841,1,Router,DDoS,1
494.4095276,32.78864285,2.984214101,ICMP,31242,443,2108.053747,4.124225679,Smart Lock,None,0
52.6536617,664.0165815,1,UDP,46183,443,1404.884028,1.048888636,Router,Port Scan,1
536.2449386,37.80931578,2.458094325,TCP,64024,443,3999.372266,11.05471235,Smart TV,None,0
557.0153681,23.08066304,4.662696493,UDP,5213,80,2603.037942,11.96685418,Camera,None,0
301.1993176,355.5546243,16.89292459,TCP,18099,22,22413.32793,23.05952843,Router,Botnet,1
725.9706682,223.4134602,29.8989584,ICMP,8601,80,48551.78922,61.03091303,Smart Thermostat,Malware,1
390.1812661,27.98895345,7.225931783,TCP,55986,80,3943.045459,13.14752086,Smart TV,None,0
368.3857306,48.36913528,10.81013434,TCP,16291,22,4341.555551,15.18609293,Smart Lock,None,0
66.42928785,489.8119845,1,TCP,22111,22,1315.915137,1,Sensor,Port Scan,1
218.2404631,153.3526409,14.55978106,UDP,61263,23,6892.981134,17.01530537,Sensor,Brute Force,1
466.235601,27.53176204,5.975982742,TCP,29089,21,3651.830209,12.29234322,Camera,None,0
563.1868701,35.58797852,5.775251543,UDP,28966,80,5687.570121,13.30739954,Smart Lock,None,0
155.5874249,144.3504677,12.53950875,UDP,11407,22,6364.757018,25.94344273,Camera,Brute Force,1
69.22507037,665.2424869,1,ICMP,8217,443,1371.009834,1,Sensor,Port Scan,1
536.5660496,19.60015894,6.500902392,UDP,14021,80,2697.820493,10.38352121,Sensor,None,0
243.3023985,269.1405369,21.57744922,UDP,17487,443,34879.78412,32.59606866,Router,Botnet,1
1061.146139,975.2726451,1.163699117,TCP,37560,80,121644.9845,1.358069652,Smart TV,DDoS,1
1416.450657,870.5560676,1,UDP,27394,23,97394.68061,2.1190155,Sensor,DDoS,1
1216.656817,662.3060412,1,TCP,2558,3389,97159.58057,1,Router,DDoS,1
375.8830338,32.35276112,2.152531129,UDP,1548,8080,2717.36535,12.14146041,Router,None,0
283.4360801,506.8064668,13.73476309,UDP,33415,3389,20971.55557,29.29574221,Smart Thermostat,Botnet,1
639.4239633,38.20599295,7.504087127,TCP,28122,443,2528.755965,12.1391427,Camera,None,0
863.2307622,256.8395878,32.50775784,UDP,44140,22,67433.30128,41.9126465,Smart TV,Malware,1
435.1449829,27.58362383,7.117628934,TCP,38259,8080,6551.633273,6.76422171,Router,None,0
294.7438341,24.56549673,7.294755364,UDP,31260,21,4032.315471,14.11223352,Smart Lock,None,0
820.5787008,347.2735974,35.0466816,TCP,5089,23,53455.03049,47.79575768,Smart Lock,Malware,1
304.4966545,367.7740263,16.54869296,UDP,3488,3389,33834.70664,23.26726309,Router,Botnet,1
59.19688287,652.9290816,1,UDP,22978,80,2388.071053,1,Smart Thermostat,Port Scan,1
69.60130824,641.464395,1,TCP,11757,80,2122.631015,1,Smart Lock,Port Scan,1
627.2392646,27.29603444,6.47926241,TCP,17132,21,3578.847017,10.35599251,Smart Lock,None,0
209.8472673,184.9560948,13.68017015,TCP,43501,22,8812.213479,20.17959753,Smart TV,Brute Force,1
372.8655662,459.0298073,24.25285709,UDP,16584,3389,27213.98594,31.36368887,Camera,Botnet,1
323.5223919,379.4937067,17.96010739,TCP,42233,3389,36503.79746,23.73827715,Router,Botnet,1
662.0750145,30.12053181,5.405594554,UDP,4909,80,4060.385928,6.092043649,Smart Thermostat,None,0
520.548899,15.77371351,4.343860753,TCP,27920,443,5481.735595,11.43951711,Camera,None,0
324.4099052,420.901151,22.13572808,UDP,57645,443,27989.57328,12.37641267,Sensor,Botnet,1
673.725558,46.74684667,5.710752421,ICMP,42510,80,4953.303552,8.646307333,Smart TV,None,0
309.2519008,9.27016564,2.765231774,TCP,20291,22,5937.231162,13.31798011,Camera,None,0
485.4081692,25.64594373,7.030663649,TCP,21988,8080,4164.68762,9.254730376,Smart Thermostat,None,0
318.9005744,328.1834081,24.13437487,UDP,64720,22,30919.03144,42.68274423,Smart Lock,Botnet,1
786.4342159,18.99864446,4.794675818,TCP,60236,80,3303.787948,10.67190229,Smart TV,None,0
837.1053033,24.13414915,7.870600313,TCP,28299,8080,4432.594452,10.18574945,Camera,None,0
356.4945646,28.03232011,4.86870691,TCP,41984,80,4457.064914,8.792707366,Camera,None,0
555.8596129,19.89131082,8.009013437,TCP,51790,443,5065.97763,11.15430563,Smart Lock,None,0
274.3585309,480.7517057,15.7023526,TCP,42510,3389,26643.65004,23.71484016,Sensor,Botnet,1
1326.471277,779.5470631,1,TCP,31118,443,98248.23859,2.412048412,Router,DDoS,1
690.2612876,280.6321918,42.32455047,UDP,26770,80,30949.95342,19.51734963,Smart TV,Malware,1
53.86904139,630.8490238,1,UDP,4713,443,2097.314186,1,Router,Port Scan,1
56.87081848,629.231519,1,UDP,17088,3389,1686.374225,1.003244956,Sensor,Port Scan,1
1131.533913,1135.23322,1.159168937,UDP,36317,443,75144.77683,1.46848327,Smart Lock,DDoS,1
458.1529913,25.37648207,6.715951763,TCP,20632,8080,2866.712786,7.241643142,Smart TV,None,0
593.8553887,15.3173624,4.535265521,TCP,55876,443,4539.304553,7.248853161,Camera,None,0
588.8771252,22.46875606,6.744997004,TCP,25150,21,4590.311095,8.016529814,Smart Thermostat,None,0
370.911685,24.45427594,7.142609078,ICMP,12420,22,4619.105018,6.517264131,Camera,None,0
385.1666781,30.05540843,2.82885953,TCP,2403,443,3342.313891,10.19340678,Smart Thermostat,None,0
617.4609609,30.7861767,3.274399961,TCP,7524,8080,2593.499373,13.06366687,Smart Thermostat,None,0
677.6275843,35.25072041,5.659805763,TCP,46341,22,3984.529237,8.892360126,Smart Lock,None,0
344.6039626,45.46433896,5.152613622,ICMP,8332,21,3414.288471,10.44062552,Camera,None,0
278.0592223,159.558797,17.08912308,UDP,54495,23,7682.205453,14.88058532,Router,Brute Force,1
1245.854861,1099.611103,1.370010265,TCP,10448,443,98442.64596,1.473636535,Router,DDoS,1
382.5870944,58.14447453,5.750514956,UDP,30963,443,5877.136475,12.37752224,Camera,None,0
1212.298746,829.2656045,1.297851664,UDP,4126,22,64205.19414,1.314374924,Smart Thermostat,DDoS,1
257.1544782,104.5823035,7.630124851,UDP,26262,22,5424.238107,21.22406491,Camera,Brute Force,1
1546.129709,1151.400685,1,TCP,13829,443,66416.10491,1.662756875,Smart Lock,DDoS,1
486.2305153,31.94405877,2.710799524,UDP,3144,80,4607.292225,10.49786594,Smart Thermostat,None,0
529.6408049,22.6424801,6.402701677,UDP,26199,21,4070.994715,8.661384207,Sensor,None,0
570.7953014,37.2326306,3.46290842,TCP,4828,80,2909.340026,7.772591319,Camera,None,0
834.8161398,245.1786235,42.41497956,TCP,46628,443,11121.95658,39.62185457,Smart Thermostat,Malware,1
503.989582,47.21576917,8.243848256,TCP,20465,22,5463.1735,12.40125507,Camera,None,0
490.8561274,33.23197597,5.967402787,TCP,13545,443,4727.78615,9.841124009,Smart TV,None,0
582.4344401,47.22829883,5.341910704,TCP,7183,443,4967.550416,9.037060479,Smart Thermostat,None,0
1255.045993,1059.99188,1,UDP,10431,22,119047.5153,2.632568329,Camera,DDoS,1
499.8113595,31.10180578,2.910382211,TCP,28467,22,4327.600584,11.71060271,Camera,None,0
271.4840407,382.0759435,6.366897197,UDP,22325,23,27500.33624,32.70797331,Sensor,Botnet,1
312.0056331,334.840681,21.17184851,ICMP,17928,80,34489.47206,21.53090319,Sensor,Botnet,1
1153.70174,833.3677781,1,TCP,2749,22,55747.77188,1,Sensor,DDoS,1
608.173604,23.78603228,3.260565275,TCP,14893,8080,3867.203547,7.916459491,Router,None,0
616.1270464,35.76708362,4.51134229,UDP,32909,443,6634.740754,11.66773609,Smart Thermostat,None,0
422.0473241,31.25836055,4.181068895,ICMP,61217,8080,4339.592623,9.4656896,Smart Thermostat,None,0
51.86773653,558.9538819,1,TCP,51184,23,2761.387043,1,Smart Thermostat,Port Scan,1
478.4071895,34.49815327,2.983382227,TCP,36923,22,2571.184566,8.732317052,Smart Thermostat,None,0
530.2717117,32.04220926,6.205872043,TCP,31928,80,3093.688507,8.282300045,Camera,None,0
273.1553303,35.07661769,6.930684224,TCP,11061,80,3461.288103,6.671736909,Sensor,None,0
677.2170357,33.71767641,6.849150713,UDP,38083,22,4473.671891,8.840581382,Smart TV,None,0
405.5114728,32.46853929,4.059771488,TCP,63633,21,4818.027754,12.84668644,Sensor,None,0
402.2036832,42.89905527,6.529608543,TCP,51094,80,3699.884907,6.615367883,Smart TV,None,0
58.12260902,633.4078159,1,TCP,43488,80,2039.952902,1.111192269,Smart TV,Port Scan,1
71.68061797,812.962241,1,UDP,53566,443,2171.952629,1,Smart TV,Port Scan,1
45.54355291,706.7984439,1,TCP,47073,23,1608.084531,1.359595442,Smart TV,Port Scan,1
62.52209503,771.7937583,1,TCP,21140,23,1817.101918,1,Sensor,Port Scan,1
185.6122704,136.4338382,14.78325668,UDP,16981,3389,8137.22631,23.76440937,Router,Brute Force,1
1415.700737,755.5114127,1,TCP,26268,22,93341.04314,1.681314675,Smart Thermostat,DDoS,1
194.6500107,125.5197542,14.0200454,TCP,8707,80,5696.883941,21.00098683,Smart Thermostat,Brute Force,1
205.9508679,159.0153143,9.017179516,UDP,13701,80,7315.330723,18.21470918,Smart Lock,Brute Force,1
1285.738542,546.2233647,1,TCP,25940,3389,84651.11249,1.16474209,Sensor,DDoS,1
678.4988694,18.51866705,4.083444663,TCP,22434,8080,2240.189736,5.190999755,Camera,None,0
528.2538042,46.11116148,2.555251375,TCP,36705,8080,2348.240852,6.156792379,Sensor,None,0
1279.938567,1111.943116,1.027277803,TCP,45001,22,79466.15696,2.851973348,Sensor,DDoS,1
356.3534773,49.89359559,4.807236373,TCP,21018,22,4644.514089,8.389392601,Smart TV,None,0
269.3002476,388.7230511,17.50977135,TCP,53569,80,28905.83424,34.53423288,Smart Lock,Botnet,1
551.4497345,40.77478543,4.313488476,TCP,8552,22,3107.267791,9.22614372,Smart Lock,None,0
47.52503451,527.007891,1,TCP,10423,23,2185.059958,1,Router,Port Scan,1
457.0379974,38.03585019,8.441539662,UDP,13477,22,2959.456061,11.42409127,Camera,None,0
572.5174877,26.97380241,4.034419683,TCP,49382,443,5794.370055,13.94442361,Smart TV,None,0
1462.543133,1170.423985,1.061543406,UDP,40902,3389,126791.2255,1.227565512,Sensor,DDoS,1
524.627731,15.98548852,6.626071474,TCP,3912,8080,5441.076778,8.686613505,Smart TV,None,0
242.2384665,159.9546464,22.71153408,TCP,31506,443,8685.951477,15.03429499,Smart Thermostat,Brute Force,1
442.0209734,25.6320444,8.996931749,TCP,52702,21,3735.634306,9.14105978,Smart Lock,None,0
1510.283031,769.8633576,1.118635979,TCP,37209,80,90646.05445,3.444395433,Smart Thermostat,DDoS,1
424.1821173,28.22042444,6.515553522,UDP,34194,21,3801.168397,6.184434446,Smart Lock,None,0
163.1644961,99.99984193,11.56750499,TCP,63487,22,5522.482903,13.09104732,Camera,Brute Force,1
540.7770289,34.60218639,6.988700936,UDP,50051,443,4309.41284,11.87255282,Sensor,None,0
230.8606854,16.77804034,3.925612412,TCP,43855,443,4305.580192,12.68139624,Smart Lock,None,0
721.7371654,29.82712557,4.837229591,TCP,63435,80,3475.121492,5.365060424,Sensor,None,0
584.1878566,35.52728501,4.518659443,TCP,6087,443,3406.843493,10.05895029,Router,None,0
358.4033982,27.95640563,8.526984621,TCP,3310,21,3645.552004,6.89692669,Camera,None,0
837.078867,231.5473507,14.64456211,UDP,17927,3389,53085.11821,28.86723204,Smart Thermostat,Malware,1
612.5027506,26.65067963,6.726184907,UDP,63230,22,4352.002954,9.53790005,Sensor,None,0
60.75852766,390.3339195,1,TCP,32680,80,2793.038814,1,Smart Thermostat,Port Scan,1
240.1666773,444.3228976,17.08301483,UDP,45292,22,34012.85105,27.61539794,Smart Thermostat,Botnet,1
51.10181943,521.2304498,1,TCP,4460,3389,1685.978854,1,Smart Lock,Port Scan,1
475.8572284,50.37127897,1.475999526,TCP,4883,22,2534.108505,8.068757724,Smart Thermostat,None,0
543.643778,27.81970872,7.387237144,UDP,16473,22,4795.838655,10.18140534,Smart Lock,None,0
1579.724258,743.5483364,1,UDP,26924,22,76124.4089,1.709847014,Sensor,DDoS,1
611.2926178,34.54420338,2.779138631,UDP,38399,21,4052.466798,9.123486443,Sensor,None,0
516.1543324,26.88800756,7.701981878,TCP,29596,22,2966.364334,11.4757906,Sensor,None,0
437.2737565,4.352556582,6.569688073,UDP,2637,443,2683.169789,12.50742369,Smart Thermostat,None,0
672.1223919,203.6373178,31.22842795,TCP,10296,443,64680.46529,34.37186185,Router,Malware,1
1130.111761,862.5290528,1.109212324,ICMP,12067,23,123940.0243,2.602530781,Smart TV,DDoS,1
604.1575921,34.51229386,9.45959023,TCP,17479,8080,6800.085936,12.27446879,Smart TV,None,0
323.4050505,391.8094816,18.85428342,TCP,13895,22,36021.97493,25.14975937,Camera,Botnet,1
735.7097378,267.3392568,27.69035218,UDP,44927,23,53674.25846,35.82942616,Smart Thermostat,Malware,1
610.694688,24.67406999,3.409789395,UDP,3381,21,5251.460709,13.96151412,Smart Thermostat,None,0
1657.941143,1007.938597,1,UDP,58140,443,76446.97563,1.505665073,Smart Lock,DDoS,1
195.9925421,186.5910137,19.08991897,TCP,10273,443,8759.66371,19.90817956,Smart TV,Brute Force,1
763.0773481,169.7410926,23.33240664,TCP,55822,22,46369.84996,34.26273236,Camera,Malware,1
406.1851724,21.39316957,6.538295004,TCP,2029,80,4280.854349,10.13860983,Camera,None,0
566.6288089,12.8852684,4.569511087,UDP,60960,80,4543.501113,9.358609414,Smart Thermostat,None,0
1375.305158,690.5896013,1.429373974,TCP,1287,80,92400.33855,1.751778212,Router,DDoS,1
394.621716,26.65876559,6.831805085,UDP,54307,80,3515.830567,9.016980717,Camera,None,0
1488.057349,767.6646411,1,TCP,64555,80,98415.89626,2.271212981,Sensor,DDoS,1
283.1416367,504.7747029,20.85520221,TCP,47783,23,26785.99637,26.00287606,Smart Thermostat,Botnet,1
891.4324684,215.0086288,26.18003759,TCP,23944,3389,60180.98647,36.52027282,Sensor,Malware,1
511.3413792,31.24015319,7.429442949,UDP,62695,80,2498.871883,10.12556343,Router,None,0
592.9393645,29.61461738,8.479296084,TCP,21713,22,4097.413413,12.38733403,Sensor,None,0
222.3594087,296.9812298,15.25132245,TCP,6314,3389,25655.34466,30.37549756,Camera,Botnet,1
1218.839233,1279.797375,1,TCP,25636,80,119249.7489,2.113730508,Router,DDoS,1
1533.520785,468.5875615,1.239209497,TCP,32880,443,80743.21504,3.302074486,Sensor,DDoS,1
47.51021794,621.8757339,1,TCP,14049,443,1747.282131,1.344943481,Sensor,Port Scan,1
468.3194609,18.32248082,7.164686109,UDP,55013,8080,2765.49772,14.6706838,Router,None,0
574.794928,33.47934477,4.534298568,TCP,14648,80,4004.307642,10.04465763,Sensor,None,0
390.5218251,33.36544224,7.454902594,TCP,4176,21,4875.740964,12.6042037,Smart TV,None,0
478.7667343,22.6426992,7.194372148,TCP,59336,21,3806.312458,4.770100967,Sensor,None,0
611.1329301,51.4274854,5.419365269,UDP,49565,21,3394.360248,10.07990254,Smart TV,None,0
478.5000808,28.62773298,6.472288525,TCP,59446,80,2863.697137,15.31452785,Smart Lock,None,0
398.5072646,40.26425681,5.774991696,UDP,15508,8080,2945.157666,8.343921196,Sensor,None,0
641.5205372,35.59370067,2.065516013,UDP,27011,21,3145.165083,9.729130762,Smart Thermostat,None,0
677.2872398,35.06583154,2.376393668,UDP,42687,8080,3423.003629,10.94145706,Smart Thermostat,None,0
639.4081748,22.92261221,1.795450545,UDP,31230,21,4160.942137,9.400990602,Smart TV,None,0
688.7774762,216.4382094,23.26275417,ICMP,37354,80,72118.7964,26.9809277,Smart TV,Malware,1
61.08165458,480.812226,1,ICMP,63635,3389,1977.053352,1,Sensor,Port Scan,1
1416.447345,863.4909665,1,TCP,48696,80,99722.35741,2.089598616,Smart Thermostat,DDoS,1
56.28435227,604.5445956,1,TCP,26671,22,1687.01139,1,Camera,Port Scan,1
220.417866,439.5754507,27.72477358,ICMP,44523,3389,25233.57962,27.24889258,Router,Botnet,1
64.99575825,457.573623,1,TCP,50296,22,2146.237994,1.384038781,Router,Port Scan,1
412.9019966,24.52236372,4.614946861,TCP,29580,21,1976.914747,8.317212997,Sensor,None,0
1169.616342,1032.607598,1,TCP,11508,3389,90129.82433,2.53779009,Smart TV,DDoS,1
480.5419495,13.08555902,2.803795294,UDP,2709,22,4117.836076,11.75040438,Smart Thermostat,None,0
545.5136041,42.87331112,7.199959301,UDP,47317,8080,3680.893403,10.65169358,Smart TV,None,0
57.59841055,579.8910195,1,TCP,11216,80,2112.245951,1.03677657,Camera,Port Scan,1
417.2785697,34.18797828,5.794468106,UDP,25355,8080,4904.918519,13.48738901,Smart Lock,None,0
1375.101528,864.3516893,1,TCP,61492,443,93982.13176,2.091722427,Smart Lock,DDoS,1
1675.297053,780.777398,1.095542024,TCP,20462,23,89586.98335,2.168605553,Smart Thermostat,DDoS,1
424.5874879,5.000692759,2.836600565,TCP,5404,443,5683.748123,11.74823932,Smart Lock,None,0
451.3228841,25.40384914,2.57392883,UDP,34199,8080,5098.148252,6.121194838,Camera,None,0
473.6010899,35.96930993,4.330694285,UDP,30242,8080,2450.154212,9.51813658,Sensor,None,0
262.6398354,300.1969232,15.1424325,UDP,31100,3389,33075.28818,18.99619675,Smart TV,Botnet,1
197.0761746,140.8423963,8.223485354,ICMP,59247,22,7447.956601,25.04479954,Camera,Brute Force,1
273.9530225,454.5204789,26.53377816,UDP,44969,22,33320.80741,25.86659629,Smart TV,Botnet,1
651.384209,35.91053476,7.340132808,ICMP,10100,80,2757.541513,7.884426373,Router,None,0
157.7274023,164.5609853,22.79095985,TCP,10398,23,5949.471186,13.94122297,Sensor,Brute Force,1
646.576664,30.78228814,6.100526142,TCP,28291,443,3938.032787,8.402866452,Smart TV,None,0
607.9077286,35.58117012,4.677752965,TCP,16640,21,3024.763688,11.45846593,Smart Thermostat,None,0
595.4865297,38.92373375,5.629934574,UDP,8165,80,4200.467721,10.36372163,Sensor,None,0
527.1031804,33.24884719,8.756758264,UDP,23521,80,4426.123947,9.929731122,Camera,None,0
528.606605,29.11386055,4.139083333,TCP,35970,22,3693.302712,10.31407009,Sensor,None,0
350.6633855,21.11202687,4.858639237,ICMP,55876,21,3234.464723,12.70055369,Smart Lock,None,0
207.5483676,177.0383022,18.1197233,UDP,31787,22,8875.704895,22.12172575,Sensor,Brute Force,1
561.9150172,34.84643511,6.408030149,UDP,63299,22,3493.830733,11.94284193,Camera,None,0
651.8191935,30.24448722,4.413193818,UDP,8168,22,5600.047281,11.26740227,Sensor,None,0
166.6406863,26.52476588,2.639998443,UDP,15294,8080,4403.954021,11.69638126,Sensor,None,0
568.1485176,9.535703005,5.879414777,UDP,4338,443,4854.242985,11.86688592,Camera,None,0
218.3005273,171.7523335,11.81373378,UDP,26174,443,7604.691152,21.77570533,Smart Lock,Brute Force,1
326.8619954,349.1466392,13.34211444,TCP,41222,3389,23890.63942,19.25540545,Smart Thermostat,Botnet,1
319.2863775,378.4778272,23.18398955,UDP,27810,3389,33797.06859,21.26571188,Router,Botnet,1
333.138508,28.11255787,2.011775329,TCP,50736,80,4528.827493,11.13388788,Camera,None,0
519.2228712,40.76240157,3.308677934,UDP,9674,22,4313.908211,7.499893582,Smart Lock,None,0
249.9531192,442.2701676,20.06835088,UDP,22356,80,26643.02058,20.74987182,Smart TV,Botnet,1
291.3215327,21.27440891,4.904565964,TCP,2002,80,3752.386967,9.35372034,Smart Thermostat,None,0
61.64756121,641.2042807,1,TCP,31868,80,1830.510613,1,Smart Thermostat,Port Scan,1
861.3230696,341.2788071,36.06904266,TCP,16594,23,39625.37018,29.01611886,Router,Malware,1
331.1703001,10.22250938,4.476876198,TCP,23750,443,2713.869963,9.896575405,Router,None,0
506.3786417,30.00084393,3.556883933,TCP,32833,80,6814.083863,16.27950493,Smart Lock,None,0
829.3710571,266.3844352,25.78444803,UDP,38599,23,64145.90168,22.16803413,Smart TV,Malware,1
643.5181014,33.2290923,7.991413442,TCP,58634,22,3088.688511,15.19428625,Smart Lock,None,0
676.6753756,241.9387805,30.79848372,UDP,32605,22,61550.79972,39.77181554,Camera,Malware,1
289.8525592,385.4032312,21.51621182,UDP,38057,80,30217.21182,16.7964062,Sensor,Botnet,1
666.9719815,19.58760764,5.14555514,UDP,24102,8080,3579.742102,11.66520916,Sensor,None,0
76.91865022,668.6288959,1,ICMP,34458,80,2742.850941,1,Smart Thermostat,Port Scan,1
413.3453276,27.45498947,1,TCP,57687,21,4783.759767,11.05725814,Camera,None,0
474.8709408,33.90530596,7.80237255,UDP,50747,80,4824.427062,12.76345224,Sensor,None,0
262.4897028,4.423202622,4.201417877,TCP,56752,80,4205.656641,12.7612435,Smart Lock,None,0
572.1310205,20.9612071,4.479542739,UDP,28704,8080,4398.981901,12.47481367,Smart Thermostat,None,0
374.797978,25.73698412,1,UDP,22388,21,4824.742747,4.341085216,Smart Thermostat,None,0
328.369606,37.77128459,6.202207888,UDP,22882,80,2050.198824,9.003213531,Camera,None,0
217.2658656,194.8789788,16.86250045,TCP,21191,23,11588.38516,22.94138207,Router,Brute Force,1
60.52277766,491.9700027,1,UDP,3404,22,2968.418815,1,Sensor,Port Scan,1
663.3081905,13.5675303,6.22468984,TCP,58352,443,2789.226422,12.82886727,Smart Lock,None,0
500.4959459,32.56491978,5.870507914,ICMP,5571,80,4859.046058,10.62325179,Camera,None,0
504.2444737,28.01620057,3.851066099,TCP,28683,443,4706.392952,16.56012448,Smart TV,None,0
607.0277091,15.29784378,6.472112267,TCP,26153,443,1915.394247,9.590578864,Smart TV,None,0
67.24209685,868.9829867,1,TCP,6453,3389,2034.140887,1,Router,Port Scan,1
517.8473811,42.8806607,4.409566586,UDP,31863,8080,5501.601873,4.880088081,Smart TV,None,0
881.4624415,38.51285575,3.58547094,UDP,38168,8080,3510.249817,12.72580408,Router,None,0
626.3173301,29.29284408,5.089316562,ICMP,56955,21,2706.495141,7.561077926,Smart Thermostat,None,0
706.5435406,216.1145121,27.40264804,UDP,36159,3389,56759.51961,38.63728533,Router,Malware,1
378.5565199,38.32951208,6.693472488,TCP,10435,22,4073.589111,8.426869999,Router,None,0
538.8158061,16.2694934,4.04294301,ICMP,24700,21,3499.785141,5.535829768,Smart TV,None,0
786.5357497,313.3606303,27.09084468,TCP,29250,23,44439.52549,21.75173955,Smart Lock,Malware,1
497.8924608,20.97576905,4.315318123,UDP,62903,443,2384.341661,11.44620051,Smart Thermostat,None,0
617.6280522,24.39648508,8.141087201,UDP,46386,443,2920.42328,12.9722852,Router,None,0
72.17205339,647.6181752,1,TCP,29543,80,1852.11319,1,Smart TV,Port Scan,1
665.3088155,261.4025749,17.16723041,TCP,37103,443,66218.06928,26.34376461,Smart Lock,Malware,1
661.0618754,36.32839132,5.756933879,TCP,62457,443,3783.827777,10.3042001,Sensor,None,0
478.5713639,35.96945897,4.715920784,UDP,32737,21,4668.197844,9.558779501,Camera,None,0
1477.741046,689.6444844,1.218705176,TCP,43043,22,91970.98426,1,Smart Lock,DDoS,1
322.3910224,372.2968288,10.07560301,UDP,45986,3389,31286.04645,26.13367924,Camera,Botnet,1
420.5688871,26.36946153,4.236524212,UDP,53537,21,3530.59766,10.03748236,Router,None,0
587.123484,41.69270109,2.660647998,TCP,29136,443,3671.880829,2.451714413,Smart Lock,None,0
468.8948889,30.62698303,5.21506836,UDP,60164,22,4555.145682,10.13265101,Camera,None,0
772.3535083,29.7998297,7.230805326,TCP,52493,443,3647.698353,5.206834846,Router,None,0
1806.101024,644.9886838,1,UDP,51842,3389,68728.4078,2.916782707,Sensor,DDoS,1
198.8940829,80.54160969,8.066254792,ICMP,43849,3389,7433.894644,13.09278606,Smart TV,Brute Force,1
461.2060882,34.13479544,5.922700224,TCP,26901,80,3817.921071,1.391139925,Smart Thermostat,None,0
219.6025853,178.0669808,16.23508592,UDP,60335,3389,6691.27988,16.61786998,Sensor,Brute Force,1
842.3951004,269.3939728,36.97108665,TCP,46048,22,37006.88354,33.86494907,Router,Malware,1
531.6110314,30.81387836,3.126804365,UDP,31944,22,2632.886116,8.381417591,Smart TV,None,0
617.2356981,16.28224442,4.494851924,TCP,57051,80,4279.820265,17.69353995,Smart Lock,None,0
602.5622876,21.99788303,6.265715829,TCP,21328,80,3683.802295,11.09609123,Smart Thermostat,None,0
511.5268567,20.34543322,1.678016222,ICMP,13426,443,3162.966347,6.718458576,Smart Lock,None,0
42.74950554,633.4376482,1,TCP,53878,443,1605.608927,1.010632519,Smart TV,Port Scan,1
642.8366844,1,3.767901949,TCP,55844,22,2533.814018,6.718788815,Camera,None,0
485.3499334,8.074565092,3.903854134,UDP,33233,8080,4248.913599,13.02600507,Camera,None,0
492.6911818,199.5684109,44.41988785,UDP,6435,80,53984.79822,14.48925248,Smart Lock,Malware,1
332.4680964,16.93337435,5.341258901,TCP,33861,22,3678.690089,14.85488767,Smart TV,None,0
407.0273605,44.31099166,5.563617097,UDP,60564,80,3681.326909,9.491240883,Camera,None,0
286.8556637,272.6801891,15.71824474,TCP,7729,22,33597.10194,29.13236714,Smart Lock,Botnet,1
452.4957927,25.97410397,3.825951218,TCP,39732,21,4298.848044,9.323583896,Smart Thermostat,None,0
124.1714218,33.82845709,10.14064396,UDP,7483,80,3992.08901,8.612251558,Smart Lock,None,0
205.3097422,138.8164287,12.8146716,UDP,58803,23,8231.950992,24.17860593,Smart Lock,Brute Force,1
520.2497114,33.78876912,5.488483486,TCP,41373,8080,5002.031993,9.71350578,Router,None,0
1077.021587,534.7505306,1,UDP,63949,443,88672.91618,1.882535473,Camera,DDoS,1
1217.126274,1215.356239,1,TCP,31345,443,110742.0664,2.77898148,Router,DDoS,1
75.70810517,668.1466985,1,UDP,5657,443,2488.298577,1,Smart Lock,Port Scan,1
1015.723981,277.5786981,50.51884418,TCP,30740,3389,31972.87583,37.1847925,Router,Malware,1
343.7812697,32.9638302,4.022634862,TCP,10271,22,5235.782893,7.733059851,Camera,None,0
401.4335985,38.38489204,3.194145644,ICMP,41977,443,3843.362102,9.877712422,Smart TV,None,0
373.1135906,11.021855,7.573180263,TCP,22496,22,3414.08179,10.80448834,Router,None,0
1347.769991,1233.195159,1.321393853,TCP,55612,80,76408.17738,1.267244838,Router,DDoS,1
263.8620685,539.0033946,32.13317034,TCP,32705,443,11502.48142,23.53748188,Router,Botnet,1
224.3529334,143.3815099,17.43892879,TCP,57418,443,5444.387164,26.66258345,Sensor,Brute Force,1
565.0634343,32.44681925,5.291029611,UDP,56701,80,3130.042527,7.403971504,Router,None,0
622.5059385,24.51654462,5.082412134,UDP,18805,80,2974.820806,13.05093114,Router,None,0
504.8403687,26.87731805,1.828793251,TCP,61377,443,4384.723315,6.029235096,Smart Thermostat,None,0
849.7093578,12.23013361,5.648025048,TCP,26960,80,4046.557473,12.28556432,Camera,None,0
724.6681611,29.52322318,8.536850657,TCP,37373,22,6071.082599,10.08925223,Smart Lock,None,0
1498.75668,714.6294937,1.122777025,TCP,28165,23,100712.8441,2.571678214,Camera,DDoS,1
73.87166984,415.2942623,1,TCP,2102,3389,1920.717033,1,Smart Thermostat,Port Scan,1
354.3676666,33.00979274,5.316594074,TCP,8209,8080,4791.130967,9.483339586,Smart Lock,None,0
999.143912,265.9442932,11.33880279,UDP,29440,23,45717.88317,24.87043406,Sensor,Malware,1
470.50862,39.52053653,1,TCP,34100,443,1679.643988,7.109084667,Camera,None,0
474.7690698,28.34344187,2.335765141,ICMP,34531,8080,2152.12988,6.74446189,Smart Lock,None,0
653.3319636,15.72166367,8.288072631,TCP,64398,443,3604.955885,4.998781262,Smart Lock,None,0
400.1429718,37.2716925,4.063355253,ICMP,7038,8080,2647.666981,12.26580747,Smart TV,None,0
756.8300938,208.1420518,37.0863315,UDP,30977,3389,55372.76012,25.57964737,Camera,Malware,1
292.8669424,498.4446381,12.42048429,TCP,51189,22,30522.06512,15.85650687,Smart Lock,Botnet,1
419.7145851,29.20153636,4.879371494,ICMP,38824,443,2922.772126,10.68690981,Router,None,0
805.8864092,220.5617086,40.21419389,TCP,65516,80,50360.87282,35.38937792,Smart TV,Malware,1
408.2998691,30.17750972,5.368293946,ICMP,48755,21,3088.897455,18.41338748,Smart Lock,None,0
507.4045561,30.37227836,4.822407105,UDP,48620,21,1680.389273,3.995362767,Router,None,0
496.2153461,18.65931361,2.275875647,TCP,8741,22,3280.453091,9.021059634,Smart Lock,None,0
226.8561749,152.249689,26.17540755,UDP,36634,443,5736.481128,25.95964174,Router,Brute Force,1
799.6483489,249.2705045,37.24379714,UDP,50923,3389,49901.89178,37.42815183,Sensor,Malware,1
742.1371246,31.77230145,9.895605507,TCP,51525,80,2720.609912,13.33168822,Smart Lock,None,0
496.5586055,29.47387907,6.22608842,TCP,34218,21,7023.781453,7.852427669,Smart Thermostat,None,0
435.0108966,50.44823248,3.747839073,UDP,39449,80,4335.845673,7.79120533,Camera,None,0
1183.869713,833.2497213,1.196597792,ICMP,1938,3389,82715.99635,2.042972617,Smart TV,DDoS,1
375.819736,413.5148797,20.01717546,TCP,43545,22,25305.85519,21.13569817,Smart Lock,Botnet,1
253.829476,128.8345328,6.729114124,TCP,43320,23,7562.092413,8.443098845,Camera,Brute Force,1
1555.7339,865.8935764,1,TCP,49548,3389,97151.30218,1.593915019,Smart Thermostat,DDoS,1
492.3355298,50.22108951,5.09261993,UDP,56993,8080,4630.800164,12.18061859,Sensor,None,0
554.7214619,16.6835524,2.344134972,TCP,5581,22,3774.432979,10.91245134,Smart TV,None,0
1352.469559,917.2589327,1.058275646,UDP,9244,3389,112990.672,1.929406605,Smart Lock,DDoS,1
1500.719848,461.8477263,1.604621909,ICMP,36536,22,87416.27196,1,Router,DDoS,1
390.5976468,37.80541109,2.103284324,UDP,10029,21,2597.309323,14.78481047,Router,None,0
463.4158564,24.73146804,4.508997021,TCP,33654,21,3267.992067,9.811579831,Smart Lock,None,0
566.2073923,34.26447416,3.878201818,TCP,12566,80,3416.476621,14.90927564,Smart Thermostat,None,0
652.7821606,224.2152946,27.16112417,UDP,55102,22,38104.48216,34.38467518,Smart Lock,Malware,1
162.9696329,139.0694499,19.85805953,ICMP,40654,22,7021.471898,7.443169861,Camera,Brute Force,1
69.2239131,592.426117,1,TCP,5429,3389,2030.274348,1.145267772,Router,Port Scan,1
1858.088917,917.327025,1.547008592,TCP,32734,80,84501.16402,2.565533085,Smart TV,DDoS,1
439.7449845,23.52952361,7.562461128,ICMP,30953,8080,3637.808866,9.847072404,Smart Lock,None,0
326.9241037,29.41588756,5.167962007,TCP,31863,443,2657.824834,8.779168754,Camera,None,0
508.8999412,20.54617321,3.973096026,TCP,11886,443,4425.714595,11.20709605,Camera,None,0
163.9540912,142.4020702,16.8442934,TCP,25980,443,8881.344321,22.74202032,Smart Lock,Brute Force,1
536.4516891,35.4135584,5.407998922,TCP,46058,22,3868.726525,5.848460518,Smart Thermostat,None,0
179.9699026,29.33211321,9.166421918,TCP,40288,22,3686.574167,6.395441602,Sensor,None,0
368.8011371,32.88916667,7.489894757,TCP,62502,22,2296.007137,7.500889832,Camera,None,0
532.6401328,23.71680015,4.443267119,TCP,43201,21,4226.059589,14.77818537,Sensor,None,0
912.9716953,275.9255826,19.87171147,TCP,58044,3389,53431.87127,27.91832772,Smart Lock,Malware,1
529.6523078,41.29482313,4.356928431,TCP,28439,22,3673.376666,9.531809498,Camera,None,0
479.9869119,37.49765554,5.782992075,TCP,11716,22,4113.875194,13.23702892,Smart Lock,None,0
536.4604911,29.08459981,3.938356344,ICMP,48576,80,3334.122289,11.30202947,Smart Lock,None,0
375.0652237,25.55690548,6.873937991,TCP,39440,22,2901.075434,8.376056934,Smart Lock,None,0
516.3509968,41.9955447,8.910973088,TCP,26773,8080,4766.774292,15.12969777,Smart TV,None,0
467.1661934,27.85755457,5.291743957,UDP,47499,22,5452.088132,6.059115673,Camera,None,0
468.5222569,20.95546774,5.394206502,TCP,55611,80,4340.622028,10.61697676,Sensor,None,0
508.6440288,34.13890285,8.232419363,TCP,9999,8080,4590.906323,5.255216802,Sensor,None,0
292.5126181,429.0247819,21.83315245,TCP,25027,3389,18976.74003,28.45125266,Smart Lock,Botnet,1
248.7331605,212.0328752,15.74170634,TCP,49542,80,5998.273216,14.16803173,Smart Lock,Brute Force,1
444.4905383,42.35478597,4.918167676,UDP,35340,22,4462.866822,14.04795415,Sensor,None,0
519.568425,39.73740293,3.881527133,TCP,23033,22,4397.984558,8.044272736,Camera,None,0
484.4215794,33.88136923,5.649363306,TCP,3735,80,3127.614892,10.71572833,Smart TV,None,0
1620.691667,780.280529,1.275424588,ICMP,3927,22,59968.15214,1.455690131,Smart TV,DDoS,1
732.9390014,288.2450278,37.45268393,UDP,33678,443,56664.38725,14.95405818,Sensor,Malware,1
756.9977121,25.93584984,3.975514542,TCP,5948,22,5128.972293,9.658157627,Sensor,None,0
367.3073246,37.63334112,1.899497159,TCP,33080,21,5469.570696,8.274940911,Smart TV,None,0
183.4707624,115.9905045,7.973985329,UDP,61111,80,5791.548169,19.47405552,Smart Lock,Brute Force,1
429.6738032,31.64320659,3.719019856,TCP,43007,443,3265.612243,11.45528161,Camera,None,0
72.66748537,583.6015339,1,TCP,29613,80,1661.060754,1.28097814,Sensor,Port Scan,1
914.5631007,328.2860282,31.786928,UDP,30009,443,33887.39462,30.86035815,Camera,Malware,1
447.0341225,31.51540796,6.100507486,TCP,33747,443,4975.98995,19.26553658,Smart TV,None,0
366.3676602,28.9051909,7.178274368,UDP,41349,22,5133.602358,10.023215,Sensor,None,0
471.6971498,42.1582936,4.098086347,TCP,41326,80,4099.093009,7.618031717,Smart TV,None,0
498.9958847,23.38375608,6.808129899,UDP,20124,80,3684.165832,10.06152569,Smart TV,None,0
197.6964387,155.2819399,6.55777108,TCP,6393,80,5925.398287,16.20176549,Router,Brute Force,1
594.7239867,36.08451736,4.571450115,TCP,40728,8080,4416.368148,6.728658242,Camera,None,0
334.530865,417.1912997,26.20514057,TCP,38200,22,29312.32585,31.70928243,Router,Botnet,1
65.75210122,391.6029465,1,ICMP,15410,23,2298.110846,1.312131329,Smart TV,Port Scan,1
495.9675872,25.08459174,5.169322561,ICMP,10739,443,5049.498606,12.53181067,Camera,None,0
337.3023235,22.05400545,7.607130136,TCP,51824,443,3728.325616,6.543253476,Sensor,None,0
1460.792326,934.891343,1.030100287,UDP,44095,80,126515.6251,2.726409145,Sensor,DDoS,1
1279.497967,974.1384212,1.055587455,TCP,5276,443,110720.6199,1.357228894,Smart Thermostat,DDoS,1
477.9064481,17.2875084,2.834586355,TCP,28488,21,4393.724999,8.839310348,Smart Thermostat,None,0
602.8152779,38.41820067,6.108233003,UDP,57660,21,1996.477708,14.81276308,Camera,None,0
66.62413899,511.0082392,1,TCP,16557,3389,1874.700886,1.142963893,Sensor,Port Scan,1
642.6003846,26.8790468,6.46298862,UDP,25307,21,4236.270771,13.46725311,Router,None,0
479.4079282,38.54959753,2.347302664,TCP,19349,21,3779.116793,8.632824967,Sensor,None,0
294.657271,395.8929598,27.0077499,ICMP,17889,443,29523.02175,14.71374144,Smart Lock,Botnet,1
1188.689254,1037.221661,1,TCP,52583,80,118184.1939,1.749155223,Smart TV,DDoS,1
1508.75988,826.1178136,1.010860792,UDP,39938,80,66639.58294,2.90475165,Smart Thermostat,DDoS,1
472.2263843,35.94690211,4.512943917,UDP,26753,8080,2809.516245,10.48457396,Camera,None,0
450.1408803,20.47463334,2.041734892,UDP,17849,8080,3914.90503,7.37409757,Smart TV,None,0
473.2052334,14.0404284,6.190572121,TCP,59987,443,3129.626326,10.25953237,Smart Thermostat,None,0
623.3664278,29.46697131,4.938512335,ICMP,1345,21,4317.998694,7.647224473,Sensor,None,0
617.9499448,3.748533159,3.336477651,TCP,34774,8080,4403.376243,10.80262086,Camera,None,0
426.309827,13.91193291,6.337110687,TCP,44345,21,2039.154402,12.11790924,Camera,None,0
381.2554256,8.679537193,5.535422925,TCP,61524,22,3387.903201,9.577627341,Smart Lock,None,0
536.5603399,34.7980232,2.31958323,TCP,40295,80,3747.242309,13.22711687,Router,None,0
468.0335012,32.3216989,3.889345562,TCP,2388,22,4155.429328,11.05526923,Sensor,None,0
460.9808716,39.49679903,3.429384815,TCP,21632,22,5615.430273,6.950468134,Router,None,0
181.0889706,94.85596595,19.53316389,TCP,17690,443,8329.796865,20.08151286,Camera,Brute Force,1
418.698906,9.394710529,7.57418452,TCP,42593,8080,3358.367561,7.595683661,Smart Lock,None,0
830.3367278,210.3102267,27.60154759,TCP,56412,80,46713.52384,27.11286338,Smart Thermostat,Malware,1
399.0861034,32.72955755,4.800330839,UDP,13630,22,4357.128676,13.27475086,Smart Thermostat,None,0
363.4083219,33.99630686,5.028779386,TCP,35729,80,5383.13514,9.689474055,Router,None,0
470.5135072,23.5039629,2.493389475,TCP,7536,443,4273.321257,16.716495,Smart Thermostat,None,0
553.5365393,41.50839749,5.727774008,UDP,44103,22,2138.610245,12.07559207,Router,None,0
773.9388806,244.6248577,37.55307847,UDP,55953,23,59266.45924,39.95481508,Camera,Malware,1
574.5860913,29.95821207,4.040638047,ICMP,14697,80,5650.369168,7.793482877,Camera,None,0
1622.983114,871.3857405,1.171051751,TCP,56497,443,70295.30131,2.338934844,Smart Lock,DDoS,1
394.4429087,36.73794394,6.721059416,ICMP,35120,22,3773.545415,12.24181615,Smart TV,None,0
377.6070498,230.0673066,20.80877362,TCP,61083,23,38576.35584,18.32271763,Camera,Botnet,1
1023.6731,815.3346575,1.008306586,UDP,38702,22,88268.22249,2.874013311,Router,DDoS,1
525.0370288,32.02318181,3.37740733,TCP,31710,8080,4926.376748,7.687962221,Sensor,None,0
195.5754083,170.7739236,11.99585985,UDP,46409,443,5533.795836,19.19393485,Sensor,Brute Force,1
338.4726407,14.44160588,8.329552117,UDP,52591,22,3726.008235,5.568076737,Smart TV,None,0
434.8195003,30.14527882,6.38020885,TCP,22780,80,5019.043693,13.09058621,Camera,None,0
895.262493,34.21013302,2.240038668,TCP,12152,443,4909.061508,9.367113162,Camera,None,0
305.6318367,11.6430131,5.758678333,TCP,31475,443,4030.246565,9.267439243,Smart Lock,None,0
320.0252953,379.1252301,29.11450206,UDP,9143,23,22623.59459,37.74525923,Smart Lock,Botnet,1
471.6500441,20.55372067,6.983788679,UDP,18602,80,4145.493047,9.748532435,Smart Lock,None,0
386.3524607,19.77912754,3.244487869,TCP,7628,21,3864.472182,10.10967899,Router,None,0
51.17313392,651.1965381,1,TCP,64094,80,1827.481809,1.020029236,Camera,Port Scan,1
384.680439,44.07758805,7.458649863,TCP,61646,443,4226.10801,9.763792623,Camera,None,0
990.957858,290.6747469,24.36981271,ICMP,53946,3389,46681.45589,48.18965368,Smart TV,Malware,1
675.5963469,18.11236946,3.720496935,ICMP,10347,8080,2623.313852,11.90545284,Smart Lock,None,0
534.7230988,26.44301684,5.671682514,ICMP,31022,80,351.5871748,4.829609778,Sensor,None,0
291.3037497,432.031552,24.47124187,UDP,8399,23,31138.35708,31.7806672,Router,Botnet,1
1177.959893,1192.052545,1,TCP,12392,443,101419.1926,2.060607584,Smart Lock,DDoS,1
851.7530369,278.5603635,32.69790948,UDP,10944,22,40340.95508,43.5910045,Sensor,Malware,1
473.0321895,31.62406051,4.748079135,TCP,27256,443,4994.07317,6.846472158,Router,None,0
386.2787597,25.52580856,7.498104336,TCP,45024,443,4543.989614,8.810602354,Smart Thermostat,None,0
792.7171759,288.0608275,24.03776911,UDP,5762,3389,53320.99478,29.44189119,Sensor,Malware,1
651.3124788,43.67907451,3.295682388,TCP,27290,22,4971.139007,10.08406656,Smart Thermostat,None,0
1527.245827,758.0955652,1,TCP,5345,22,97293.15252,1.692704093,Sensor,DDoS,1
577.7432981,36.86866961,6.212460412,TCP,40929,8080,3795.012606,7.822407873,Camera,None,0
901.677445,285.5217589,47.28265415,TCP,12088,23,43189.29655,40.38172359,Camera,Malware,1
189.114884,192.7823437,15.05734514,UDP,54272,80,6681.160415,19.98289578,Sensor,Brute Force,1
572.6630246,27.37621869,4.661314986,TCP,36927,22,4091.293772,12.86388338,Smart Lock,None,0
825.2894633,27.86195442,3.404234473,TCP,24534,80,3473.284608,6.902808941,Router,None,0
613.1112345,34.92296912,3.758962759,UDP,40409,21,3945.295563,13.49701627,Camera,None,0
489.7271243,10.61247373,2.355427208,UDP,19076,8080,3300.747902,9.503048573,Sensor,None,0
210.1831516,137.223638,8.435712186,TCP,33429,3389,10365.07751,25.23698586,Router,Brute Force,1
269.3619965,141.5652262,11.13154884,UDP,26093,22,9595.682797,15.37841779,Camera,Brute Force,1
822.2275197,288.6341759,26.85567805,TCP,29010,23,55420.92944,16.57652704,Smart Lock,Malware,1
751.9768146,246.8344874,19.28801015,TCP,26873,23,52618.49955,40.26984899,Smart TV,Malware,1
603.9639482,21.89111056,6.182213029,TCP,33130,443,3651.630637,10.27457932,Smart Lock,None,0
724.2052256,227.6021732,25.35153224,ICMP,46012,22,45575.73193,36.21829817,Camera,Malware,1
589.4754328,32.00569139,4.714683773,TCP,28080,80,4042.173699,8.759152443,Smart Thermostat,None,0
548.5454232,27.33602925,3.701880494,TCP,49648,8080,3239.135255,11.70533292,Router,None,0
794.890891,48.01741948,4.176501165,TCP,36563,8080,2091.869587,9.649359441,Smart Lock,None,0
1563.133552,895.82878,1,TCP,38878,80,113351.4677,3.940096198,Camera,DDoS,1
1503.589479,1223.021345,1,UDP,15379,443,79594.92468,1.893024787,Smart TV,DDoS,1
692.213467,27.60644373,2.953005015,TCP,51786,80,5359.187575,12.50533374,Smart Lock,None,0
64.98472377,498.4770461,1,TCP,39475,3389,2195.113858,1,Smart Thermostat,Port Scan,1
671.245935,20.65913263,4.635088181,TCP,13708,443,5592.215136,10.22718507,Router,None,0
776.1114094,244.0618888,46.59873756,TCP,29118,3389,63950.91537,39.71722343,Router,Malware,1
421.7510517,23.71592221,5.362862796,TCP,34980,8080,3925.237437,9.718003677,Camera,None,0
78.70213539,496.4067249,1,UDP,38272,443,1902.833715,1,Smart Thermostat,Port Scan,1
573.7572858,42.55158417,5.616350177,ICMP,25041,8080,4070.589575,10.07731058,Smart Thermostat,None,0
61.88612773,608.7151024,1,TCP,57002,80,2556.218501,1,Sensor,Port Scan,1
576.9564458,24.41848214,5.906160149,TCP,23465,21,3897.764272,9.932727075,Smart Thermostat,None,0
216.921466,111.3946921,13.57902071,ICMP,26508,443,5751.813533,12.98526418,Smart Lock,Brute Force,1
63.88551768,236.9130118,1,UDP,23874,80,2481.303289,1,Camera,Port Scan,1
542.1757834,29.43491053,6.032828566,TCP,30461,8080,3229.155374,8.38548935,Router,None,0
1084.115502,187.3095742,27.81367877,TCP,16037,22,45478.48884,41.67957668,Camera,Malware,1
404.2215971,32.11386475,5.780909864,TCP,56300,21,4198.578621,11.46815182,Router,None,0
607.4936613,35.91252942,5.344062274,TCP,9827,80,3755.877228,9.939716355,Sensor,None,0
60.80012553,714.9924485,1,UDP,34341,3389,1475.481906,1.050549638,Smart Thermostat,Port Scan,1
306.1938931,39.88531863,5.729050076,UDP,50709,8080,2499.330597,6.923769617,Camera,None,0
675.3733151,18.92954318,3.210545962,UDP,21694,8080,3994.878133,9.509671304,Smart TV,None,0
176.3515055,142.1792042,15.65219513,UDP,2618,23,9615.928891,19.56589469,Smart Lock,Brute Force,1
615.9355617,26.2962939,5.684006915,TCP,15412,22,3123.435176,8.987710738,Router,None,0
691.5039454,291.4850308,21.6347248,UDP,42249,80,44549.08156,51.4205228,Smart TV,Malware,1
348.7884756,305.1622693,27.82946611,UDP,41314,22,28984.03382,31.23346326,Smart Lock,Botnet,1
528.419134,49.02907462,4.093123403,UDP,49019,443,3836.0465,8.257119434,Smart Thermostat,None,0
546.3015863,22.3694279,2.775177056,UDP,37874,80,4480.143403,4.766242039,Camera,None,0
458.7678687,14.36185309,6.242395119,UDP,27766,22,4405.240091,8.576526312,Sensor,None,0
670.080006,29.61939877,6.108129673,ICMP,44753,21,3940.094062,13.68768274,Camera,None,0
317.0325596,405.5042901,24.76723831,TCP,34004,23,28379.64196,14.17552459,Smart Lock,Botnet,1
385.3626189,27.17985518,5.482904319,UDP,20832,22,5003.476291,13.23794697,Smart Thermostat,None,0
223.0489847,190.21162,13.5598301,TCP,50165,3389,6260.22617,17.11803808,Camera,Brute Force,1
726.8998146,356.6510885,12.85816093,TCP,56595,80,54740.41667,38.58455387,Smart TV,Malware,1
595.4426497,46.46493075,6.170972464,TCP,41467,443,3292.202137,11.9619587,Camera,None,0
1052.555912,213.2872172,33.08159638,UDP,20684,3389,36684.23643,27.5097993,Sensor,Malware,1
714.1937747,23.91149092,5.336411614,TCP,16799,21,3453.675641,10.53751532,Smart Thermostat,None,0
153.1579333,208.498869,11.71329949,ICMP,12883,3389,5494.101167,24.93240605,Sensor,Brute Force,1
1302.734677,1257.291902,1,UDP,60782,23,106056.9881,2.766545913,Camera,DDoS,1
1118.777455,837.83437,1,UDP,36433,3389,80984.85918,1.777550756,Camera,DDoS,1
330.1549813,356.1901131,11.34744202,UDP,28302,80,36725.32598,21.9461749,Router,Botnet,1
64.73596783,470.6846211,1,TCP,21677,3389,1541.182438,1,Camera,Port Scan,1
179.8933672,125.3149663,15.07247283,UDP,60324,22,6466.189239,24.47271859,Smart TV,Brute Force,1
265.1445765,476.2563907,23.91935555,TCP,23345,443,19803.14072,24.96860683,Smart Lock,Botnet,1
770.9737362,226.7898411,49.62476605,UDP,55418,80,70362.96002,30.45500558,Smart Lock,Malware,1
884.9793097,7.268223699,6.390754296,TCP,28680,80,4426.768922,9.379683509,Router,None,0
56.19846202,483.4872932,1,TCP,52413,80,1784.703376,1,Camera,Port Scan,1
573.5558457,28.59012103,8.063557781,TCP,55243,8080,4750.121812,15.80138046,Router,None,0
648.6991998,16.70548185,6.139595897,TCP,47707,80,3862.553007,11.25534811,Smart Thermostat,None,0
1381.429306,674.4019988,1,TCP,24259,443,97559.9415,1.833758416,Camera,DDoS,1
709.0776615,33.07410766,5.349223695,UDP,28724,8080,5305.010489,7.836813656,Camera,None,0
191.9876333,154.3799628,22.71939494,ICMP,7670,443,5697.010759,16.88461873,Smart TV,Brute Force,1
549.6167952,28.62288559,1.144957729,UDP,30527,22,3117.028094,11.24326999,Smart Thermostat,None,0
496.2098301,18.45851064,8.071814098,TCP,8713,8080,2237.881988,8.062104604,Smart Lock,None,0
470.7324668,9.025490424,3.211585296,TCP,30363,8080,5381.707593,9.505186674,Smart Lock,None,0
886.8397058,165.2038747,17.97642929,TCP,19454,80,45019.20173,55.00589357,Smart Lock,Malware,1
220.9545547,136.3790635,18.87353911,ICMP,7866,22,9668.345782,23.72948978,Camera,Brute Force,1
440.8557263,25.23115977,8.097451117,ICMP,62498,22,2522.857035,9.486301768,Sensor,None,0
1578.628854,1034.859761,1,TCP,19382,23,72234.1556,2.801830842,Router,DDoS,1
1473.400726,899.4135021,1.31469378,TCP,34971,23,87950.33006,1.434172883,Smart Thermostat,DDoS,1
223.8119699,141.8344802,14.47877445,TCP,55574,3389,8732.039269,23.71515216,Smart Lock,Brute Force,1
510.0345293,24.43808041,2.440318085,UDP,23375,443,5359.2206,10.76564025,Sensor,None,0
232.5462444,451.9398241,17.97255291,TCP,48901,80,22507.07201,37.45284114,Smart TV,Botnet,1
404.4103669,543.7423619,14.13061153,TCP,58828,22,22127.34281,16.01895552,Smart TV,Botnet,1
734.5631018,33.52462497,5.677989021,TCP,24327,21,1813.59356,12.9062216,Camera,None,0
194.4657864,197.4224013,11.69309172,TCP,17380,22,9059.323419,23.9441139,Router,Brute Force,1
1348.689988,1077.235468,1.602608092,TCP,18848,80,90632.71043,2.125831349,Router,DDoS,1
516.5889718,37.60133085,5.458422748,TCP,7889,443,3820.388586,10.59032829,Smart Thermostat,None,0
500.373026,22.50186662,4.528341276,TCP,4430,443,5771.341242,9.704661993,Smart Lock,None,0
649.8827236,36.87692185,8.932254943,UDP,2072,80,3537.478616,4.078951971,Smart TV,None,0
816.0282697,167.2578442,21.90083962,UDP,64838,3389,63429.92652,40.24647713,Smart Lock,Malware,1
600.7907126,32.36955389,4.790083688,UDP,58432,21,2219.261892,7.590279724,Smart TV,None,0
681.5741647,276.7446056,38.60982651,UDP,27095,80,51330.22921,30.62548615,Sensor,Malware,1
1073.761316,1170.576255,1.338647339,UDP,56514,3389,79448.38782,1,Sensor,DDoS,1
737.9135051,198.1300447,30.11486231,TCP,54329,23,66380.6552,42.40013228,Smart Thermostat,Malware,1
396.1002661,39.68278355,1.634260457,UDP,38092,21,4586.222331,12.13367974,Sensor,None,0
686.2840408,34.21410907,5.906122212,UDP,62350,443,2697.678595,9.412289275,Smart TV,None,0
972.0540745,273.6020042,21.28318569,UDP,6231,23,50334.28054,29.89041506,Smart Lock,Malware,1
499.1544151,37.12231306,4.177331535,TCP,63835,443,4759.050566,8.260282518,Camera,None,0
346.1778503,30.30006539,4.433673342,UDP,46136,21,3744.835825,5.391183058,Camera,None,0
259.0528339,32.66736168,2.872880541,UDP,2213,22,4542.858224,13.07353803,Sensor,None,0
245.8506302,336.9789568,21.38734526,TCP,50764,3389,34953.15244,11.55424878,Smart Thermostat,Botnet,1
550.764317,43.74907711,4.193852278,TCP,42701,8080,2189.554296,15.90060593,Sensor,None,0
191.9534424,132.0047678,15.00785841,UDP,1666,3389,8661.172517,15.81131011,Smart Thermostat,Brute Force,1
325.9784756,44.11167174,2.657109628,TCP,29225,80,3681.793528,5.324748161,Router,None,0
62.22441394,562.6620683,1,UDP,35981,3389,2806.945095,1.262181476,Sensor,Port Scan,1
626.0786514,276.8417373,27.99705705,UDP,26908,22,35291.86187,40.08676102,Smart Lock,Malware,1
537.5883833,18.00598174,1,ICMP,13711,443,3394.550512,14.55857404,Smart Lock,None,0
282.8459637,34.6936066,9.545983652,TCP,37174,22,4182.91473,9.780345028,Router,None,0
246.32414,141.3918469,25.05629957,TCP,46095,443,7733.82084,16.65494499,Camera,Brute Force,1
529.4445211,12.23601704,3.692073733,TCP,21505,8080,4908.062844,6.391910242,Smart Thermostat,None,0
57.8007811,512.1677981,1,UDP,57487,22,2053.594921,1,Smart Lock,Port Scan,1
294.6987261,645.178243,11.92522641,UDP,1915,80,27673.28474,22.39680113,Router,Botnet,1
344.7195197,442.4868767,20.69862158,ICMP,57177,23,26176.38652,17.80599325,Smart Thermostat,Botnet,1
471.1475364,31.02031297,5.157977433,TCP,22047,80,4352.034472,7.034118552,Smart Lock,None,0
629.0867561,33.5675629,4.391044385,TCP,18084,80,4012.578502,11.97045558,Router,None,0
842.8967691,33.01124743,8.212722301,UDP,23956,443,3010.804228,13.17926083,Sensor,None,0
1063.0619,245.8891603,27.95257938,UDP,34403,80,39166.46042,39.2866652,Smart Thermostat,Malware,1
954.8637734,230.6915914,20.90870801,TCP,39065,22,52403.76336,37.89526804,Smart TV,Malware,1
408.1573382,18.15034792,6.103909793,UDP,65184,22,4817.711606,11.30883836,Smart TV,None,0
217.4255428,166.4967758,11.44161698,UDP,4941,80,10499.42032,10.42614995,Smart TV,Brute Force,1
455.0621733,16.18368676,6.882763901,UDP,51499,443,4092.2656,6.389199355,Router,None,0
642.8720815,23.47203706,4.745493382,TCP,44654,8080,3736.40985,14.00913837,Sensor,None,0
156.1689705,153.8236651,13.01564899,TCP,42151,3389,10036.05301,13.41664151,Smart Thermostat,Brute Force,1
1273.550163,814.1951871,1,UDP,41062,23,80398.49476,1.192762842,Smart Thermostat,DDoS,1
513.2474871,25.91666837,2.20378068,UDP,38158,80,3723.29991,8.211733301,Smart Thermostat,None,0
230.7667507,99.72474682,9.857109872,TCP,22474,3389,7400.772843,20.24721841,Smart Thermostat,Brute Force,1
726.1626832,264.3910504,40.03828952,ICMP,32189,80,58679.39858,29.87254105,Smart TV,Malware,1
492.9149339,53.90222711,4.029207594,TCP,43036,80,6331.024672,12.45834272,Smart Thermostat,None,0
489.5154475,23.06919448,3.729531938,TCP,22124,21,2953.81778,4.945411493,Smart Thermostat,None,0
877.6069253,250.4651462,27.83887272,ICMP,62779,22,48222.08989,43.44301212,Router,Malware,1
752.7488357,42.40596546,6.570121836,TCP,41988,22,3905.155393,7.673778628,Camera,None,0
379.441027,335.8323742,18.52176174,TCP,45456,23,29019.98039,15.78870217,Camera,Botnet,1
449.439527,39.78592864,3.923401809,TCP,10928,80,4704.190345,15.82260082,Router,None,0
266.3463528,270.4461005,13.69668202,TCP,15425,22,30561.96509,34.39491179,Smart Thermostat,Botnet,1
480.2418767,12.47901427,5.188366116,TCP,47720,80,4336.400939,7.252529568,Smart Thermostat,None,0
1331.912278,890.4266727,1.742625442,UDP,15432,80,101633.5698,2.438840986,Smart Thermostat,DDoS,1
1705.597963,982.4221675,1,UDP,53170,443,97568.67623,2.309204092,Camera,DDoS,1
483.4541373,30.74927079,7.078507219,TCP,35443,443,4188.710963,7.887520187,Smart TV,None,0
445.2234627,41.32234572,3.71126576,TCP,15142,80,4455.02372,14.33537787,Router,None,0
432.2824115,37.83136535,4.625201558,UDP,50270,21,4170.338771,12.80404619,Smart TV,None,0
54.96667062,495.0600057,1,UDP,23060,23,1664.98717,1.03603803,Smart Thermostat,Port Scan,1
427.2575663,40.51225974,8.551396065,TCP,39606,443,4388.625274,7.427962742,Router,None,0
345.6327998,16.39741634,2.145727196,UDP,33651,443,5125.043922,9.959752639,Camera,None,0
56.34426869,533.178085,1,UDP,2197,22,1257.323903,1.381620366,Router,Port Scan,1
471.6480266,25.46805266,4.668470167,UDP,28373,80,4461.553918,8.646996312,Smart Lock,None,0
241.2790393,20.84875341,5.814527787,TCP,25871,443,4158.44805,13.06722168,Smart Thermostat,None,0
379.7149105,12.59497011,5.034669258,TCP,7089,8080,6010.926112,11.64694862,Smart Thermostat,None,0
907.6900634,151.5005728,27.86676738,UDP,33512,23,53700.49683,34.18877666,Camera,Malware,1
484.9946701,23.89901134,9.599328139,UDP,32497,80,3804.377669,10.77786292,Smart Lock,None,0
472.9482261,17.22983555,5.139839162,UDP,40873,80,4397.0333,11.66674627,Smart Thermostat,None,0
1165.202364,1196.23007,1.017767768,UDP,64570,3389,79253.96835,2.276727271,Router,DDoS,1
539.6347935,27.88266197,5.997438882,TCP,59722,21,5997.514178,10.39703952,Router,None,0
43.28418063,556.8624373,1,UDP,34335,23,1529.113155,1,Sensor,Port Scan,1
400.2361161,31.4516678,4.613678646,TCP,31476,8080,5410.762854,7.676944297,Smart TV,None,0
506.8892086,18.82672398,5.82923257,TCP,12274,22,4219.584927,9.223882295,Sensor,None,0
344.7492586,490.3494099,16.7777784,ICMP,32755,443,33287.12507,24.49957646,Sensor,Botnet,1
253.9400741,188.660726,11.42644227,TCP,48268,443,6746.516979,26.06060488,Camera,Brute Force,1
837.9770857,250.7300117,21.60547524,TCP,56040,443,43472.52689,43.11245396,Sensor,Malware,1
188.8805024,180.7075994,18.17331147,TCP,32162,443,8389.84436,13.52739386,Sensor,Brute Force,1
833.851726,313.8746132,28.90995648,TCP,22068,80,62792.61995,37.7156114,Router,Malware,1
1176.340682,981.9107742,1,TCP,12611,443,97542.37087,1,Smart Lock,DDoS,1
214.9844758,139.6829823,15.8278617,UDP,21974,443,9034.441193,18.80968786,Camera,Brute Force,1
338.8983984,477.8500698,28.3906619,TCP,31107,3389,28482.72918,11.98933748,Router,Botnet,1
323.7632684,36.32868324,3.433197892,TCP,23112,21,2742.617525,11.53041615,Smart TV,None,0
191.2128084,191.9998736,15.75678401,TCP,7415,80,8554.620654,16.54664157,Router,Brute Force,1
398.737391,36.22258748,3.391004361,TCP,58363,22,4354.621161,9.295211715,Sensor,None,0
72.088145,566.6643233,1,TCP,39770,443,2133.842917,1.252424915,Smart Thermostat,Port Scan,1
400.3076142,31.45938294,4.965924221,UDP,20751,80,2234.779685,12.92145722,Smart TV,None,0
692.1050148,32.00005308,1,TCP,8059,22,3762.976127,12.14501743,Router,None,0
497.9838611,21.46956072,6.75879595,ICMP,51733,21,5127.241207,11.40252803,Smart Lock,None,0
687.3725842,18.72219235,4.240386976,UDP,56580,21,3673.737995,14.28245585,Router,None,0
669.5129481,39.36966542,5.142589227,UDP,23654,80,3780.368848,10.75703749,Smart TV,None,0
812.8527038,217.8785255,25.57606187,ICMP,19478,3389,46403.7304,33.16118605,Sensor,Malware,1
469.6171346,45.79003112,5.877336335,TCP,37733,21,3914.42732,11.23165491,Smart TV,None,0
216.0132882,150.7332193,15.10825966,UDP,31261,23,8536.223919,16.44079455,Smart Thermostat,Brute Force,1
67.99608988,400.4845732,1,TCP,42057,23,2104.404605,1,Smart Thermostat,Port Scan,1
828.4391004,298.0209073,37.48392255,TCP,11279,22,50017.4375,38.81474324,Sensor,Malware,1
350.6370486,510.792555,17.53491842,UDP,43928,443,23056.71718,23.60890018,Smart Lock,Botnet,1
312.4447886,424.2985465,19.29531275,TCP,40495,443,40370.79233,25.85470809,Sensor,Botnet,1
59.31271951,401.033794,1,ICMP,51127,443,1327.372879,1.10563362,Smart Lock,Port Scan,1
329.559758,466.8958493,20.64930561,UDP,25916,80,36677.70138,32.38226992,Smart Thermostat,Botnet,1
206.1861838,162.9759165,16.15219692,UDP,49536,443,6801.514601,24.23649147,Smart Thermostat,Brute Force,1
656.5416437,22.59484179,7.018199607,TCP,44050,80,3593.866355,6.914487277,Smart Thermostat,None,0
50.07095912,713.7107481,1,UDP,18010,22,2070.515104,1,Smart TV,Port Scan,1
1707.288589,947.4744568,1.212638081,ICMP,56823,23,103105.2335,1.203387034,Smart Thermostat,DDoS,1
221.6246929,151.4116566,16.10164798,UDP,63032,80,7990.847712,15.18839839,Camera,Brute Force,1
1165.365349,929.5617851,1,UDP,41273,3389,87218.06596,1.539298092,Router,DDoS,1
844.7021596,236.2705203,33.57910169,UDP,52119,22,36658.97692,41.4522708,Smart Thermostat,Malware,1
58.69036563,505.1382352,1,UDP,32191,443,1196.648625,1.177111463,Smart TV,Port Scan,1
178.7431185,126.1687158,14.59599338,ICMP,33766,80,10596.36933,14.24256904,Smart Lock,Brute Force,1
340.9818381,384.2062466,23.33616725,TCP,5679,3389,26956.60753,28.44593887,Sensor,Botnet,1
453.699347,23.31729995,5.513567563,UDP,53717,22,3046.429185,11.11182433,Camera,None,0
704.7157776,241.0080357,40.01894025,ICMP,11990,443,63800.92695,33.07653547,Smart TV,Malware,1
1341.582909,789.9691433,1.47695267,UDP,41366,443,92625.48775,1.383907918,Camera,DDoS,1
189.6614088,177.0594389,9.279839515,TCP,51470,443,7923.180237,14.25772265,Sensor,Brute Force,1
178.9707474,153.7696042,14.77195819,TCP,53894,22,8926.941233,21.0895466,Camera,Brute Force,1
557.6401155,55.31904678,7.960198407,TCP,27919,8080,3116.800369,12.36672365,Smart Lock,None,0
419.322096,44.69723765,3.828372786,UDP,4162,22,3547.38106,9.263349504,Smart Lock,None,0
301.0318658,336.8190141,17.28946446,UDP,31226,443,25885.03392,21.47825117,Router,Botnet,1
62.43732741,680.5799434,1,UDP,36100,3389,1817.637032,1,Sensor,Port Scan,1
514.7971285,25.2912612,4.119821979,UDP,14003,22,4382.871135,7.015578289,Router,None,0
347.0029294,372.6422482,14.80288152,ICMP,59018,3389,37783.15854,26.19933429,Camera,Botnet,1
209.1588867,385.9906438,29.65780221,UDP,32784,80,44113.88338,28.03041886,Smart TV,Botnet,1
578.0887313,29.34453458,6.153770621,TCP,15310,22,4114.117571,6.211976464,Sensor,None,0
802.4850431,38.85685654,7.608660265,ICMP,20933,8080,3212.998017,2.317787843,Smart TV,None,0
441.217735,11.87411633,5.536717976,UDP,25251,21,4422.186661,8.954239102,Smart TV,None,0
337.887675,301.1868822,18.69411767,TCP,49397,23,19352.08838,24.31113944,Smart Thermostat,Botnet,1
332.824185,495.4721061,19.20613962,UDP,36690,23,28041.52434,7.465738741,Smart TV,Botnet,1
351.9474555,424.7080447,17.22266495,TCP,29450,23,39967.28306,20.9411979,Camera,Botnet,1
1133.46704,657.0068663,1.158237193,TCP,29724,3389,92874.89492,1.973694421,Smart Thermostat,DDoS,1
726.7186235,213.7069574,39.39519897,UDP,14688,22,38056.06207,33.34859525,Smart Lock,Malware,1
1752.258066,1027.167796,1.106962713,UDP,3525,443,80114.01267,1.5099984,Router,DDoS,1
53.14118835,401.0691791,1,TCP,53897,23,1860.911242,1.499482855,Smart Thermostat,Port Scan,1
273.5416183,395.6238548,14.62832138,UDP,28183,23,26675.99432,6.897907536,Smart Lock,Botnet,1
54.39047273,709.7654057,1,TCP,40298,443,2201.363222,1.310991575,Router,Port Scan,1
181.118764,122.1482803,19.08023743,TCP,37011,22,9357.935478,16.74947189,Sensor,Brute Force,1
333.7063496,410.8975439,22.15310922,TCP,41300,22,14934.42681,37.97405421,Camera,Botnet,1
776.45982,238.2663905,44.56245757,TCP,52015,23,34119.25339,63.22517845,Sensor,Malware,1
719.584311,277.1863077,35.28312605,TCP,45227,22,48170.26516,29.20394065,Smart Thermostat,Malware,1
181.7053869,146.3056078,5.772152533,UDP,17665,80,6506.463427,13.9386689,Smart Thermostat,Brute Force,1
822.8029919,243.973553,46.66763118,TCP,25816,22,53814.23317,34.82266212,Smart TV,Malware,1
568.922514,28.46449678,6.056037359,UDP,2808,80,4137.753692,11.35576685,Smart TV,None,0
448.8697316,30.25262831,6.085352693,UDP,60399,21,3538.064811,6.014814384,Router,None,0
552.1271032,14.97058913,1,UDP,1524,22,4475.502333,8.425202456,Smart Thermostat,None,0
984.2783097,224.3643472,23.59217318,UDP,54741,80,61997.37386,42.76568593,Smart TV,Malware,1
524.1989051,19.90849659,5.610656575,TCP,53077,8080,3788.889515,10.85537152,Smart Lock,None,0
418.7611583,42.19963295,4.043670151,UDP,40273,80,3722.661791,13.71654965,Smart TV,None,0
396.1162183,42.81333856,5.149553578,TCP,24205,8080,3340.502304,15.03270835,Sensor,None,0
1190.225151,971.7987251,1.44150199,TCP,20879,80,94038.1282,1.317907146,Router,DDoS,1
1189.656901,864.6735947,1,UDP,44246,23,102785.5647,2.277411476,Sensor,DDoS,1
190.5555185,172.4736952,12.43062872,UDP,48436,80,8625.488883,19.37238531,Sensor,Brute Force,1
1434.879921,1148.513598,1.363397558,UDP,2941,23,83713.89061,2.460274899,Sensor,DDoS,1
577.0780576,36.6252613,1.955371539,TCP,44154,80,6446.317859,5.215374208,Camera,None,0
405.6181863,38.73766254,4.880998943,ICMP,42718,443,3975.805112,8.311652786,Camera,None,0
500.6223738,31.95380916,5.723625889,TCP,23875,8080,3112.609978,7.105784671,Sensor,None,0
1454.96668,657.0725776,1,TCP,60699,3389,88713.38711,1.390660003,Camera,DDoS,1
193.2795643,177.9432273,9.334353567,UDP,33818,22,11413.32917,14.36807835,Router,Brute Force,1
341.1209486,22.26804883,6.018235138,TCP,54813,80,3875.667179,10.58779619,Camera,None,0
865.1031909,274.6852617,40.41553177,TCP,16614,443,59903.10381,36.82754852,Sensor,Malware,1
266.6113233,319.32027,30.6325939,UDP,6267,22,31489.1117,34.40514426,Router,Botnet,1
674.9804969,30.70135518,6.612200434,UDP,41248,80,4786.516751,9.883269896,Smart TV,None,0
185.8421469,158.5127701,12.27452752,TCP,15313,23,10236.57277,12.33399284,Smart TV,Brute Force,1
390.7310139,35.58548959,4.556927769,TCP,46064,80,4701.663648,6.894765658,Camera,None,0
661.3285967,29.80339813,7.171072266,UDP,29458,80,2213.38118,13.34989797,Sensor,None,0
455.8885441,22.72426318,9.24334997,UDP,11105,80,4576.289192,6.990047829,Camera,None,0
1222.084439,1059.130143,1,UDP,26249,23,57477.03296,1.862609013,Camera,DDoS,1
381.4978664,36.78402875,6.280604735,ICMP,52298,21,3839.623364,5.77013953,Sensor,None,0
422.1969904,47.58110916,5.145849783,ICMP,40143,80,2402.572379,6.957520924,Smart TV,None,0
56.83210699,545.4051303,1,TCP,27286,22,1895.406155,1,Smart Lock,Port Scan,1
182.5736205,171.1055629,14.05995206,UDP,18467,443,7023.917809,25.60831978,Smart Lock,Brute Force,1
60.02218285,472.9331768,1,UDP,11944,3389,1783.262364,1,Smart TV,Port Scan,1
496.1130468,41.04183382,3.819779096,UDP,43301,443,5418.906049,11.17749681,Smart TV,None,0
59.26590492,756.9772912,1,ICMP,4922,22,2686.570993,1.074661323,Smart Lock,Port Scan,1
623.7695676,44.78031794,3.598414778,ICMP,23861,80,5306.285387,13.36301322,Camera,None,0
360.2206284,50.08755386,3.081144494,UDP,5455,8080,3069.735313,14.54910594,Camera,None,0
377.6287778,39.12152396,3.556010921,TCP,14299,21,3355.544235,7.971259908,Camera,None,0
706.1719995,27.60286221,5.105224152,TCP,10722,22,5366.679179,14.87349354,Smart Thermostat,None,0
608.4590826,42.88832392,6.939795387,UDP,40293,80,4077.961397,6.292762064,Smart Thermostat,None,0
377.8258866,35.31223229,5.227599131,TCP,31617,8080,2730.910385,9.917699937,Smart TV,None,0
529.8466712,26.029692,3.776390233,UDP,58224,22,5144.593339,11.79650252,Smart Thermostat,None,0
792.9665639,227.5739304,14.86338628,UDP,46278,23,32879.56606,34.74735117,Sensor,Malware,1
1158.505327,824.3721157,1.129742472,UDP,20300,443,50211.84575,2.28160458,Smart Thermostat,DDoS,1
450.7732407,32.39658697,4.291862381,TCP,11252,8080,3176.304023,11.36706976,Router,None,0
189.9319961,118.4108625,15.32745539,TCP,39556,80,10537.90321,27.33098107,Smart TV,Brute Force,1
397.9970999,16.94017627,4.857109194,UDP,47068,21,5227.291147,7.449377875,Smart TV,None,0
888.5934507,252.4331139,30.40673479,UDP,57911,80,50233.09648,47.49195503,Router,Malware,1
417.3857459,33.58352651,8.562076918,TCP,29270,22,4462.385659,12.3744968,Smart TV,None,0
248.8040265,155.5696061,10.90696706,TCP,2981,23,6609.460225,22.68091968,Router,Brute Force,1
502.2590116,31.47958465,4.618560244,TCP,8989,22,6507.724786,7.687824546,Smart Lock,None,0
61.85948215,594.6172573,1,TCP,27400,80,1767.340262,1,Smart TV,Port Scan,1
534.4772723,36.20754821,5.87489687,TCP,44473,80,5175.685403,4.710743217,Smart TV,None,0
473.5017457,37.10274876,7.6094634,TCP,2296,8080,2563.760582,16.09111897,Router,None,0
363.1806897,18.80464125,5.895627433,TCP,39962,80,3812.329009,10.83443118,Camera,None,0
433.5481815,15.97904004,3.499249383,TCP,33842,443,3924.272464,12.11323501,Camera,None,0
164.8611757,120.469747,20.16411209,TCP,25547,80,9365.940395,15.75590101,Camera,Brute Force,1
79.3877841,753.7185215,1,TCP,5565,443,2029.011221,1.631676411,Smart Lock,Port Scan,1
352.9529841,45.01235864,5.803856566,TCP,21749,443,4013.236673,12.20720008,Smart Thermostat,None,0
441.4376118,45.44449478,3.654057965,TCP,9377,443,3242.388275,4.874800321,Smart Lock,None,0
540.1693888,36.76225446,4.603933603,UDP,34106,443,6052.019624,6.722392049,Smart TV,None,0
610.168596,39.95030778,6.153360468,TCP,39402,8080,4590.64308,11.88819384,Sensor,None,0
324.7839764,19.33220762,7.714675168,ICMP,30816,21,3163.69858,12.27860124,Sensor,None,0
380.8007448,33.92030398,9.545317982,TCP,65048,80,4410.368703,8.589973843,Smart Thermostat,None,0
539.4041567,31.78740963,3.767413824,TCP,46638,22,2928.298673,8.939155775,Router,None,0
486.8318982,33.52720163,6.533645744,TCP,47801,8080,4823.753132,9.822152062,Router,None,0
547.0431933,31.1434911,5.754264969,UDP,37106,80,3024.471821,12.1447814,Sensor,None,0
455.3702502,12.43278218,5.655990967,TCP,22844,443,4863.828014,9.014424331,Router,None,0
473.5526608,45.30397801,4.04419692,UDP,59783,80,3390.442148,7.576532844,Smart Thermostat,None,0
226.9116316,36.40990719,4.773663181,ICMP,11965,8080,3416.319643,8.414721607,Sensor,None,0
43.969749,561.8970007,1,UDP,4569,23,2105.943804,1.067727203,Camera,Port Scan,1
205.5712411,142.6065678,24.9989653,TCP,63809,80,8278.407982,12.43499002,Smart Thermostat,Brute Force,1
435.769332,15.37542615,6.559739225,TCP,31315,22,2459.265504,10.89675446,Router,None,0
416.6883485,20.57320085,6.873138712,TCP,33849,22,3936.491326,12.19447722,Router,None,0
528.2143932,42.15482416,8.231964848,UDP,10327,80,4748.813886,7.999747449,Smart Lock,None,0
263.5528553,161.5710746,13.05047503,TCP,29151,3389,4871.55467,15.75767987,Camera,Brute Force,1
726.5508766,29.98880278,1,TCP,46826,21,5575.920289,15.49286287,Camera,None,0
490.1209186,42.70042934,3.933495635,TCP,56451,8080,2302.37769,14.28501492,Smart Thermostat,None,0
75.92480615,624.2606996,1,TCP,59180,443,2032.873741,1,Sensor,Port Scan,1
1538.913264,945.1333116,1,UDP,15363,22,79491.5384,1,Smart Thermostat,DDoS,1
576.0874827,43.788867,8.262091088,TCP,56606,22,4197.330131,16.41904523,Sensor,None,0
57.23314538,513.1895674,1,TCP,30626,3389,1902.955048,1.140303513,Sensor,Port Scan,1
520.9783192,6.42512541,8.761752614,UDP,41732,22,2621.898658,8.586999216,Smart Thermostat,None,0
1305.575161,938.225975,1,ICMP,36898,3389,90565.32218,1.419874345,Camera,DDoS,1
301.767907,372.5077379,19.59577372,UDP,18247,443,25360.83325,33.11105443,Smart Thermostat,Botnet,1
502.1044282,19.73601546,4.019723304,TCP,22692,80,4401.748919,6.630466054,Camera,None,0
896.600898,234.9800284,25.06341186,TCP,53458,3389,42030.7284,23.14000753,Camera,Malware,1
362.9674129,30.06339062,10.19534745,TCP,53168,21,4091.520178,11.74233129,Smart TV,None,0
736.5348765,296.2115743,21.14200311,TCP,31777,80,31298.9903,33.40416522,Camera,Malware,1
588.5018682,20.6638232,4.589124884,TCP,29861,8080,4840.308137,4.81803873,Sensor,None,0
1601.504673,863.4497099,1,UDP,63984,3389,101123.4736,1.309097413,Camera,DDoS,1
410.8495079,37.41366531,6.149783836,TCP,30266,21,1463.569995,11.78616056,Router,None,0
548.2928904,25.70527354,5.629492611,TCP,49889,22,4009.552286,6.698304001,Router,None,0
376.2557518,30.09173248,4.767466709,ICMP,61752,22,2335.643607,17.48178102,Smart Lock,None,0
677.2872361,24.5744218,5.924424978,TCP,61063,443,4602.652446,9.452500472,Smart TV,None,0
460.6228601,24.91879008,1.708397656,TCP,34167,21,4849.670252,8.405629293,Sensor,None,0
473.8778368,26.16199074,5.576438126,TCP,8672,443,4078.598706,7.965785415,Smart Lock,None,0
593.9021817,45.53564668,5.73629311,TCP,57689,22,3765.200606,12.48613422,Smart TV,None,0
429.8316707,24.94257895,9.080986829,TCP,41584,8080,4248.394065,11.00080691,Sensor,None,0
526.2726616,40.65279372,6.505603646,TCP,50906,80,4209.679309,13.29805523,Router,None,0
704.8121169,32.16204676,6.609761132,TCP,3685,21,4010.982893,14.30798205,Smart Lock,None,0
176.4531008,133.6048499,11.80728209,TCP,2679,80,7161.918238,18.57757344,Router,Brute Force,1
535.5403502,39.91436093,3.346068313,TCP,14545,443,2063.998871,9.827290713,Router,None,0
226.3011973,133.1000557,18.98419899,TCP,62706,443,8214.671654,21.85194599,Camera,Brute Force,1
474.1821001,21.86609588,3.920929636,UDP,41469,80,4604.791583,13.24256861,Router,None,0
220.7392079,129.297547,14.761354,TCP,20279,3389,7092.351722,16.7928935,Sensor,Brute Force,1
590.9165395,34.71067275,5.551381465,TCP,36115,22,4670.221457,12.2593369,Smart Lock,None,0
1271.545512,892.3259888,1.039015226,ICMP,19073,3389,72837.94518,1.424967395,Sensor,DDoS,1
178.0779085,152.4766212,15.29950646,TCP,28025,22,6777.349595,30.35506162,Router,Brute Force,1
61.95589465,733.1796915,1,UDP,57499,23,2066.40842,1.337237345,Smart Lock,Port Scan,1
314.0891388,24.89165441,2.852595175,ICMP,52182,8080,2952.908279,11.75135964,Router,None,0
802.4835181,169.8822367,50.64154791,UDP,20755,443,43737.62567,32.19639984,Smart Thermostat,Malware,1
471.9343387,41.01192533,3.958536417,UDP,44720,22,4499.022601,14.92854451,Camera,None,0
858.0505253,265.0706104,29.18314251,TCP,54869,23,74794.03452,43.01223899,Smart Lock,Malware,1
331.4250143,41.22678255,4.811610849,TCP,10490,80,4625.675572,6.206374024,Smart TV,None,0
410.5843019,33.81963033,2.315291325,TCP,59259,21,4572.415583,12.72278671,Smart TV,None,0
538.7356957,18.49914506,6.423954046,TCP,32061,22,3375.396592,13.97544019,Sensor,None,0
352.6400143,20.73466889,7.969837573,TCP,38812,22,3513.805869,11.26068013,Smart Thermostat,None,0
61.7359082,466.3105686,1,UDP,23261,80,1638.351437,1.269604715,Camera,Port Scan,1
478.5978279,29.59875942,6.431076103,TCP,12384,443,4098.915479,13.01917143,Sensor,None,0
446.351289,32.10534671,8.172007662,TCP,40672,443,4640.72911,14.88220402,Smart Lock,None,0
621.2937661,33.87161779,5.097849649,UDP,41440,21,3688.252091,12.6036283,Smart Lock,None,0
68.3895694,584.5904901,1,TCP,24125,3389,1386.930217,1,Smart Thermostat,Port Scan,1
736.1542236,260.77506,41.36080181,UDP,62365,443,39740.71563,54.56388173,Router,Malware,1
177.9220505,115.5768925,7.281036481,TCP,13657,443,7617.842022,11.47279479,Smart Lock,Brute Force,1
1244.489664,859.3698253,1,TCP,50879,23,77907.7998,2.299195046,Smart Lock,DDoS,1
564.8731404,51.20080771,7.779120517,TCP,31459,443,4887.706257,13.36638406,Camera,None,0
275.4213397,439.5553239,22.99520395,UDP,32311,443,17863.34627,25.52391618,Smart Thermostat,Botnet,1
585.8872737,20.27467167,2.629851913,UDP,62478,21,5146.106639,10.35526096,Smart Thermostat,None,0
659.2129521,38.32132161,4.489968695,TCP,32208,443,3733.410636,9.502270435,Smart TV,None,0
277.5436835,374.0125444,18.95979887,TCP,2807,443,33009.85979,23.09995692,Smart TV,Botnet,1
1025.184065,322.4905915,10.63593089,UDP,46069,80,54630.5796,16.86319735,Camera,Malware,1
55.6554122,440.9867535,1,ICMP,3806,80,1877.741247,1.130495381,Camera,Port Scan,1
1227.919915,1130.343843,1,UDP,56780,23,73507.76998,2.761367085,Camera,DDoS,1
643.8223804,28.29611577,1,TCP,30759,22,4309.39157,12.94443925,Router,None,0
381.5771506,27.54722154,6.554675152,TCP,11078,443,3866.177035,5.875312575,Smart Lock,None,0
458.3082595,31.32519386,4.025768379,TCP,54777,443,4149.484101,13.61134646,Smart TV,None,0
277.7092502,20.54743448,7.703362746,TCP,38544,8080,3670.608463,10.12786757,Camera,None,0
302.8895882,548.9856779,12.58555501,TCP,17374,22,23793.52918,33.45552045,Smart Thermostat,Botnet,1
64.85120018,663.3127818,1,TCP,4555,443,2269.269469,1.025270112,Router,Port Scan,1
769.1919288,228.4687325,36.87870109,TCP,12273,443,41843.1371,33.17221286,Smart TV,Malware,1
238.1022681,467.7729194,17.11834983,UDP,9401,23,28915.74842,19.75016737,Smart Lock,Botnet,1
785.9122739,34.20188599,5.775406283,UDP,11051,21,4625.085201,13.75517503,Router,None,0
305.3832157,419.8495647,25.62674923,UDP,17477,23,27347.90832,25.80821567,Camera,Botnet,1
175.2394965,29.02496771,3.562105936,TCP,32887,8080,4811.759098,9.662290279,Camera,None,0
653.303623,21.56867342,5.566573596,TCP,12282,22,4318.291203,7.572702198,Sensor,None,0
314.9483235,305.3209431,17.07513969,TCP,40800,23,29528.13439,24.93159661,Smart Lock,Botnet,1
570.2167349,29.45651935,7.220781945,TCP,36718,22,4116.760088,10.51188125,Smart Lock,None,0
277.7405774,26.7430189,4.345389139,TCP,50648,80,3556.987847,9.880881153,Smart TV,None,0
341.2760465,20.02753172,5.799548453,UDP,6678,22,5299.228298,8.931208087,Smart Thermostat,None,0
680.2435102,37.49457015,6.303081241,UDP,13248,21,4197.556283,6.444446258,Sensor,None,0
618.3408857,35.38497854,4.97594016,TCP,46432,443,3182.991349,10.89379953,Smart Thermostat,None,0
636.8975347,29.980816,5.606933802,UDP,52526,80,3602.80569,9.002672397,Camera,None,0
335.1201681,309.5588803,12.27389198,UDP,53973,3389,33284.921,37.12681899,Smart TV,Botnet,1
510.380665,33.27009869,3.414948339,TCP,43252,443,4618.190715,14.65564036,Sensor,None,0
375.5927784,24.6933311,7.271659698,TCP,6334,22,5226.534746,14.6535314,Smart Lock,None,0
627.9176277,31.57048567,4.682730326,TCP,21389,80,3513.692091,9.838652348,Sensor,None,0
737.2370442,23.95366263,3.863115833,UDP,56770,21,3613.316358,9.947698309,Router,None,0
793.2634226,264.3867736,21.33547538,TCP,48856,22,63309.33758,24.68179727,Sensor,Malware,1
51.67860232,512.7215025,1,ICMP,65005,23,1213.35219,1.650254343,Smart TV,Port Scan,1
1406.663132,1195.114323,1.502030194,UDP,6340,3389,72198.51667,1.284118379,Sensor,DDoS,1
55.49028477,457.1560637,1,ICMP,25361,3389,2433.09833,1,Smart Thermostat,Port Scan,1
529.3133939,22.3220444,5.068315887,TCP,38378,8080,4036.443726,12.53702611,Sensor,None,0
1331.576284,859.153962,1.224687849,UDP,47736,3389,76334.69903,1.994750362,Router,DDoS,1
64.26630898,336.4037339,1,UDP,64435,443,1956.37002,1,Sensor,Port Scan,1
847.8871037,183.9302918,35.14773017,TCP,13937,22,54495.17146,31.16812513,Camera,Malware,1
405.7187566,42.04507552,5.158430096,TCP,9299,21,3971.058268,11.15300188,Smart TV,None,0
855.7052714,230.681502,30.16476006,TCP,20929,3389,42381.88617,28.90748714,Camera,Malware,1
402.0147649,38.90027158,4.240196352,ICMP,14265,22,3812.005062,9.29510202,Smart Lock,None,0
569.8823129,35.61280526,3.036055389,TCP,59957,80,4186.082894,5.51753408,Router,None,0
530.708822,36.51748141,4.982410621,TCP,37703,22,6229.731841,5.296208751,Sensor,None,0
213.6446293,132.5490582,19.04177321,TCP,41616,22,8430.128273,19.13738973,Router,Brute Force,1
218.9968351,18.78408988,5.933353596,ICMP,19264,22,4906.458121,8.496039422,Camera,None,0
387.7120161,18.11801311,1.697644482,UDP,39877,443,2999.474316,8.818294381,Sensor,None,0
55.42443251,647.6316394,1,UDP,53899,3389,1829.7406,1.663360772,Sensor,Port Scan,1
238.8877524,102.4583095,18.31183442,TCP,41516,80,6689.14863,18.13172258,Smart Thermostat,Brute Force,1
300.8483794,19.44566219,6.67840271,TCP,34062,80,3251.250376,9.33803178,Sensor,None,0
533.2042421,46.41930176,4.051830436,TCP,37975,21,1932.277068,8.433668554,Camera,None,0
315.1574749,28.878361,8.122373066,UDP,29464,443,4351.930771,11.41375137,Smart Thermostat,None,0
62.94915318,392.8340118,1,UDP,60351,3389,1765.835911,1,Smart TV,Port Scan,1
596.8516539,37.34223499,7.29370351,TCP,7502,443,5846.439851,9.223921062,Camera,None,0
559.2467257,24.20805015,2.313431096,UDP,36223,80,6489.254169,11.34226213,Smart Thermostat,None,0
587.5794547,48.08914542,7.850657887,TCP,48361,80,5422.10635,8.629570058,Router,None,0
515.6329426,39.82739511,4.001408803,TCP,47923,443,3274.773935,16.3854092,Camera,None,0
312.7499571,392.2784958,7.203901822,UDP,48269,23,27292.22597,23.75892585,Smart Thermostat,Botnet,1
513.8157641,39.44415869,5.273204566,TCP,49942,443,3884.665005,13.19293656,Camera,None,0
1571.3688,865.6852555,1,ICMP,10906,23,76510.87594,1.841973995,Smart Lock,DDoS,1
440.8568277,11.89786679,3.794561274,UDP,45222,8080,5722.359942,10.81858755,Camera,None,0
434.3865893,33.30387756,7.479413814,UDP,56504,443,3829.305854,11.13922863,Sensor,None,0
1647.22152,1037.571515,1.529008245,UDP,39331,443,72157.60238,1.661396529,Smart Thermostat,DDoS,1
507.7507588,35.7224242,1.312905165,TCP,37352,21,2104.95415,10.3509407,Camera,None,0
568.1973571,28.38647296,4.037119954,TCP,8548,443,1876.12508,12.76674382,Smart Thermostat,None,0
245.6276592,351.6021343,27.50282024,UDP,30351,22,39103.59109,24.79317015,Router,Botnet,1
68.07144817,518.7165797,1,TCP,51977,3389,2677.531251,1.238142547,Smart TV,Port Scan,1
249.7966044,33.8903759,4.239923876,TCP,53875,443,5435.006178,14.47037303,Smart Thermostat,None,0
556.6941217,31.52300373,6.594545122,TCP,53973,22,4151.346934,10.5858463,Smart Lock,None,0
297.373384,498.6523941,12.59529751,TCP,44292,22,25813.77258,26.85942253,Camera,Botnet,1
215.0951563,149.0340561,16.85785433,TCP,11136,3389,3289.77973,27.06265882,Smart Lock,Brute Force,1
469.3001514,22.57807906,6.848715514,TCP,29025,80,3893.818069,10.66936606,Camera,None,0
260.9109032,174.6171479,20.05169183,TCP,3734,443,7789.583445,18.56519297,Smart Thermostat,Brute Force,1
517.5357969,55.93548002,7.914541727,UDP,52146,80,4163.722255,6.988931789,Router,None,0
1063.305117,951.6295566,1,UDP,43706,443,83991.61106,2.502913463,Sensor,DDoS,1
387.952091,551.8315386,17.29257843,TCP,51757,23,30468.18435,26.21509564,Router,Botnet,1
347.5061495,12.69328394,5.328781406,ICMP,65378,443,3825.827266,15.00366283,Router,None,0
67.70678079,545.2009222,1,TCP,9373,443,2591.313836,1,Smart TV,Port Scan,1
278.9138646,10.83402532,2.481173867,UDP,24259,80,2811.119846,7.891735121,Smart TV,None,0
1339.932133,730.3447319,1.343856813,UDP,62399,3389,89174.05031,1.603353602,Smart Thermostat,DDoS,1
670.5291126,39.36400417,1.909400109,TCP,19111,443,4550.433511,6.072714843,Smart Lock,None,0
315.7229516,33.89691705,5.205106367,UDP,20121,80,3377.792555,16.18089451,Smart Thermostat,None,0
65.54702759,635.9358629,1,ICMP,24266,22,2522.097813,1.126641577,Sensor,Port Scan,1
563.0385162,32.23724158,3.916691481,UDP,19321,8080,3046.924635,8.264972125,Sensor,None,0
223.5389364,94.89798694,13.78238505,TCP,39289,23,5007.268562,21.5550331,Camera,Brute Force,1
374.0510208,36.76121935,5.908606611,UDP,45209,22,5058.581054,11.43123277,Camera,None,0
1159.819687,1038.690398,1,TCP,3251,3389,92643.58928,2.3791458,Smart Thermostat,DDoS,1
321.2280115,392.2135432,25.61012114,TCP,49563,80,37214.93867,39.02536381,Smart TV,Botnet,1
678.2625786,14.94872057,3.926523879,TCP,9982,443,2600.594282,11.15594785,Smart Lock,None,0
288.2761696,295.9818924,24.179469,UDP,25897,80,31468.01211,16.45656836,Router,Botnet,1
1461.597383,724.1601355,1.135518804,TCP,41981,443,114911.3262,1.899084773,Router,DDoS,1
