Packet_Size,Packet_Rate,Duration,Protocol,Source_Port,Destination_Port,Bytes,Flow_Duration,Device_Type,Attack_Type,Label
774.3343162661503,341.49620144652226,29.028559830659344,UDP,36000,22,64917.64703806802,17.93022763161557,Smart TV,Malware,1
401.98481848756927,29.575661899208917,5.180313655335146,ICMP,16428,443,4005.3228604517003,13.420628436810206,Router,None,0
319.47721071570464,321.85521891079,10.124097833997904,UDP,4645,443,41029.87427812071,39.13382272011209,Camera,Botnet,1
634.6293282888951,24.148159234733342,2.206254181434428,TCP,41172,80,5110.154115882678,9.359237626350279,Camera,None,0
348.2333727894693,395.24448280360883,20.336293677773163,TCP,50552,443,25762.76215505867,28.558220798825644,Smart TV,Botnet,1
1360.9077004346311,646.8931843531827,1.0,UDP,7172,3389,71310.72689376265,2.1012005997228203,Camera,DDoS,1
673.3212442512117,17.58262187848633,9.794753179195403,TCP,23596,21,5425.079332625445,6.494095342031883,Smart Thermostat,None,0
248.95161308326277,155.87678504902757,13.63613804014581,TCP,12859,3389,8082.917324160586,20.500016397549103,Camera,Brute Force,1
479.5510902602955,22.205176032745804,5.860602717915106,UDP,33513,443,4612.4859105500655,11.996755708940288,Router,None,0
325.15262792511714,381.23227922311764,18.48694241611192,UDP,59551,443,25824.612677099754,30.603424286723317,Smart Lock,Botnet,1
659.322335872123,29.308620652738604,7.707171779138795,UDP,6573,8080,3405.599647801265,5.558390462304951,Camera,None,0
370.64901882482627,386.4245466747,12.03765174583095,TCP,5811,23,39419.97236028683,34.60967767127279,Sensor,Botnet,1
1293.4897549425218,901.5061055861614,1.0,TCP,1648,22,75474.62229559282,1.6356997483135933,Smart TV,DDoS,1
432.76073206042787,33.58459576366768,3.2124873234110556,ICMP,40032,21,4519.102997956822,9.401104525967101,Smart Thermostat,None,0
511.3363990183566,30.10802084856015,4.887117806225786,TCP,21142,8080,5479.590373650935,9.67439010194453,Smart Thermostat,None,0
365.2451541071444,37.66867293329061,2.550590444698919,TCP,59089,8080,4366.45114657155,11.74932440697323,Smart Thermostat,None,0
379.38723333855467,37.18621625391053,4.6839575425063185,TCP,42466,80,3827.066887160071,10.492442080229274,Smart Thermostat,None,0
554.2122321129181,34.77529337266795,2.675142439720139,TCP,61135,443,3515.969868427324,16.728760937208953,Camera,None,0
236.95784972623616,137.24573592048682,19.273010095701743,UDP,19793,3389,9055.355856950868,13.280548172513,Camera,Brute Force,1
1030.0312149800393,304.8863905523483,24.36951613294476,TCP,30260,443,56373.54740669042,27.689403040824498,Smart Lock,Malware,1
449.6911211992075,20.660595473537363,3.979118302185441,UDP,3505,22,3223.2488463936793,13.280603764648802,Smart Thermostat,None,0
193.86221076090155,130.55756164399193,15.754781254721898,UDP,65037,443,8959.84069437264,24.396511925777652,Camera,Brute Force,1
977.1772887100067,268.6576236726206,33.426218716649956,ICMP,42139,23,66786.09244388215,26.62505658714799,Sensor,Malware,1
152.36063292112698,20.231915069250284,7.201715946762579,TCP,62823,22,4882.197639943178,10.645312703264391,Camera,None,0
831.7206162053601,185.97267112063145,33.61948981007353,UDP,15057,80,42029.3484815032,29.446860405513426,Router,Malware,1
593.3320866901911,38.07008281944471,1.7602560112164602,UDP,1621,22,5187.725093261936,6.938130941459987,Smart Thermostat,None,0
1695.401583881805,949.25290941623,1.1304362878643976,ICMP,4671,3389,89969.7094110905,1.7344458572063803,Sensor,DDoS,1
489.1913365029674,32.21186485341167,4.167829757466943,TCP,41773,8080,4773.691891098769,11.989337143197194,Sensor,None,0
704.7128334450528,49.982889833413346,7.373782689198162,UDP,30785,8080,4576.069503561391,15.021923485813138,Sensor,None,0
564.5738524404711,43.373981074427434,4.690988641500199,ICMP,32543,22,4242.496791271222,10.529720075361134,Camera,None,0
446.46492699765406,35.58218575547538,5.303033943495957,TCP,61097,8080,4382.057574462499,12.396738782773065,Smart TV,None,0
427.1901388822922,25.98956182580911,4.213404105955709,TCP,45647,22,5477.836300008274,11.464613919200717,Smart Thermostat,None,0
405.13586603324967,39.81072798691833,1.5251561418757786,UDP,46845,443,3630.5446621762517,10.87543830227893,Smart TV,None,0
714.2153362359068,40.08050262860593,3.81220934208853,TCP,53736,22,5473.22434563947,7.665477147166403,Sensor,None,0
440.79947424800343,20.696998573606834,6.228939734608885,TCP,7962,8080,4214.859888894792,10.395871903987716,Sensor,None,0
507.7931705060891,34.20322829776129,6.651341906607319,TCP,12604,22,1296.1823199266596,8.135614097266677,Camera,None,0
69.85007476174991,606.769783443102,1.0,UDP,59383,3389,1285.3888166460617,1.0,Router,Port Scan,1
298.68204858912134,367.41488661565757,19.503295401813993,UDP,61448,23,27167.88232030791,12.194168315031288,Smart Thermostat,Botnet,1
477.634108884738,13.14628135183305,5.8097445734381505,TCP,55425,21,2773.4944069774506,7.451076894592346,Camera,None,0
406.0184165941799,18.630774185895653,1.0,TCP,56811,443,2448.9805876519454,11.359056268936515,Camera,None,0
395.9593692411888,31.19225861127392,3.8571015616065254,TCP,19230,22,3830.2802035796217,11.241376951570642,Sensor,None,0
805.4368188181691,244.22530261573323,42.53817086264581,UDP,47497,22,56060.77958707674,13.510142683134742,Router,Malware,1
528.2683844767872,38.719343665194515,3.8763869129488207,UDP,36472,80,2935.5272538738277,4.514814065675493,Smart Lock,None,0
510.67226490671425,15.354676316864113,2.9455388066246813,UDP,22588,21,3637.389049563083,8.656400764670618,Router,None,0
56.22921147014799,611.7920472132587,1.0,TCP,38686,22,1906.1834403397563,1.2443885540848951,Smart TV,Port Scan,1
325.79535034815217,37.81740228047817,5.982109209617571,UDP,28266,80,3789.1702866438327,9.57466256139881,Sensor,None,0
630.8566389366279,20.636787249547066,3.1871378814456737,TCP,44627,80,2114.238389428872,11.125324491262573,Smart Thermostat,None,0
577.0052778816624,32.22899163003838,6.43965596186275,ICMP,26306,80,3941.9614720942045,11.870926298834954,Smart Lock,None,0
383.5820576418305,21.123043442854403,7.671568672640466,TCP,33466,22,3557.464288107816,14.365136728812134,Smart TV,None,0
63.02669292608154,677.9662597686785,1.0,TCP,57339,3389,2092.814830272281,1.100918879688662,Router,Port Scan,1
51.627929358348794,621.9274902653169,1.0,UDP,31761,22,2069.863274981448,1.0,Router,Port Scan,1
391.91693795447884,24.12679237236221,5.021971027055051,TCP,49353,22,2689.703250234561,3.8868144767958466,Smart TV,None,0
185.83196179144431,367.9770695854789,31.04309547345548,UDP,50793,23,34577.19720464133,12.126448644545107,Sensor,Botnet,1
234.29751547483966,33.4572657980158,7.379244010575286,TCP,48044,8080,3296.9309191021975,9.641901402169369,Router,None,0
482.72334689346434,22.01665221261173,6.199653550921303,TCP,28126,22,3546.1401416458134,6.372636085957132,Smart TV,None,0
187.4308305074681,126.94756195532902,17.416187126935192,TCP,4036,22,9810.791696969593,17.034040387259687,Router,Brute Force,1
1656.1728730715804,798.2413585398439,1.1889345472855837,TCP,38113,3389,67305.61265002773,1.9620314426499268,Sensor,DDoS,1
205.79329404364478,139.37113712687983,17.645824258858994,TCP,13298,443,5295.02015507839,27.263593294273328,Smart TV,Brute Force,1
1744.4593902585498,1203.5623709848496,1.0,UDP,47926,23,117357.93135198149,2.6077137248891304,Router,DDoS,1
654.4210715174604,10.902370942537193,2.4410064081722043,TCP,3148,22,3634.2832143537908,14.197409145088262,Smart TV,None,0
60.44770725709048,611.8777467123277,1.0,TCP,58258,443,1454.4214113350183,1.4879007106647029,Smart Lock,Port Scan,1
664.6864920972291,39.03800129401434,2.901406328172385,UDP,46694,8080,4419.2006082906055,10.444669288550434,Smart TV,None,0
64.96970536891187,462.1836030749989,1.0,UDP,11079,80,2449.740064559478,1.0,Router,Port Scan,1
983.0988851272717,36.91282098922916,5.199344415093673,UDP,23561,21,3786.289766052696,8.396199279198601,Router,None,0
752.5102104729363,305.00047177437176,32.20095416689348,TCP,4647,443,43877.537930281804,17.684016614765447,Router,Malware,1
824.7713747583941,187.54731238997948,21.87242239985739,UDP,49824,3389,43787.259862274484,42.05057452781208,Router,Malware,1
456.1882428787095,49.7289585478048,4.68641641860849,TCP,57173,22,2977.0500718192875,8.545005765127394,Router,None,0
60.569432293571175,503.0077867880768,1.0,TCP,27838,443,2452.015978515788,1.099115648386472,Smart Lock,Port Scan,1
276.5785816108986,30.291099465766692,5.0618345560653975,TCP,31331,80,1327.165566897062,11.18780162329247,Sensor,None,0
87.26854549984928,636.4265083428515,1.0,UDP,34042,22,1615.7023547369795,1.6309418600171504,Camera,Port Scan,1
265.8991482118496,412.403700504398,21.43933688070895,TCP,15335,3389,42951.74236140514,40.90324943951603,Router,Botnet,1
529.2078699680648,21.7810822845696,8.15075329887108,TCP,56141,8080,3660.3949743934313,7.3306290211084075,Camera,None,0
328.48594267291304,421.962786968884,14.141759658888802,TCP,32386,80,20597.66130190571,20.808346578387656,Sensor,Botnet,1
448.15525525870635,50.693711516288886,9.24439500854449,TCP,58875,21,5191.6714356246375,6.4384078030979,Camera,None,0
487.1346597257316,28.972860533251016,5.063148244562766,TCP,3397,443,4189.756561162652,11.987794451275752,Smart Lock,None,0
327.0379040319135,41.099696431057,7.713526314927926,TCP,20112,443,4616.235396553313,3.0187006091640693,Camera,None,0
80.48885724098494,768.8277085183057,1.0,ICMP,12108,3389,1852.5745798695075,1.0,Smart Thermostat,Port Scan,1
399.0247816286423,27.25145895969516,6.559242041471799,TCP,45396,21,5315.236628744281,13.597511406031618,Smart Lock,None,0
397.6474618649273,36.47574103061686,3.3369544546672474,TCP,42306,443,5160.092846643551,13.138156753143697,Smart TV,None,0
184.5403031438647,159.86703507854196,19.370061773036486,UDP,12997,443,7172.13126956882,23.413557899041642,Smart TV,Brute Force,1
489.6679217814742,37.908061216900805,5.689290452472105,TCP,42368,21,4897.815408410548,14.886810842871974,Camera,None,0
437.1864029023815,26.535637478149,8.422845597864981,UDP,34113,21,5610.900936414377,11.873645277665087,Camera,None,0
67.03971633565196,913.7891039503598,1.0,UDP,11574,3389,1503.4543265677723,1.0,Smart TV,Port Scan,1
59.6232671634146,654.0016140551403,1.0,TCP,56339,23,2081.437203153591,1.1699396574358634,Sensor,Port Scan,1
234.4522324246202,186.0652149429269,21.211731303275357,TCP,42977,22,7015.547019577054,29.470018965366272,Smart TV,Brute Force,1
74.2747469254908,702.2325998946706,1.0,UDP,14509,3389,2777.0567625704134,1.0,Smart Thermostat,Port Scan,1
216.21535133798864,186.99646219558377,6.375489545842035,TCP,4430,23,6946.079734118822,32.19788043661262,Smart Lock,Brute Force,1
569.7438574393103,21.73656823171092,6.435451217500127,UDP,18983,443,3830.1255164202607,14.143837046676778,Router,None,0
598.251674041693,30.945925329577,6.569377432263373,TCP,58793,80,2191.855953129254,14.63047856804366,Smart TV,None,0
210.54877997070048,123.79218196597225,14.678507652025496,UDP,6377,443,11020.47719192867,15.99819514440792,Smart Thermostat,Brute Force,1
56.30288538839513,600.9389753099356,1.0,TCP,47424,23,1340.3112646965076,1.5258125327249843,Sensor,Port Scan,1
153.5221172651387,209.5621908333457,12.045748876666003,UDP,31145,80,7920.387165382232,9.896732369165338,Router,Brute Force,1
362.3801501399071,20.59778791074283,3.7303736720570866,ICMP,37257,443,4729.715673783709,5.2387050976052745,Sensor,None,0
713.3985088063787,21.335838613405613,5.027796418665022,UDP,30594,80,3350.737080389864,5.543313990306785,Smart Lock,None,0
721.049383882005,288.248918555241,33.97058768173016,TCP,34740,23,50189.89768345387,24.81440529601906,Smart Lock,Malware,1
711.4933825735028,307.0450559204306,30.122574764834933,TCP,11150,3389,69285.4265396683,41.97596787593823,Smart TV,Malware,1
494.8148207724782,38.68176779726669,6.804734834270641,TCP,16226,21,4024.549832403988,9.035972409888263,Smart Lock,None,0
1637.8800842823969,1066.151646337797,1.0,UDP,28046,23,80863.11739663903,3.4146798340248314,Smart TV,DDoS,1
46.65100911993435,510.19027899907394,1.0,UDP,22373,443,1913.6480805088318,1.0,Sensor,Port Scan,1
891.1198077520928,358.9944654140983,40.03474832045891,TCP,45521,80,44425.11278956455,30.23167527970275,Smart Lock,Malware,1
573.3895238024968,36.71012427211001,4.095119320974566,UDP,41422,8080,4777.934220027543,8.829384117500407,Router,None,0
275.3389110955311,16.53470786865859,4.486948885314799,UDP,19935,8080,4078.925212683226,8.698499077274871,Camera,None,0
358.3286792295811,28.84196490028234,7.11710563228363,TCP,50272,80,5024.756733750773,8.745194828908572,Smart Lock,None,0
282.6397623035656,615.6601426239132,17.523611243314704,ICMP,15175,443,25402.193278684295,28.95810993999553,Smart TV,Botnet,1
675.4826316168032,38.09194731853172,5.190878076975472,TCP,39859,22,4687.761131599873,13.638651075169467,Smart TV,None,0
545.131444106479,42.71071870860142,1.0,UDP,30457,22,5152.68287748157,14.714184990852308,Smart Lock,None,0
738.9184255866367,25.773170151476727,3.6679683720792076,ICMP,9024,443,1187.6530064939789,6.991785963554239,Router,None,0
503.8844120872437,31.473223304864707,4.060326983002546,ICMP,16030,8080,4509.820707776118,11.655576314593876,Camera,None,0
502.5438372214839,3.0599738230751186,7.485660767736481,UDP,52803,80,4994.955597566664,7.9673799612793035,Camera,None,0
507.32178264970463,38.89413456524525,4.801576529547898,TCP,7398,21,4572.095723598482,11.12719089283707,Smart TV,None,0
459.6650476848388,11.415120622590202,5.9045082454043865,TCP,42124,80,5134.532448697219,12.297086577676328,Router,None,0
335.5537220600571,373.9079825559508,14.451594574999358,TCP,36510,3389,31119.28833512387,13.375563706634694,Smart TV,Botnet,1
680.8122310542273,20.226393803070483,7.15687215281736,TCP,38177,443,4561.844418238573,8.204323981285963,Camera,None,0
223.141415796514,143.24243422450252,18.770922197485344,ICMP,58623,23,7973.642611123991,11.655323517746918,Camera,Brute Force,1
635.549702507295,10.121241703986538,1.9702111855781324,TCP,65246,80,4044.189919556039,11.180247415541569,Sensor,None,0
374.56846623218314,24.322778567472984,3.7583572286388227,UDP,8646,22,3844.8697104676,14.292757056473057,Smart Thermostat,None,0
1434.3471823930063,667.2449505571578,1.0,UDP,36332,3389,59356.96879156145,2.2983724208003986,Smart Thermostat,DDoS,1
387.5420952184239,39.18232526533449,4.323088507516171,UDP,38156,21,3322.23029927118,11.142804840545711,Camera,None,0
417.8532770984239,23.169081984148253,8.074715103795604,TCP,6596,22,3844.8668688194066,14.059220732626178,Router,None,0
59.1256896449711,607.5690808205943,1.0,UDP,15384,80,1740.6890503691584,1.1763026613888554,Smart Lock,Port Scan,1
570.9201093666729,178.3031312982523,25.79676694428215,UDP,37090,23,53511.43977045809,29.030665532662763,Camera,Malware,1
426.9981679961053,41.79362312693079,4.012835497343865,UDP,6098,22,3776.017836254229,2.736466427832431,Sensor,None,0
1521.0008847621334,655.8864865324507,1.0,TCP,51990,443,88245.73574075801,2.1488081064285356,Camera,DDoS,1
374.3349487907557,36.10841031136689,3.626124756668308,TCP,15379,443,4561.541154619645,10.410322351950096,Smart Lock,None,0
596.0862946003587,32.768197293308205,2.299157163889229,UDP,20992,80,4869.675756694491,13.534554558451553,Smart Thermostat,None,0
59.11974369641262,501.55916127082855,1.0,TCP,46106,443,2315.3794201169503,1.0,Sensor,Port Scan,1
586.5470447359751,44.61799167547305,3.3077957276453382,TCP,15916,443,3772.234454418657,12.316634432057516,Smart Lock,None,0
558.7551372646883,10.509614310820755,4.10640518772226,TCP,29201,443,3858.281904456168,8.902729842857408,Router,None,0
1292.2823658521459,1160.3366816281055,1.4387551997859933,TCP,2991,23,87818.13351497485,1.3800061022368966,Smart Thermostat,DDoS,1
455.5147538632274,20.95192496785578,4.660898568599112,UDP,46800,80,2830.3899975211725,6.094196289509487,Sensor,None,0
686.279103403598,233.4399361301867,21.53153646306332,TCP,60537,23,34023.42607771166,45.72352152134333,Router,Malware,1
861.384238692032,265.0113827622001,24.382997990633378,UDP,41732,80,54941.06823727243,42.99311183664203,Smart TV,Malware,1
542.8570309314647,18.454143855736753,3.2114339562358962,UDP,45183,443,2787.7899762532334,10.397709129686957,Smart Lock,None,0
508.1721156125263,44.80453033930685,5.23036176630558,TCP,59418,8080,4197.731976711158,12.109076377136233,Camera,None,0
491.91888166290164,49.07635970442026,7.442712258626685,TCP,34319,443,4121.037939663574,14.578909599959317,Smart Lock,None,0
1024.800449351941,801.166175757213,1.0,UDP,31047,3389,81956.11677105645,1.971489816680182,Smart Thermostat,DDoS,1
882.0341019861121,260.43741839069554,21.70034476760923,TCP,58353,23,44413.642109473294,35.02810983885386,Camera,Malware,1
783.3463816919042,232.69676476364683,38.25453796708496,UDP,42687,443,62312.52879356013,24.004963153962535,Camera,Malware,1
167.7675905266274,172.4353558471308,14.015551704947757,TCP,29788,22,8568.171957305354,18.395394536521767,Smart Thermostat,Brute Force,1
63.09516806241114,719.7202936317631,1.0,TCP,31150,80,2068.9984396129325,1.0,Smart Lock,Port Scan,1
341.6029620741338,302.4221329520098,18.237667760792757,TCP,23986,443,18700.029592639057,33.47858382090679,Router,Botnet,1
648.2296865972327,30.13355591543673,7.209880977915451,TCP,48504,22,4363.009247714516,12.092464935763001,Sensor,None,0
173.02369257962522,104.93317750262291,13.045635314608633,TCP,49175,3389,9983.55674296828,21.655293830448223,Smart Thermostat,Brute Force,1
385.1128728710729,30.240774064839115,2.2368416529418442,UDP,20007,21,3565.041500863855,9.252895882168591,Smart Thermostat,None,0
48.78514797106375,662.4760101905431,1.0,UDP,19443,22,2105.2490906322378,1.0127827671280107,Smart TV,Port Scan,1
648.4460650210963,29.4941259856657,7.615831247559678,TCP,34341,21,3959.9050878955636,7.819016882777959,Sensor,None,0
392.0671712517095,26.674033392284873,9.306935854341756,TCP,23128,8080,4180.3353406639135,5.944612221810071,Smart Lock,None,0
1260.8508184634572,527.638148300551,1.0,TCP,8762,22,77727.65055528864,2.7673698017812782,Sensor,DDoS,1
438.0187109407001,39.146240539868465,2.263331404897765,TCP,47004,22,4111.350429398111,8.834100456799545,Sensor,None,0
433.0725335005742,25.916113727452736,5.077162245961834,TCP,7905,8080,3323.9826943186313,7.413046121573371,Sensor,None,0
216.5727374524074,190.03574709275873,18.859476728247312,UDP,41968,443,10987.958356215386,13.20862475433156,Smart Lock,Brute Force,1
532.8660725911618,39.97384583706368,6.038141425843625,ICMP,7802,8080,5964.635519883087,12.703236520712968,Smart Thermostat,None,0
478.409586307426,38.48516105388504,8.091792959557296,TCP,25124,22,4757.118368674444,12.606108025695049,Smart Thermostat,None,0
1411.6002444506619,1118.6430928007278,1.0,UDP,31696,23,90820.04078004471,2.654723054351698,Smart TV,DDoS,1
616.5207603151025,14.19660682154465,5.893323030557807,TCP,24865,22,3573.3950169409004,13.494833335564383,Sensor,None,0
450.263232099697,36.33910377733742,5.0059865823999115,TCP,23110,443,3625.1585371023903,12.268744490889418,Sensor,None,0
380.00182630275236,33.567126390359526,6.493693621268589,TCP,49212,443,3695.6898305102077,9.358433197018257,Smart Lock,None,0
206.77828082267158,111.84910337100922,11.07259143698865,UDP,57970,23,11175.51273166572,12.960789845633384,Camera,Brute Force,1
443.4894307226168,30.290395715052917,4.50025548182888,TCP,3660,8080,3918.892843450639,8.54559880149329,Router,None,0
199.98411459482404,151.30731989491835,23.095489995801366,UDP,51144,3389,10060.987548529656,16.694433922686716,Router,Brute Force,1
546.7951933037298,32.75636782329077,4.010846235676785,TCP,28301,21,3934.171211326077,8.308375970342624,Camera,None,0
483.330582475388,38.48406448962838,6.108322970164346,TCP,23538,443,3251.317691471324,10.410097609981637,Smart TV,None,0
430.6527070306813,32.52884814969899,3.992084517178779,TCP,1828,21,3598.0074198707953,10.732313166935057,Smart TV,None,0
1406.314616863852,677.5787554533072,1.0,TCP,63434,23,61878.537235365104,2.3813215945604065,Smart Lock,DDoS,1
875.5281934474478,279.19171540643333,21.96110995322052,UDP,16408,22,53945.708915461604,39.436434131128216,Router,Malware,1
72.50279375278836,554.262661552659,1.0,TCP,23131,443,2003.5499085667846,1.3281836060750534,Camera,Port Scan,1
237.22190975928578,171.64237120677882,13.006745338605691,TCP,6805,3389,6783.837694273205,12.318162112837726,Camera,Brute Force,1
1401.3482500901139,1046.820661626954,1.2149395612931226,UDP,5319,80,76606.75416746728,2.3682079876126725,Sensor,DDoS,1
473.6077045680397,33.41508685536803,4.974122463792824,UDP,17347,8080,4029.4235755849727,13.086342759236528,Smart Thermostat,None,0
191.36009327002623,121.93640562106063,19.84719034694512,TCP,4550,80,7018.872096161071,27.290728158870298,Sensor,Brute Force,1
1541.6916328625505,798.2661549184405,1.163179508255002,UDP,28460,80,76050.0651346336,2.518633365607359,Camera,DDoS,1
412.31450297585354,30.311784486646285,4.964302723415217,TCP,4152,22,4072.8682378284907,10.103222487956582,Smart Lock,None,0
611.7119907393937,370.7723080905196,21.689563132543405,TCP,43959,22,33621.06533238885,24.69374181633216,Smart Thermostat,Malware,1
569.0268375282926,331.32461635410596,20.558080296469896,UDP,21109,3389,40239.87214752641,38.275982799099005,Smart TV,Malware,1
419.3782712286553,26.842105138449945,7.356901700636662,UDP,59155,22,4170.50818601965,9.129802678188245,Smart TV,None,0
359.2397976534388,384.96679786455957,13.860132315404647,TCP,5261,23,28106.879992519673,20.76971192965507,Smart Lock,Botnet,1
532.706314756576,27.309695157393396,5.8769272495533205,TCP,28223,21,2670.7012770782007,10.438711170896523,Camera,None,0
337.3118982920604,405.2480118674075,28.80400287246488,TCP,26897,443,34618.11909973631,31.493554111995813,Smart Thermostat,Botnet,1
407.7043738707374,40.10524020326713,4.160431244966368,TCP,47224,8080,4118.009753129124,4.081887327418494,Smart TV,None,0
180.318524287988,173.72296519693833,20.39402488678515,UDP,26869,3389,5253.923349534221,14.13271513886771,Router,Brute Force,1
1783.4049982441898,898.1433613295727,1.28002564125495,ICMP,46370,443,89412.71359483965,2.6639235911554677,Router,DDoS,1
328.7967894442665,24.17646400538427,4.440817692964946,TCP,49774,80,5439.07508348622,12.198132828308069,Smart Lock,None,0
238.98478840161468,149.27230741370343,22.196585215850416,TCP,38651,22,7872.1412094295965,27.223001244417986,Smart Lock,Brute Force,1
1609.8537769374632,540.7555090550475,1.0,UDP,16704,23,62149.83612139773,1.2333086923804117,Camera,DDoS,1
527.0140072446083,29.466570377532722,6.728087252148461,ICMP,40510,8080,4545.242204428457,6.9895617714877485,Sensor,None,0
574.3478247350652,33.97328308262864,3.4672226397776784,UDP,42719,8080,5191.5508126501445,14.53643067436576,Camera,None,0
516.7953777604364,253.52358082442396,23.611176052919163,TCP,4606,3389,35486.877591789016,43.463838858446486,Smart Thermostat,Malware,1
157.38818430338333,92.1617076612431,19.087204604954845,TCP,62484,3389,7292.115880352605,10.524206889311298,Sensor,Brute Force,1
1367.812504002931,463.08451593687187,1.1172559063655676,UDP,60450,23,98333.08217538695,1.2862983413969284,Smart Thermostat,DDoS,1
1436.7813776510125,878.8368135607344,1.1634032191516335,TCP,48785,3389,84542.51963916446,2.5599980125184003,Smart Lock,DDoS,1
546.7166469325292,32.15698713885952,4.916160577515343,ICMP,5704,21,4059.0933330250173,8.076952252037309,Smart TV,None,0
713.261940830927,36.58797368366193,4.979607768749908,ICMP,64590,443,3971.916924895968,8.019099651934033,Smart Lock,None,0
307.88426353820125,446.7232327404261,17.696209844378828,TCP,53524,80,28553.787344712087,29.96655354415226,Sensor,Botnet,1
339.3941106411387,40.473152860737585,2.2046276737631927,TCP,11935,80,5127.354761642422,10.29281197748632,Smart TV,None,0
677.7746657190768,22.56411771187436,3.3554999654193596,UDP,25752,21,4011.4260555606593,13.986881771310967,Router,None,0
465.90811935670604,49.25012801735852,8.964520600291179,TCP,52594,22,3626.5570336504848,13.318018874508358,Smart TV,None,0
1368.1479091504098,1006.5241834075814,1.0,UDP,33289,3389,70205.92725584144,1.339993907750326,Smart TV,DDoS,1
501.0718247732838,33.830131504516835,3.36630419524909,UDP,12595,8080,5556.016326949977,9.43339345208657,Smart Lock,None,0
425.1054733924472,8.82756687879473,4.893518402721845,TCP,62799,21,4176.787637763153,7.284474829769273,Camera,None,0
76.4248642459514,721.1382064177102,1.0,TCP,63229,23,2131.6167151243703,1.1619589583429824,Sensor,Port Scan,1
987.5189943712764,290.1042937109323,25.102632785532666,UDP,60442,3389,53616.877153388596,49.80938867047155,Router,Malware,1
470.70695377734785,26.836345768385563,3.697407747279711,TCP,65255,80,4323.0832579379,9.051625384094539,Router,None,0
340.83246760177417,29.76766289149634,9.007018820802685,TCP,51771,80,3560.9460898950624,8.81628144439182,Smart Thermostat,None,0
448.4850355342954,28.66170142244966,3.996742887256194,TCP,41587,21,3676.077526071449,10.87513302728232,Smart TV,None,0
444.0300192791079,18.911970250619607,5.458920728916859,TCP,51517,8080,4739.326025674904,6.514799923196961,Camera,None,0
373.7735272521904,28.557156214797452,2.566563163227186,TCP,5802,443,6809.568970096392,8.645846647106815,Router,None,0
60.66417132462685,701.4993988579889,1.0,TCP,24560,80,1743.5618469036608,1.478534157639218,Router,Port Scan,1
305.76477562209476,276.9733238578285,23.868589817437933,ICMP,25221,22,31410.682198827708,26.35702432497828,Sensor,Botnet,1
595.5260740983593,27.84244376652179,9.07754737763577,TCP,22902,80,5082.197330599305,8.435992503393988,Smart TV,None,0
553.5286641778497,25.4501651965922,2.5487884724655037,ICMP,61409,80,5579.091256410435,10.479974840720315,Smart TV,None,0
188.75225995592686,106.67926290360799,17.146741512381926,TCP,5591,3389,5976.877842747315,27.67029887849964,Smart Thermostat,Brute Force,1
541.7250142941149,25.929217636496748,4.43127232391981,UDP,37953,21,3660.7415161159847,13.191554598203076,Smart Thermostat,None,0
370.93132566283816,32.24297307181594,6.201918569399794,TCP,8679,80,4677.484842091394,7.768417218713097,Smart Lock,None,0
569.0655811999874,15.901805710521897,7.365061483505315,TCP,23947,80,3508.3443850345157,8.258045791763246,Camera,None,0
643.5798173823548,38.84187738712787,6.203100004687839,TCP,3755,21,5353.835546793107,11.176186349751227,Sensor,None,0
199.22687613123435,166.3523596344422,15.842919854090253,UDP,16250,23,8843.492065011082,15.982261496711638,Camera,Brute Force,1
1623.787946790809,808.2856430509023,1.0,TCP,14440,443,95939.91637198126,2.446044104766958,Smart Thermostat,DDoS,1
644.8910033973441,26.70790601640992,4.5720937122783765,UDP,55954,21,4588.640151737402,9.736280537892355,Sensor,None,0
363.9474769496326,43.28478810791731,3.6870277863625525,UDP,37098,8080,2983.9834705917783,8.43328456137248,Camera,None,0
1061.5202638037,770.238383822207,1.171795512697122,UDP,6340,3389,64595.38582662582,3.411298960069673,Smart Thermostat,DDoS,1
376.87015988824214,30.392279277617565,5.105702619737897,UDP,14760,443,3407.095985670727,12.05514689095154,Router,None,0
714.2382073069673,33.57319422710627,6.9259211464988955,ICMP,46498,443,4459.705955014988,12.965659727395945,Router,None,0
751.0002907274586,33.362482463523705,1.0,TCP,11566,21,4043.4500243514576,10.737841928188512,Smart Thermostat,None,0
1426.1668489765386,1210.2139362488938,1.3605190093118653,TCP,49045,443,77366.33093608255,1.896217072241028,Camera,DDoS,1
238.8248097175146,178.33236919431113,10.944664572256332,UDP,40316,443,7749.6715153196055,19.933632240188285,Sensor,Brute Force,1
775.2785665547801,193.32978499835747,23.33998101024108,TCP,6605,3389,49097.54414510411,47.04709543878429,Smart Lock,Malware,1
278.70554585989703,32.55082043867758,3.81604238454004,TCP,33084,22,4615.585287861288,5.641727359713558,Smart Thermostat,None,0
276.81975121452456,30.99034821007201,6.861676452701059,UDP,30558,80,3628.283303414305,7.320608135245412,Smart Thermostat,None,0
250.82596923742395,113.25065732225549,15.830934934338874,UDP,56280,443,9955.802020265804,20.045571868932903,Camera,Brute Force,1
626.766270323706,22.447805805829795,1.0,UDP,5527,80,3598.7450606801763,7.747826145204662,Smart Lock,None,0
1047.6249788568068,310.02769994536493,37.50191506258651,TCP,63000,22,39942.567641050264,46.837557052306934,Sensor,Malware,1
500.9938291949512,27.962181388754523,2.0577695312302193,UDP,11425,21,3539.1386822350887,11.945182033716138,Smart TV,None,0
280.53129820389006,166.5259321707671,14.581551682016864,TCP,52499,22,9173.903570244856,21.668512563178126,Sensor,Brute Force,1
57.45655633670069,855.8765465125662,1.0,UDP,47236,3389,2171.7450033573114,1.508731579188232,Camera,Port Scan,1
208.12195576881382,131.43242557424895,15.827965609988146,TCP,37840,3389,12061.608903974828,24.342662452034574,Router,Brute Force,1
543.0747728781765,30.460581385771157,7.656313241791594,TCP,38716,8080,3058.462397770199,10.604034559644766,Sensor,None,0
278.66036074267595,26.18493980296289,4.036490705270826,TCP,63780,22,5796.09464565237,11.986640145719159,Smart Thermostat,None,0
426.7271124440444,24.758170937449975,4.52924001437402,UDP,2576,8080,5265.933626556818,12.650054913276376,Smart Thermostat,None,0
369.2846582836462,440.34468014772835,32.84763329272409,UDP,16036,23,36319.06840732902,11.21054206188203,Smart Lock,Botnet,1
653.1765059337115,44.68763744654582,5.059667574253276,TCP,44930,80,3357.216430359276,11.64136691631802,Sensor,None,0
526.0354188337429,27.723223708141724,4.925093830033401,TCP,28023,8080,3956.5493654910742,10.499346531844683,Sensor,None,0
49.955651563202174,451.26184942763643,1.0,UDP,8646,80,1814.9274846461717,1.5078730135383136,Smart Lock,Port Scan,1
671.5744942964502,26.924722352829843,4.363945132385862,UDP,29359,22,5166.288306532487,11.084801565530752,Sensor,None,0
719.7560384692881,12.730345144235343,6.836292450415667,TCP,47270,21,2630.1565347878554,11.78724372013515,Smart Lock,None,0
294.4584169815355,527.4170987026222,19.90371425549991,TCP,12691,3389,21776.9876096737,20.42228776371827,Smart TV,Botnet,1
533.4291097414167,30.139852218652926,5.673166253210869,UDP,25357,80,4666.572668609533,7.053941740509098,Router,None,0
534.3912256752712,23.63430672620165,5.145146161182038,TCP,62440,443,4546.9595150160385,12.009470262749314,Sensor,None,0
847.0524196786098,241.1172635240192,28.648586662578175,TCP,60852,80,50355.02165473304,34.362856674552525,Router,Malware,1
329.3925510261561,28.11526589626436,5.821942218060023,TCP,36390,22,4763.3388475316,10.140928588898493,Smart Thermostat,None,0
350.6896590601936,303.9055901578731,21.283454056967976,TCP,34262,3389,20188.871168817226,18.97599007293072,Sensor,Botnet,1
422.7814749100245,29.475542335044995,5.701825939620205,TCP,64122,443,3200.856166971528,10.360482800137131,Router,None,0
609.0071956720765,31.268669762958424,1.0,TCP,27039,80,3453.462206971622,4.047570330613012,Smart Thermostat,None,0
1378.5281104940057,987.3381505761533,1.0,UDP,28379,22,86481.26651838116,3.1018542244480534,Camera,DDoS,1
586.0818149130413,18.0965651183163,5.981213804911777,TCP,56450,21,4784.954288687918,11.089789237742593,Smart Thermostat,None,0
369.0624424475851,505.3078560963729,24.063545782119277,TCP,22289,23,28040.37722042044,25.455738232333083,Sensor,Botnet,1
491.7707037129578,29.099897410763806,4.2646007575073455,TCP,17452,80,6656.80949147,5.772000263604053,Smart TV,None,0
576.8942161103171,30.311348529449777,3.3029500492947177,UDP,23177,8080,4222.132242549452,9.919132490694379,Sensor,None,0
456.84059855992314,33.30307312177546,7.361054524823938,TCP,28183,22,4044.138896665593,9.837774471886275,Router,None,0
682.5527164704196,162.78999363079896,42.81942146899192,TCP,6218,80,44786.38278318391,50.381453875289964,Smart Thermostat,Malware,1
1718.8364716807446,624.6353717109004,1.0,UDP,46227,23,62669.01654238313,3.2239784960431757,Sensor,DDoS,1
210.809364104015,18.436523397346672,4.412442159695741,UDP,5809,80,5997.2965307479935,6.470155841712094,Smart Lock,None,0
771.0899945926956,240.78570913736863,31.637499856589454,ICMP,55182,3389,55197.2449603391,18.89339887117946,Smart TV,Malware,1
372.51027057685246,24.705605726339265,3.2462784436648233,UDP,63123,8080,2532.9547546090093,16.387741336084893,Smart Thermostat,None,0
71.24306580348107,660.9135318039663,1.0,TCP,33487,443,2188.7640017964854,1.0,Router,Port Scan,1
886.759924835708,17.174553702960125,4.59011546727673,TCP,33276,8080,3250.1049686196634,9.138709575413298,Smart Lock,None,0
60.73232949558362,588.9965781260612,1.0,TCP,46272,22,1582.324389252057,1.0,Smart TV,Port Scan,1
452.93287844956603,11.431895980598341,3.6420413712960356,TCP,29878,80,3228.769833765361,14.97212836069749,Router,None,0
441.31070382572915,28.14043322813951,3.5728920372592903,TCP,40407,21,2189.3813200196055,3.250648666145178,Camera,None,0
565.7754055570636,38.956052433143455,1.0050666142202807,TCP,9467,22,3285.1234381024906,13.936075786659742,Sensor,None,0
518.4557216643443,45.874293281411475,2.8757857824857878,UDP,16567,21,3809.588242989955,13.45665698995801,Smart Thermostat,None,0
273.17053124962854,384.28568623950633,35.70904054148248,TCP,61278,80,25767.116105817826,32.65055062322401,Smart Lock,Botnet,1
668.047965454411,240.02849933401808,24.424314206816117,TCP,30236,3389,57142.79237693462,36.16364700522257,Sensor,Malware,1
373.9793456383147,32.67774197492511,2.57456240191482,UDP,61656,443,5350.170051262012,12.155043660682487,Router,None,0
56.24633578061337,449.72541133238286,1.0,TCP,42906,80,1844.7646659595925,1.0,Smart Lock,Port Scan,1
921.8787275057527,195.40776915359214,21.501163793932925,TCP,52562,23,35469.418036503106,49.18359600394006,Smart TV,Malware,1
777.6235908057857,339.7356845707294,47.594096324828655,TCP,12674,3389,36383.47780495605,37.310087210165875,Camera,Malware,1
536.0857450181275,18.93417506212122,6.3811146365485065,TCP,49459,443,2147.202184935054,7.0996194365018965,Smart Lock,None,0
555.95945266045,16.830749263670537,7.416525650961001,TCP,16373,22,5426.98476722647,10.256114144807764,Smart TV,None,0
59.41517117108569,411.1634284917553,1.0,UDP,3630,22,2463.197221031835,1.5518176666584413,Smart TV,Port Scan,1
641.0607891810536,31.924211177681812,7.264104576828356,UDP,5699,443,4375.06215189234,13.233530067235545,Smart Lock,None,0
735.3440800820902,246.19593517750005,37.30798661506657,TCP,52716,443,61505.84776993026,39.19261296582367,Smart Lock,Malware,1
57.665406655477575,601.5063267732342,1.0,TCP,3306,3389,1679.8541755632466,1.0000267092890915,Smart Thermostat,Port Scan,1
346.02226368756084,14.995795977794915,4.6099912446911615,TCP,30556,22,4293.076653266917,10.79595304023395,Smart Thermostat,None,0
276.04778670203797,490.4779542245017,18.316565671673835,UDP,60320,22,25567.685178873307,3.0925351397729983,Smart TV,Botnet,1
356.97939501425566,355.64429531946297,22.547072806588048,TCP,39676,23,38217.75521420763,23.744319048842947,Smart TV,Botnet,1
477.29067908763136,33.28662002282481,5.723843707857688,ICMP,51605,22,2523.1421831542684,13.20166724971595,Smart Thermostat,None,0
511.1215335234805,22.316443404520875,5.17198696149525,UDP,34872,8080,4234.298360376898,10.452764580419489,Sensor,None,0
143.72647651768534,116.14219365872145,22.745597268747943,TCP,27082,80,10990.133077041693,28.574961873182186,Smart TV,Brute Force,1
478.4928049460294,27.466224310519852,4.6816302572398785,TCP,42155,21,4706.84964089905,11.987997911156452,Router,None,0
487.7123952066684,23.49436379594408,3.651575076550982,TCP,16784,80,6281.632877276062,10.892533213556664,Smart TV,None,0
1638.185576334828,779.0369528580953,1.0,TCP,23557,80,136332.4252549207,2.466759898466265,Camera,DDoS,1
62.10263716119882,517.6743771408692,1.0,UDP,57163,3389,2048.3857842810894,1.0615440126725255,Sensor,Port Scan,1
322.6210110325775,424.17707708639955,21.442332935027594,ICMP,39470,23,15327.203879908284,20.603103570431664,Router,Botnet,1
62.54392911206911,584.5310068719001,1.0,ICMP,44123,23,1876.0849744805569,1.018070851880504,Camera,Port Scan,1
444.27058169225836,19.859308071147204,2.4668074605383152,TCP,2240,22,3314.3930076417378,14.64126845839483,Router,None,0
237.62696254993187,31.50081130345024,5.647980512544288,TCP,35484,8080,5569.998484998947,7.005929220118366,Router,None,0
354.0127820742647,23.288597226034188,5.624018943102488,TCP,17370,80,1708.7104914019,10.91310018709078,Smart Lock,None,0
204.77172494162275,133.7242836022699,12.962838843153644,TCP,50115,22,7844.192131940639,20.349029040138365,Sensor,Brute Force,1
897.6956678519896,184.4989519210523,25.48826104484741,ICMP,4776,23,43917.612509803555,39.750327239503875,Router,Malware,1
575.2531520178999,33.80023299048613,3.0258896909262267,TCP,18501,8080,4564.917281272912,12.070274245526186,Smart Thermostat,None,0
320.52076989495595,31.16468415051422,3.1335488986213296,TCP,25490,8080,4472.009568378074,11.705228573724458,Smart Thermostat,None,0
588.7295206761137,28.40351692577983,3.694167710670576,TCP,28135,443,2551.872740584952,9.796059232046785,Router,None,0
854.5345986198881,198.30681586630683,33.844938604125474,UDP,39235,3389,67942.55603408761,50.338542388013664,Router,Malware,1
313.4117871690113,305.45747378780686,26.276193995308176,UDP,11035,3389,32223.215219901547,17.002498210906367,Smart Thermostat,Botnet,1
332.7060987495903,37.010360268721065,7.235668801099445,TCP,25226,8080,3038.4346088781704,9.5501931985973,Smart Thermostat,None,0
870.011929932545,269.4389193498809,39.554968557729815,UDP,46935,80,26472.476937184238,65.11360661069287,Smart TV,Malware,1
1411.7624415386804,630.2610850730962,1.6868501846037265,TCP,63135,80,107210.30246595101,2.4213816722128083,Camera,DDoS,1
225.94528993240647,346.2084924244781,10.99172884713919,TCP,1987,3389,33361.79006136062,28.304544405367672,Smart Lock,Botnet,1
477.0672548264108,6.4483011482169985,8.446179789545019,TCP,44683,21,5457.786694711403,10.90088031232354,Router,None,0
369.873431331996,30.90489781627874,5.45645666027781,ICMP,11730,22,3146.75664944118,9.137849915352472,Router,None,0
585.4916142191644,40.25686684233465,1.0,ICMP,8728,8080,4734.510911308617,8.452760246127486,Smart TV,None,0
43.89293379850692,593.5677950567447,1.0,UDP,10986,80,2297.4006409718295,1.3200468790562556,Router,Port Scan,1
1188.0506688576309,566.65001660182,1.156222784787893,TCP,33731,3389,96640.67089667189,2.649909748907106,Smart TV,DDoS,1
640.4596512112106,46.666089083149224,5.082732327361746,TCP,14526,80,5098.767622362972,7.173457009122084,Camera,None,0
566.6473888930777,26.84346291159386,5.231625365844185,UDP,40233,8080,5521.559409502202,14.13973840209122,Smart Lock,None,0
469.3012238908901,38.54239860576833,5.462019954511028,TCP,32587,443,3032.5099226247657,16.43034047433094,Smart Thermostat,None,0
71.99804660032694,669.6101001082252,1.0,UDP,7669,22,1562.3587828600055,1.0,Smart Lock,Port Scan,1
61.621164994252304,591.3365356083953,1.0,UDP,58249,3389,2826.078095235329,1.0,Router,Port Scan,1
232.70402013427173,197.58166596289203,16.066340988306525,UDP,60918,22,7076.039966526557,18.702321595487113,Smart Thermostat,Brute Force,1
66.1775303331739,662.907394287654,1.0,TCP,13667,3389,2225.8336453266365,1.0,Smart TV,Port Scan,1
491.9656192522159,18.279928074051842,3.9634403152674507,TCP,29743,21,3301.069571421254,6.958847900678803,Camera,None,0
191.07225709339014,125.30159337503108,9.94150366956232,TCP,31591,22,6820.784857784494,14.316518142839305,Smart Lock,Brute Force,1
479.4122587740382,14.40616764694391,6.934598471685545,TCP,25776,22,4301.970742519271,7.823825433976074,Router,None,0
630.1503669756614,35.5092438089354,1.0,TCP,28837,443,3805.020113880213,11.43283218927031,Router,None,0
524.0848229793921,19.657391408598826,5.294981308865878,UDP,17354,8080,4671.484895009284,8.308824547306612,Router,None,0
622.0612817144247,22.334795530211295,5.6995436354301185,TCP,57325,21,3390.896856176679,14.148616717122202,Smart TV,None,0
681.9171436755418,328.6592703379636,38.01829539497126,TCP,53742,443,47905.10672037722,21.901150396363448,Smart Lock,Malware,1
480.8464798975193,27.11094119147342,1.522369074958137,UDP,61574,443,2943.7550073348043,10.955077679724202,Smart TV,None,0
41.6982607892884,630.7882204177429,1.0,UDP,52804,80,2146.4191189996714,1.0,Smart Lock,Port Scan,1
730.1797273554523,10.040924138802069,8.038775351291024,UDP,27685,8080,3991.35137398776,2.9500863542661513,Sensor,None,0
512.893844323678,19.07817672913042,5.6610390571751905,TCP,48875,8080,4395.142819031726,1.7516938418843342,Sensor,None,0
287.45541939297647,48.36895169829013,2.61623737811625,UDP,25788,443,4577.33274178468,7.435045657274856,Router,None,0
54.41260607823219,756.9264830363837,1.0,TCP,45702,22,1449.62593973572,1.339788197107903,Camera,Port Scan,1
579.8999717368059,30.125137594215303,6.776715049669301,TCP,37482,443,2565.777792542397,7.733377843778415,Sensor,None,0
441.54637270217864,26.881086877446002,9.041279397551664,TCP,51768,21,2320.8895723762826,9.67529998503108,Smart TV,None,0
182.48713924337528,168.23794920534914,4.344354515124605,UDP,4491,443,7726.445937547303,13.5226243647027,Camera,Brute Force,1
444.5192353374456,29.743609396523258,4.19443411778752,UDP,55638,21,6458.243605736559,14.176212762922765,Sensor,None,0
566.729032858778,31.772613669488557,5.582462833694759,ICMP,52361,22,1132.9450462172567,9.047684335486954,Sensor,None,0
1437.5084865879044,1009.186768360697,1.0,TCP,60324,80,80751.35729869248,1.7361661991100563,Smart TV,DDoS,1
192.68698629812468,146.65505506068172,18.484740541155443,ICMP,34911,443,6245.005234123327,16.410159428985082,Smart Thermostat,Brute Force,1
319.9368528415159,448.1377098084508,26.55134317336797,UDP,33694,22,27819.14997623206,24.26023717048479,Smart TV,Botnet,1
374.72671142376294,29.60901078783447,4.819615173245223,TCP,18770,443,5229.375717650104,7.582019173504607,Smart Lock,None,0
682.9438113955675,264.1123560883575,1.0,ICMP,16752,80,47573.75827468652,55.55794220853642,Router,Malware,1
267.0423055283191,26.188446922975707,7.019371477037644,UDP,65256,8080,4065.9745031060033,15.143140961069808,Router,None,0
496.2374359188198,15.565532030631603,3.0747390498280973,UDP,2337,21,3433.8107251399992,9.468959241770689,Router,None,0
65.17243254404393,559.5424514535348,1.0,UDP,19688,80,1363.0730157800754,1.0,Router,Port Scan,1
392.3008434974405,20.071531921660604,4.607003159203785,TCP,48704,22,2331.9654001109034,12.471162781131376,Smart Lock,None,0
630.4999519261642,235.69434090667306,34.9053085968123,UDP,57143,443,34769.80667531685,57.17438232254595,Camera,Malware,1
57.27734147567194,556.3002755598711,1.0,UDP,65366,22,1271.187259891632,1.0434241141502236,Smart Thermostat,Port Scan,1
550.5414900397071,24.6006082140726,6.231899874296149,TCP,42195,443,4566.356379070671,12.016464934602123,Sensor,None,0
249.87174140138308,36.14270438357064,6.507710139867364,TCP,57674,21,3003.58137399761,13.69870580230809,Smart TV,None,0
404.04110932428273,24.529952791550052,4.900819384236121,TCP,60709,22,4448.142144626707,8.870215830929544,Camera,None,0
271.17052911739046,377.7699434274988,24.00425746300054,TCP,55287,3389,36556.44789873976,34.516247463254324,Sensor,Botnet,1
68.26448509253092,782.4147380221593,1.0,UDP,46348,80,1895.6679551033506,1.0916593026269248,Sensor,Port Scan,1
618.4886174055681,41.57507758021134,7.872603513126582,TCP,16845,21,2119.2015720259424,9.046280354114613,Smart Thermostat,None,0
467.86465115897806,24.242414755617844,5.424227402262448,UDP,16676,8080,5086.325916873032,8.149061488735668,Sensor,None,0
155.4403685598063,112.23409612097738,15.00583292938998,UDP,36325,23,6733.344469788748,6.399673126176765,Camera,Brute Force,1
206.00467265265578,139.69103071222963,21.959912324927743,TCP,37655,23,5778.394451111406,16.052224184043446,Smart Thermostat,Brute Force,1
330.2295247464359,342.03998464440605,17.85780410388104,UDP,21797,443,33446.9216348707,27.855827009833032,Smart Lock,Botnet,1
1502.1857895272083,805.9740553365671,1.5650561891032133,ICMP,46898,22,121659.91346721156,1.730563024853246,Router,DDoS,1
408.1405638749301,24.205599144183005,4.0731107727492075,TCP,28349,21,2147.272138309722,12.5852754826101,Smart TV,None,0
447.1390566982408,43.225043315231225,6.323895178861033,UDP,14902,443,3566.7673433769787,10.983239409855848,Smart TV,None,0
644.6648677376344,19.630060953412816,5.965270998911551,TCP,10322,22,3712.5288679441637,13.974210896881754,Router,None,0
672.6446578831077,28.559723399453237,5.58008079296707,ICMP,2141,22,3693.4343787129424,8.220339445388923,Sensor,None,0
494.2694457813751,27.29326244656306,4.776086331536706,TCP,30895,80,3812.0008984832007,10.757347943777178,Smart TV,None,0
478.25227585439586,34.47715030095068,6.0917576754782905,TCP,32261,443,2606.164847965374,8.123127680795811,Sensor,None,0
172.81846999198967,140.0504320020765,10.923918285475594,TCP,64110,80,7437.787105415315,8.177986464889395,Router,Brute Force,1
446.47167458493993,39.801908716718216,5.5623463312869585,UDP,52537,21,4575.98487041402,7.402180348503142,Sensor,None,0
1551.2099562044361,677.20935450649,1.213388405438095,UDP,22994,443,106020.80105418254,2.7799870117265426,Smart TV,DDoS,1
432.74606374363094,30.310472004885543,4.495874369193287,TCP,10373,80,4198.38116062644,7.698348794408079,Smart TV,None,0
68.20013259639917,470.1933618351924,1.0,UDP,56494,3389,1449.925033156692,1.0,Sensor,Port Scan,1
224.68022183125956,178.95276036377743,13.86501063783805,TCP,49923,443,7843.697150603693,13.806969919177783,Smart TV,Brute Force,1
261.1025605851203,15.04939169772795,7.727724459627819,TCP,1971,443,2497.4965439591033,1.1064134864750468,Smart Lock,None,0
109.15932310795358,119.64594088764238,19.75758617630662,UDP,12615,22,4269.100500741748,9.193475917192165,Smart Lock,Brute Force,1
56.135312317585175,466.95008803168764,1.0,UDP,5990,80,2479.7427221126864,1.0,Smart Thermostat,Port Scan,1
49.59133079550376,375.9844478685279,1.0,TCP,18990,80,2070.7911056341914,1.348856890994902,Smart Lock,Port Scan,1
491.31051934033474,23.916325040959816,1.2041289629970073,ICMP,31793,8080,4557.575842824816,5.987368920121318,Smart Thermostat,None,0
193.8140293352718,135.49009313586308,11.423585347336584,UDP,28699,23,7898.697967835857,11.82022090482543,Smart Lock,Brute Force,1
772.0803808334404,233.69614071208866,28.89044113595893,TCP,62939,23,34005.077994091,44.204106618693864,Smart TV,Malware,1
308.11564860399153,358.13244653795215,26.084534748258587,TCP,2324,22,30954.39409816009,28.93276122708133,Smart TV,Botnet,1
63.164437701240296,624.623954154473,1.0,UDP,21720,3389,2820.1230315912044,1.0,Router,Port Scan,1
534.2247111638909,23.5298337804854,5.0754457933644765,TCP,29301,8080,4786.323668291579,13.64367056786183,Smart Thermostat,None,0
477.290516411793,60.317624151106344,4.544941169273559,TCP,5860,443,4372.325560060305,12.506844783658734,Camera,None,0
170.69126500592637,116.00579114568467,17.859950570590044,TCP,38425,22,7419.527065954669,13.725844374828414,Camera,Brute Force,1
322.1953578562247,383.5181052307244,12.754835529593795,UDP,56708,22,20221.544722265484,32.66743746412361,Smart TV,Botnet,1
727.4460350572001,26.202640521503668,3.2497807156106084,UDP,31952,21,5532.627892393128,14.113202172305986,Router,None,0
697.1281162325156,12.842417156216833,2.814891459233175,ICMP,47144,21,4315.043036116171,11.688573760547174,Camera,None,0
307.31659414117763,422.9642811978189,28.294681591251326,TCP,20324,22,30384.443033522242,12.426900981548194,Smart Thermostat,Botnet,1
577.2978004582379,22.65926531856472,5.636956133593161,TCP,22979,80,4118.10346500646,1.0,Smart Lock,None,0
64.0517457508029,435.06072304307634,1.0,TCP,14067,22,2390.270605560882,1.0,Smart Lock,Port Scan,1
168.4885537580371,172.4737976791987,10.991066369161217,UDP,31811,443,6188.920878966846,15.142985812097576,Smart TV,Brute Force,1
159.43507828846782,157.41908667289366,14.171649536637073,TCP,10159,3389,6826.966003097835,10.46824707432599,Sensor,Brute Force,1
429.93356730893373,29.91720116070413,3.783504105601766,ICMP,45657,21,3034.9872752204897,9.165711121036273,Sensor,None,0
774.4940000783777,14.925188002212256,5.630684035573156,ICMP,49777,443,3061.455452690767,7.9760553454530285,Sensor,None,0
419.7993957974357,32.961005896232706,5.625425158549604,UDP,39871,22,4775.2291868507145,10.98223328559262,Sensor,None,0
335.9344530437602,47.907227386811705,4.716218002857714,TCP,35655,80,3511.5883439344634,14.63217414400157,Camera,None,0
263.18237169449014,362.8796490469286,23.59453367699151,TCP,27534,80,27205.96022230403,21.882034642434782,Smart Thermostat,Botnet,1
217.17825686519723,167.7557195918986,18.93856823493966,TCP,11169,22,7570.477817233405,17.529008298315162,Smart TV,Brute Force,1
454.4388234982192,11.971438035821173,3.495678263864959,TCP,64716,443,6000.963101590154,10.169234701508712,Camera,None,0
457.09638697345576,16.322461012029407,3.3881644427646167,TCP,27254,80,4439.923966687664,13.589883606961031,Router,None,0
436.5289929025107,19.279482276263217,7.031324566771326,UDP,57340,22,5255.407710486642,8.288251894439048,Smart Lock,None,0
633.1003773790558,14.079869977585446,5.603104613625808,TCP,10316,80,3992.0954846267637,10.821527194925368,Router,None,0
717.4440669294543,23.142933789270266,5.4376387420936005,TCP,44162,22,3481.1546867188226,11.393349872486262,Camera,None,0
695.2677369996286,29.166673730033857,5.093253685588036,TCP,60956,21,3124.3712675032602,8.058166227738052,Sensor,None,0
566.7939998813065,29.573169037725233,5.825782790444801,ICMP,48865,21,4668.417685286009,7.990955715783391,Camera,None,0
385.5471152761895,42.76973660750163,6.087814405182826,UDP,50494,22,4425.663812636765,6.744165821014195,Smart TV,None,0
771.0433180780075,300.15558671688245,32.903601865643324,UDP,28710,3389,48907.60658753003,35.319661198608834,Router,Malware,1
624.7242853902264,19.139654469658524,5.3514009123297,TCP,9747,443,4179.646680780053,8.24386449408087,Smart Thermostat,None,0
449.58559299677944,29.551711156697934,2.3978110069373777,TCP,56327,8080,3604.5562056860144,12.77589869190873,Sensor,None,0
1314.0329447680745,893.9676976811435,1.0625253585591345,TCP,12481,22,76127.8891873033,1.2709702837556764,Router,DDoS,1
605.078663822396,7.973073588646358,1.9724767467200488,UDP,57065,21,2675.6177919231113,15.834286712951467,Smart Lock,None,0
532.3022946593189,19.38807810664579,3.2367446350473976,UDP,40034,80,3014.3438310333195,12.011842931519261,Smart TV,None,0
182.9190318892076,148.79778376358647,15.787582824073217,TCP,16185,443,8045.730831279112,20.95670220235114,Smart Lock,Brute Force,1
354.4359432981623,24.721908536401056,5.673414383512611,TCP,27951,80,4696.207461836084,13.247264354850845,Smart Lock,None,0
530.9874587987234,45.64718021669904,4.2764590451116575,TCP,49751,443,4452.333950643138,5.3027227834584565,Smart TV,None,0
313.9546299822609,455.8150431211267,21.74254334777619,UDP,33118,3389,31765.4630679514,28.908818138603912,Sensor,Botnet,1
587.8913371715406,12.808388661239533,4.192815762961332,ICMP,24827,22,2649.9008818735792,14.812687314055042,Sensor,None,0
512.945653321164,43.09550684860527,1.7954809178821494,TCP,45284,8080,3205.863709974576,11.318909818050981,Router,None,0
228.75022911945774,28.092395396654513,4.674402006734786,TCP,7458,8080,3609.322397400804,15.117558041633693,Router,None,0
225.90691292219492,133.4942827441657,28.312506012111697,TCP,20198,3389,9197.387813739948,12.44737224366462,Camera,Brute Force,1
258.2342622879902,19.820112762323188,7.400840799820401,TCP,46275,80,2997.2214437208854,5.391745122865828,Smart Thermostat,None,0
570.1002888022748,20.923824938993995,5.072961511228463,UDP,40791,21,4762.149241958686,9.159794119357374,Camera,None,0
282.84179666789584,448.36323193058877,33.82422610325812,UDP,55083,22,25657.447951346745,18.475972580794036,Smart Thermostat,Botnet,1
589.5701863559552,22.479712775384407,4.670311236840471,TCP,20397,21,4311.409347450675,11.101160580042665,Camera,None,0
278.09441774587305,541.6454087229586,20.86022102047702,UDP,5103,80,19671.824721913883,20.976526419109486,Router,Botnet,1
228.18353917937932,125.16240036953695,14.315797137476185,UDP,18435,80,7464.960953844392,18.198315152628215,Smart Thermostat,Brute Force,1
353.2226187322834,362.05065484748013,23.12765558272453,TCP,24569,443,23116.4434605411,29.66869467429932,Smart Lock,Botnet,1
1520.4825558967714,766.6620113223825,1.058112839840547,UDP,43325,443,94548.53679799697,1.9725427610341164,Smart TV,DDoS,1
424.3073953770532,42.24396479928777,6.271020889040665,ICMP,31657,80,1626.223946464574,8.27817950890175,Router,None,0
214.99736578308006,406.4865347529259,23.087195152246732,ICMP,62866,80,18136.883736302458,34.57810796639978,Sensor,Botnet,1
627.7051386629611,36.886117009788876,6.95333073995626,UDP,20491,22,2238.710595357455,12.589262554136065,Router,None,0
70.75223218551328,724.4332092301141,1.0,UDP,54817,80,1559.5170651612284,1.0,Smart Thermostat,Port Scan,1
327.89342911469396,418.30484735509026,11.69010127204552,UDP,14708,23,31269.060080594827,25.40884889732242,Smart TV,Botnet,1
691.6433431821179,31.82389214723876,7.561888417560849,TCP,2566,22,2838.0997784001875,10.750893017994517,Router,None,0
841.0718509726378,255.01353495196275,31.782352442166594,UDP,28130,443,44327.20200511737,54.64447935219582,Router,Malware,1
775.008940027066,291.96426794968323,46.938717589941575,UDP,8464,23,62750.46118205826,35.61568117212367,Smart TV,Malware,1
1237.6077389876182,735.3368270684466,1.196606530434701,UDP,9384,80,86792.38302846559,2.614045866468973,Sensor,DDoS,1
479.62195566859117,20.62991571404244,4.445192830487675,UDP,48271,443,5463.926404514334,12.491193247322627,Smart TV,None,0
536.5322627376579,22.637268834616645,5.056653490165882,TCP,10692,8080,3318.3854474695663,16.09420049433551,Smart TV,None,0
47.6224660808819,607.5040095400525,1.0,TCP,20487,443,2273.107004923157,1.0,Smart TV,Port Scan,1
540.4348011272228,21.561900214752768,2.3002651754085677,UDP,61126,22,5149.376840957818,9.865801197436395,Smart Lock,None,0
578.5591434137343,37.454989065249826,4.458143739684384,TCP,54062,80,2364.536751542142,10.71084583463785,Camera,None,0
331.72472037027615,380.02060396716195,8.201201174632713,TCP,37009,3389,35778.845839050315,24.44983904067419,Sensor,Botnet,1
521.4670054046217,36.42152952299263,5.891856696676907,UDP,22934,21,4311.373129121661,11.313019900579318,Router,None,0
58.90942075761553,694.4234687810714,1.0,TCP,52679,23,1666.4605229975973,1.0,Camera,Port Scan,1
450.75911222580646,46.92315156117812,3.5717378155998976,TCP,8899,21,4413.847385812238,8.674432653121391,Camera,None,0
658.2847203098278,43.877212696709236,6.345974848328955,TCP,44314,21,5146.744605449697,10.193703923162172,Camera,None,0
195.55640700283797,466.507309608663,17.751536682161934,TCP,52025,23,38382.062310267596,29.008659661206874,Router,Botnet,1
677.3994920528276,37.8519230672962,2.488679587408856,UDP,62520,80,2512.5288066192415,10.717476053731716,Smart Lock,None,0
1308.2779625764974,842.3860589211155,1.0,TCP,6773,22,83601.59998594673,1.658768084525987,Router,DDoS,1
565.1113355950351,20.44374832598602,5.87502449723974,UDP,59901,8080,4109.647754574009,17.33539043517675,Sensor,None,0
277.3552321074664,462.16372771895055,20.47281344283465,TCP,26044,3389,48271.95355206687,20.76633457394532,Smart TV,Botnet,1
396.8849044540114,33.68750784082499,3.082234798342002,UDP,18878,21,3815.1376364547395,7.957211366788176,Camera,None,0
1296.5606145880308,777.0885705962062,1.0,TCP,27166,22,123734.37419749901,1.7634889141297938,Router,DDoS,1
647.9027692272664,247.13776644805324,28.586979185051234,TCP,61983,443,63103.688995730576,48.10128965454457,Camera,Malware,1
55.00310912698575,531.3989921657803,1.0,ICMP,20538,23,1767.2739538883434,1.1366651042214335,Camera,Port Scan,1
727.1658662507052,36.82392509812793,4.859974282374399,TCP,54968,8080,3458.0165997738077,13.444769273547966,Router,None,0
202.54425118549432,187.45165727994214,11.826350242264718,TCP,42767,23,8329.398570532168,18.45657116863802,Smart Thermostat,Brute Force,1
66.27833746699429,538.3331845270849,1.0,UDP,65418,443,1835.157330922558,1.3449111348903466,Smart TV,Port Scan,1
448.69346224045756,24.288640856402626,1.4501139108425463,TCP,48623,21,6417.805536116446,5.831429943345622,Camera,None,0
339.15725503745557,37.69856893055355,1.21365767752379,TCP,40658,22,4488.668524467307,10.511875235619378,Smart Thermostat,None,0
468.84631623850703,39.69804487391745,6.7485553578381285,TCP,20363,8080,4108.70215281341,15.17839712400853,Smart TV,None,0
315.0712404198327,23.800463361071493,4.185386655363031,TCP,25251,8080,5425.541372371019,12.4362886380538,Smart TV,None,0
444.81466211155737,34.2087901967237,6.189272450008157,UDP,16233,21,3346.807093770847,5.505563846754031,Sensor,None,0
462.43492568885534,21.81502397589615,7.162900939257064,UDP,33472,443,3622.807125210929,4.249552384704771,Router,None,0
557.1923560788775,30.146801398897114,3.420027292264794,TCP,28354,8080,2666.525681265799,5.584562946027443,Smart Lock,None,0
649.4761952206247,39.59590525750073,1.9704904484129213,ICMP,40963,8080,2394.7287528674324,9.927107848687553,Smart TV,None,0
673.3100475682855,11.329398191050352,6.12091554991761,UDP,37052,80,2417.0445802777635,14.8288931710949,Sensor,None,0
579.7224409087918,39.3263884299112,5.9679645879030545,UDP,47583,8080,4769.236208037128,13.665185998652777,Router,None,0
304.4436691418846,21.575179574312735,4.526204881773412,UDP,31979,80,2695.767734406757,14.211868160650036,Smart Thermostat,None,0
516.5868110569163,40.87454620148465,6.726301477408278,TCP,18346,443,5135.274731653189,12.321673542729597,Sensor,None,0
728.9538192016257,38.478732894973426,4.1541714883549945,ICMP,45131,22,3037.5273963189147,10.99942759622533,Sensor,None,0
534.8060109996507,30.794960630914495,1.0,TCP,37475,80,6051.812755938958,5.6522755580460515,Smart Thermostat,None,0
1326.7451341489818,1193.4496891311053,1.1212838149149762,TCP,59442,80,121324.79569249545,1.1397497996979287,Router,DDoS,1
186.01697009927582,186.40001948827856,15.094981224982881,TCP,41859,443,7716.5825921957785,12.84362309893957,Camera,Brute Force,1
642.991233701908,22.986558502361582,5.696406031889637,TCP,16567,21,3372.422758788971,7.349724531737093,Sensor,None,0
374.1886828958569,38.01795909900447,3.0472295844674835,TCP,48039,22,4358.103612659216,3.642688179348001,Sensor,None,0
518.4895990578642,39.69409790748205,7.476320602979699,UDP,63236,443,3215.8577065295913,15.4786280407204,Camera,None,0
513.6497784183372,37.36836530920051,4.07488856735084,TCP,3028,22,4294.592842558379,12.767919168363559,Sensor,None,0
57.90232356792877,641.7370418607096,1.0,TCP,8774,80,1975.4130355246853,1.0,Smart Lock,Port Scan,1
708.5281189683344,305.0397588150606,34.94712737595916,TCP,38949,22,48129.592267178195,44.82500377999693,Sensor,Malware,1
252.5659414441619,326.8441946729153,13.643580338048022,TCP,56678,80,31438.0454615778,39.97725499960663,Sensor,Botnet,1
369.8467253076514,44.12513069961006,7.048197679682049,UDP,9163,80,3790.96774397258,12.035571854200084,Router,None,0
592.4838538513716,42.67623560803905,3.2856471924451407,TCP,48444,80,2741.1935403156635,13.144088732851758,Smart Lock,None,0
238.97787560694206,352.2123988856014,17.85282501762049,UDP,55395,3389,27421.60599031517,14.41005567137332,Smart TV,Botnet,1
302.34072491680473,507.5259966138836,15.069158600512386,TCP,36432,443,26777.483282289075,11.810945518105015,Sensor,Botnet,1
316.80969719747793,23.45104358690028,3.319029675342162,TCP,54351,80,6022.589404664901,7.557137340780153,Smart Lock,None,0
599.1688771871909,32.79241553933562,7.737569263807126,UDP,8260,21,4366.332933650044,9.135143625618044,Sensor,None,0
394.899205517229,25.135776268007714,5.0020943721650735,TCP,21442,8080,3769.1941345119835,12.385690655931139,Smart Thermostat,None,0
643.5607382444297,30.753995431460623,4.6642518611473776,ICMP,10650,22,4731.813394320888,8.006239983224209,Camera,None,0
34.126656601901615,473.58545066282915,1.0,UDP,29509,23,1432.1130467294279,1.0,Smart Thermostat,Port Scan,1
581.1937462131831,23.551396933626705,5.680880887003091,TCP,19400,21,3082.2910254997405,6.434833436205191,Smart TV,None,0
918.8193440126383,283.3272446585503,28.846108771472778,TCP,62441,22,63885.46301657105,50.23851039693868,Smart Thermostat,Malware,1
400.53498046396743,43.095256365144,7.680508801903658,TCP,21065,8080,3760.5289348836764,7.587550115275123,Router,None,0
547.1769083776909,34.61146391359836,5.6405833680144495,UDP,9814,21,4288.838351659376,9.000625702349078,Router,None,0
392.4693430669064,48.1126768155912,4.296561676956689,UDP,11243,443,4658.910584480872,16.60330941626378,Sensor,None,0
220.88682029983738,510.4244582184644,19.57949719383406,TCP,26132,80,22334.77189585122,24.01192355716021,Sensor,Botnet,1
558.418225657914,31.39111739761592,4.808232794868058,UDP,39432,21,5259.705852880406,9.642914480199625,Camera,None,0
60.256237119984846,635.3710634466364,1.0,ICMP,60846,80,1545.2854035785183,1.0,Smart Lock,Port Scan,1
416.1641102405056,11.106024121260795,2.8010762264389926,TCP,35986,8080,4726.396513198959,9.723872384136913,Smart TV,None,0
235.7014753579926,168.51882241984683,9.16152435852256,TCP,41371,80,6086.195628549191,7.177623029026556,Camera,Brute Force,1
442.29000005910314,26.04356445873999,3.9800456473314876,UDP,36939,8080,4077.8567242673043,8.888160839380413,Smart Thermostat,None,0
722.1024361149521,39.51165170778927,6.412760292849171,UDP,61449,80,3662.162668649738,11.863754832685167,Router,None,0
288.50761146655793,467.013269350238,20.83916348455661,TCP,44730,443,32461.40906652972,24.381116981382988,Sensor,Botnet,1
85.76037219556069,618.699008356825,1.0,UDP,44497,443,1859.986912190489,1.0,Smart Lock,Port Scan,1
730.739718341224,237.84297732061526,21.304356903856664,UDP,18912,23,51816.32461528351,34.550751476934664,Camera,Malware,1
58.42406650743916,735.9636982465972,1.0,UDP,9189,22,1651.0256090043993,1.5775639233277763,Smart Lock,Port Scan,1
542.3152644700607,49.12954807731752,5.932355324394622,TCP,5489,8080,3589.6600266548908,9.238111965856657,Sensor,None,0
718.3197347300188,143.49636781207397,17.283657930059398,UDP,33811,80,52893.60624616065,43.52068429071987,Camera,Malware,1
1360.5813071077225,1046.921234701312,1.0,UDP,36414,80,68675.44557365902,1.8886467930775697,Router,DDoS,1
446.3410811204064,29.504411624484174,4.769002241402131,UDP,63642,8080,4650.249005578364,11.780664084716701,Smart TV,None,0
506.20379857143377,34.81028664763655,6.015456903276505,TCP,8539,21,6121.143402633667,10.703293349446293,Router,None,0
394.07458826063925,22.538052464429505,2.8581860083109616,TCP,65422,8080,4336.6237066273425,3.7002940428246323,Camera,None,0
278.49145257587577,312.9209741098567,14.454443535100118,UDP,57769,443,28600.00595294642,21.190193220688624,Smart TV,Botnet,1
760.0019528946083,178.2164685852381,31.344224049288098,TCP,12082,443,70129.79079132457,39.79272857434944,Router,Malware,1
251.91520512058565,86.60548657639396,16.69705548571599,TCP,41605,80,7423.151844113214,27.979463470916986,Smart TV,Brute Force,1
305.83248240140847,50.975106140445675,1.4763660781276045,TCP,17120,80,2553.0544785743987,11.700051720913258,Smart Lock,None,0
567.8184054571723,3.9811168494831115,5.41082105392252,TCP,59849,8080,3506.5317908461243,11.978452642755688,Smart Thermostat,None,0
69.74557797672333,750.8734681361291,1.0,TCP,48567,22,2152.0275580316825,1.0,Sensor,Port Scan,1
563.8679223517897,28.805080895600042,1.2712536044892286,TCP,62588,80,4244.060225981768,11.509952092162562,Camera,None,0
225.66417777365444,166.39989980549726,16.865467606387636,ICMP,15314,80,9538.998626116092,11.642760573762903,Smart Thermostat,Brute Force,1
606.6952781032409,24.579960964740287,3.6119133522847164,UDP,48702,80,4825.71364142531,12.309687943824294,Smart Thermostat,None,0
198.84187712369322,155.3573128334464,5.414332388319936,UDP,23290,22,6936.1362751370325,18.97227254557282,Smart Lock,Brute Force,1
433.99813059529333,48.146753489289694,5.010646013254214,ICMP,16322,443,4307.108362582421,9.803107954340241,Smart Thermostat,None,0
710.9319760016987,19.70397405115221,3.54921148474352,TCP,47275,22,5274.59066538134,11.872579342652067,Router,None,0
428.09627179604934,27.21682440288339,1.9251141017467175,TCP,39381,22,3944.063005939577,15.30724997731036,Router,None,0
275.3413397079925,18.50840709461364,5.020671126364709,TCP,8391,22,2785.3316726914386,12.142341245659903,Sensor,None,0
665.3283483529693,29.977497554958425,6.6306321443432665,TCP,40737,443,3238.0084761730095,13.271979808264398,Smart Thermostat,None,0
589.232840011962,46.45332668197962,6.94993568886827,TCP,33725,21,6571.930145241675,11.867323140278396,Smart TV,None,0
1386.137509768501,786.7585450538282,1.0125997261432276,TCP,20709,23,82573.3233016056,1.2170308766638174,Smart Lock,DDoS,1
424.4786467322724,2.4985150799485147,6.297510595767729,UDP,6584,21,5392.82184931697,10.050287371785842,Smart Lock,None,0
783.9397719076958,265.53899784149564,21.930306736210696,TCP,54990,23,32072.226610515576,16.391243135670642,Router,Malware,1
528.5282722798734,24.058500443032056,2.107884291223091,UDP,20761,22,4232.676211354704,10.06555643657033,Sensor,None,0
608.4052518176966,34.97136240386094,6.063171971485497,TCP,6571,22,2492.8832143655122,3.989892611799413,Router,None,0
452.12422696077005,27.317668004667333,1.5560974609067988,TCP,12619,443,5493.3015621257555,15.461897791617162,Smart Thermostat,None,0
961.9306036222347,250.79546424831423,20.105818441587203,TCP,37370,22,55580.91552723642,37.21219999142504,Smart Lock,Malware,1
52.82606009281647,680.2573080572786,1.0,UDP,44319,22,1761.496513190113,1.4862294006325074,Camera,Port Scan,1
441.1764663826376,26.562713284621452,6.602714472711098,TCP,33283,8080,3595.1436676581525,10.55276566721366,Camera,None,0
330.4830772878534,16.849708944622463,2.2376721370184525,TCP,58173,8080,5362.458244000213,4.312044402561807,Smart TV,None,0
894.5934416985544,186.80179787176183,34.94976560964458,TCP,8364,3389,47536.835726933794,18.49752892638257,Smart Lock,Malware,1
567.597568821971,31.145844370238784,5.659887077314529,UDP,19817,8080,4878.0585789082,5.880990949343382,Smart Thermostat,None,0
1329.5707351485719,846.8829619375882,1.1078462184139528,TCP,40581,22,66046.81613650621,1.9576794698929003,Camera,DDoS,1
650.7702696629162,32.73988472872999,4.546989508040421,TCP,39159,21,3809.4376855429987,7.740859782420329,Smart TV,None,0
1556.2193934800423,919.7904405865729,1.0,TCP,10991,23,104211.28939238664,2.414147886121314,Smart Lock,DDoS,1
389.9719769416546,464.17341051521913,15.502700516208485,UDP,50775,23,29664.785220729333,14.282963747903743,Sensor,Botnet,1
610.8384986442695,12.497845351539297,2.356857575600909,TCP,27962,22,3706.133102526412,6.208749041780434,Sensor,None,0
503.6903058241885,19.14764708857857,6.01099208841655,TCP,24853,22,3464.9705456916254,12.781679457066371,Smart Lock,None,0
175.2793072430614,209.2143310584123,10.455515537675126,TCP,54139,22,7501.88215762671,12.58809967128226,Router,Brute Force,1
804.2083416201668,283.8952780444607,37.40677703710094,UDP,39760,22,55941.87554092282,40.11986009831328,Camera,Malware,1
603.6839175554771,282.79993275810506,32.58567159674311,UDP,59735,443,45907.8229287575,28.785023709223523,Smart Lock,Malware,1
557.2892688123306,47.19109070022928,4.2271084755471655,UDP,61326,8080,7271.026122214589,6.422554219652566,Smart Lock,None,0
593.8820410901194,28.093489424948405,7.342494186934639,TCP,14081,21,4730.774691138645,5.2838792330402775,Sensor,None,0
579.2044990148402,49.1644487673541,3.473121365378679,TCP,7541,8080,4660.442566548437,11.493768802808136,Camera,None,0
617.5914931636626,17.12882843432225,4.756511085778174,UDP,48960,80,4443.886630316725,11.903138963487253,Sensor,None,0
464.08823553376925,19.849320942711838,9.097511301726573,ICMP,17426,80,3079.1496021908724,12.565057972891836,Router,None,0
1488.7645411748588,984.7538089944343,1.0602466376385016,UDP,46320,23,78761.18187767887,2.7688610584739934,Camera,DDoS,1
200.2852920128936,125.53911622850488,9.095630571753492,TCP,52657,23,9345.192587078353,12.761740791241085,Camera,Brute Force,1
823.484735302726,295.164424272364,37.651935469048325,UDP,53739,443,47682.591133543705,34.79046573241239,Smart TV,Malware,1
619.4841663079908,40.59223738896321,7.051673685770478,TCP,2195,21,2916.3011726419395,11.033814714251072,Smart Lock,None,0
66.77449174374894,658.4866822970819,1.0,UDP,24706,22,1918.443616453354,1.3737682546812555,Router,Port Scan,1
352.7877518538037,29.49525927218578,3.2169410906559275,UDP,60881,80,4522.360213834469,9.303622928513928,Smart Thermostat,None,0
903.6377601517526,293.04491981483557,31.749942630481794,UDP,8675,80,54209.42023905199,49.66882943623317,Camera,Malware,1
581.5282909671922,40.54041596163671,4.13308934044427,UDP,11174,80,5687.995441468464,1.4972656521003458,Smart Lock,None,0
297.6227952571829,25.15100007221165,7.45763000543321,ICMP,23214,21,4975.137546580733,4.669933696713061,Sensor,None,0
486.11925890246596,31.896404990223882,2.8842474709382504,TCP,29847,21,3567.8882395469873,10.292779782555442,Router,None,0
1575.7187665563863,994.5115397971092,1.0,UDP,43185,23,121973.74736473044,2.543606256542365,Smart Lock,DDoS,1
633.1657928069413,243.0347448922129,26.954926589537617,UDP,51787,3389,55191.84581186122,41.25026687013817,Smart TV,Malware,1
382.47463949728495,40.259321315802275,1.9775546270081903,TCP,61115,443,3904.1655003571427,4.875736883760025,Smart TV,None,0
510.9307960142033,25.899503826361613,8.512376136170278,TCP,10680,21,3095.127390014147,8.308669063013586,Smart TV,None,0
576.4965083181346,24.61228682382257,7.295625321467127,TCP,1921,80,2313.531848765898,7.521311600908142,Smart TV,None,0
271.7594128768873,400.0526566578405,16.202632128434452,UDP,30224,22,36156.937684633274,12.64830638463502,Camera,Botnet,1
1339.6173936352943,1274.6101939735433,1.3751079473550996,UDP,35496,22,82392.1367308706,2.3586745307177504,Router,DDoS,1
389.5810407478218,324.791127917223,23.416214520452563,TCP,59504,3389,27873.61233483685,34.59373677223994,Router,Botnet,1
249.21371317722821,281.43684164510523,21.84202174175297,UDP,16531,22,36248.45404636158,42.97837535898856,Camera,Botnet,1
746.5454113544932,30.784501307779113,4.876669361586918,TCP,28106,8080,2976.352238300109,10.609620800181714,Router,None,0
630.8199240428794,22.666056653219506,3.9182046194744053,ICMP,2099,8080,4768.483737340599,9.730776583812013,Camera,None,0
610.963903612375,34.46141004247674,6.855091554627086,UDP,29048,80,2656.1010883086665,11.261086377527871,Smart TV,None,0
1854.6799449007913,709.5245215784277,1.0770276040113753,UDP,24010,3389,122462.4479032045,1.7199868713641089,Smart Lock,DDoS,1
735.6668017609571,326.8852800398571,31.667239074324666,TCP,36412,3389,39873.377506205994,44.807528088177776,Smart TV,Malware,1
990.9520646796956,238.3868120980568,34.26199857246211,TCP,14850,443,48636.08222785357,28.412957078266754,Smart Lock,Malware,1
60.25092937350012,674.5887326903301,1.0,UDP,60000,23,1599.3045026911896,1.551444554429821,Smart TV,Port Scan,1
714.8854171018406,275.6103007063916,30.511169693598017,UDP,56518,3389,52047.82610299498,41.62340980095705,Smart Lock,Malware,1
331.78119247907944,441.6336599440315,16.470695889824302,UDP,49600,80,38039.27871866505,20.594117760931603,Smart Thermostat,Botnet,1
768.1263495437219,27.29603057904558,5.838929785706497,TCP,28026,21,4011.7164177193654,2.849833891127915,Smart Thermostat,None,0
447.2244980612711,46.09164968827583,6.13280270531849,ICMP,25853,22,3555.5554762069014,11.834063260774624,Smart Lock,None,0
431.994436962782,23.690384028678693,7.114378540482732,ICMP,21427,443,3468.6536665311487,3.865815210985538,Smart TV,None,0
312.7414016777119,349.9996763040422,20.461786299511733,ICMP,44117,80,29242.533723391316,24.69027013494578,Sensor,Botnet,1
230.42519786744896,152.9702886810703,13.973554691955423,TCP,20502,23,10036.513285966541,13.246985074664426,Sensor,Brute Force,1
447.8360631532239,33.69358059699904,4.0135563089881785,TCP,16164,80,5291.029055184135,10.784261238189906,Smart Lock,None,0
435.46263843714326,42.284208122801516,3.7209932182250487,TCP,53810,8080,4247.947560851875,9.575813493568594,Router,None,0
741.5911164001004,235.55156485416472,35.13195159639918,TCP,24626,22,40804.93767764939,23.068180557112388,Router,Malware,1
608.9913691120789,32.98431236175066,5.758688698361227,TCP,39315,80,4927.250507345886,15.312393165182687,Router,None,0
700.1541228311255,344.79776499241535,42.702652258314785,UDP,19287,443,43538.186390897274,36.415231767174106,Camera,Malware,1
322.2399053675323,375.2615420839613,17.657856780744456,TCP,45898,23,35980.756114205215,23.038461164681927,Router,Botnet,1
184.2988475869628,64.186818075253,19.809123688431143,TCP,54178,23,5709.267707396596,11.76155580677548,Router,Brute Force,1
616.8396213612908,42.419599968138115,7.260198632809027,TCP,14570,80,4519.660573346502,6.707986976358869,Smart Thermostat,None,0
57.8333441296167,458.41231622846976,1.0,ICMP,6702,3389,2043.6392177807948,1.0635096278409435,Smart Thermostat,Port Scan,1
774.2304002480337,273.97344020954444,17.306956325267183,TCP,49797,3389,51521.92881771905,55.47739714839696,Camera,Malware,1
630.4504627102921,28.955889588643267,7.317601721268024,TCP,63080,22,2787.6825717080424,12.27927091905443,Smart Thermostat,None,0
462.7885629692683,19.557779844238414,5.152188957845032,TCP,57912,8080,3109.391702992415,7.842439312111177,Router,None,0
623.128636418424,23.78623391952489,3.7489906962084794,ICMP,21796,21,4208.665898963983,12.283451649418959,Router,None,0
471.26016372959043,26.217147826357937,3.083081788609473,TCP,2714,80,4797.859200279269,8.608765186607389,Smart TV,None,0
670.4033501344525,11.589638327071544,5.188640312762195,UDP,51536,22,2266.6989553519215,8.812246106768207,Smart Thermostat,None,0
1729.741521323831,760.8067716589212,1.0,UDP,37474,3389,85165.59748040291,2.5258430148422946,Smart Lock,DDoS,1
267.8262001513705,465.9253180509551,17.071664814617723,TCP,21348,3389,23939.93603295555,22.24971113391192,Smart TV,Botnet,1
291.0923565629241,380.4610694636449,22.507754630256585,TCP,45638,3389,37491.39468454444,20.95556888784385,Smart TV,Botnet,1
1438.011162713478,1169.3678665821085,1.0,UDP,6288,80,94055.91608680566,2.130009697195649,Smart Thermostat,DDoS,1
280.4183363436181,415.157112650922,19.26658339215444,UDP,58793,443,17408.8693505599,1.6039380709899227,Router,Botnet,1
511.76022969192593,53.37845119172165,4.243921416537047,ICMP,38328,8080,3648.475264856707,10.746801731189974,Smart Lock,None,0
44.240250007097494,544.4472159408967,1.0,UDP,10379,3389,2300.3825219956734,1.1571894430822134,Smart Lock,Port Scan,1
754.1851774916237,13.074393264283913,4.223046348763574,UDP,14527,8080,4013.401858218039,9.297753780759564,Router,None,0
500.80814409219465,22.313571950385338,4.506228288345434,UDP,26629,80,4589.850246315273,17.407588110078454,Smart TV,None,0
329.2869681828057,27.99787190377501,7.091661183521396,TCP,54489,22,2651.3243436260423,9.310002411916653,Router,None,0
34.0993486379365,680.2331939378951,1.0,UDP,21358,23,1913.7554020202415,1.2516381095103486,Smart Thermostat,Port Scan,1
71.91854872862989,710.4107417198195,1.0,TCP,8530,3389,1886.050466785012,1.4501723933064872,Smart Thermostat,Port Scan,1
65.98695969676436,600.4099060810215,1.0,TCP,5733,443,3131.6876648834004,1.0582274888509537,Router,Port Scan,1
473.8988952043658,44.89638090790624,6.298092257911367,TCP,37931,21,3871.305761455297,7.1424652957194805,Smart TV,None,0
1525.1413198200878,824.999367838308,1.0,UDP,37485,22,91724.53520080617,1.8919192219294607,Router,DDoS,1
529.1621073617831,26.86057545252148,3.0676292558551252,TCP,49622,80,5613.440960225359,10.609499430223115,Smart Thermostat,None,0
406.15065515979654,20.084496874253052,2.7073981885426623,TCP,46421,443,2088.184840248495,9.860938892257703,Smart Thermostat,None,0
207.80406222804052,132.31440299203368,15.725100083031938,UDP,46848,3389,5341.964955562987,17.868044331721862,Camera,Brute Force,1
1600.386967641013,656.900991225739,1.2587857095396766,TCP,61466,3389,52793.75108156963,2.6227935740124657,Smart Thermostat,DDoS,1
380.6078667420405,32.26873018012737,7.025627410390746,TCP,25344,80,3203.042346718794,12.601545442336038,Smart TV,None,0
609.0304161935777,32.901333270887555,8.588463558657173,TCP,22981,80,4366.336968934061,7.256334859618233,Camera,None,0
722.9101503329931,174.0470862539533,38.615865374213676,UDP,44120,3389,54091.1019913004,48.208721106538476,Smart Lock,Malware,1
67.5790453154874,584.7977216209538,1.0,UDP,36692,3389,2169.740443687208,1.580830840090754,Smart Lock,Port Scan,1
279.5203554662389,502.08896327571324,23.13592886518652,UDP,30728,80,33485.43219317863,30.793076109325852,Smart Lock,Botnet,1
493.44621429799264,32.30489643429855,3.5470607909422602,TCP,20361,22,3251.2420123803377,7.6807195145347595,Smart Thermostat,None,0
516.4247984827261,34.87883342019566,6.053396084209153,TCP,23203,80,2638.98307209253,15.920564310441012,Smart TV,None,0
327.1182066695888,399.04713192913454,18.359658687500193,UDP,53449,22,22071.90968804298,18.661258546548105,Smart Lock,Botnet,1
462.9173161764501,28.271289175565638,6.929101364478667,TCP,34515,80,3803.995702154984,8.973541327803858,Smart TV,None,0
818.5115536570052,303.8877389778371,30.269074872608407,TCP,37387,22,28492.38130307433,48.14500472427757,Router,Malware,1
514.2555847883482,26.004510584115714,4.457247014136551,TCP,46669,443,4691.062565866877,14.307934374405328,Smart Lock,None,0
1674.8780628726572,933.5869460114451,1.0,TCP,33415,80,113610.059582703,1.8786559463317645,Smart Lock,DDoS,1
705.1932744814485,52.67644203899255,2.9385659361353205,TCP,22147,21,3222.3940722517327,8.109752469232992,Smart Lock,None,0
567.7928784256178,31.709383711283,3.4437523162788164,TCP,34514,21,4775.752300449909,2.744157151912856,Smart Thermostat,None,0
968.0214242953247,278.9892726928094,27.27607619091176,ICMP,21526,3389,60945.843158173855,38.7203056036295,Camera,Malware,1
189.9032535461193,127.04751910920568,11.26418735490454,UDP,27164,80,8937.394651004006,19.730407129838127,Camera,Brute Force,1
566.1430074442032,33.95509106362508,1.8658834995291236,TCP,41626,8080,3634.530405885775,5.8722592341953455,Camera,None,0
321.75332921879664,387.08807403227564,16.075729790122423,TCP,36852,80,23970.678550080942,18.68755276672303,Router,Botnet,1
47.352556974971755,539.4947885639579,1.0,UDP,38241,23,1482.5443509440443,1.0,Sensor,Port Scan,1
484.2696019174728,11.690941741524696,6.856593983136968,TCP,50713,80,2930.24758871031,8.037150169937334,Smart Lock,None,0
485.4765901064029,33.610011036314404,6.432391479425351,TCP,44953,443,4007.989308907943,12.37854135555304,Smart Thermostat,None,0
877.7579676432871,263.9732055835171,39.03542945374232,UDP,51317,3389,44993.079761506095,29.090168735727502,Smart Thermostat,Malware,1
1049.1527831716146,303.8056133359012,22.28013505984424,TCP,41297,23,49315.12465373205,26.493786236310683,Smart Lock,Malware,1
178.60199812713026,140.31976387622834,9.431991847140015,UDP,22578,3389,7247.9430692378855,15.208542186351224,Camera,Brute Force,1
642.3371002542597,32.10864602088087,4.647573882076048,UDP,5698,8080,4302.258218485461,9.659938006480578,Smart TV,None,0
285.59280873861076,25.558785456344847,6.518770417661487,TCP,46533,8080,3934.9543272811907,13.50923854295655,Router,None,0
1322.6913278822908,952.8586724073076,1.05643649325865,UDP,31536,3389,43095.805424509934,1.8557006249105634,Smart Lock,DDoS,1
1871.5695793212299,1302.8307542976622,1.4898098756399532,TCP,48712,80,110997.84070344975,1.9422941010343233,Smart Thermostat,DDoS,1
62.5919977992643,648.3537431897224,1.0,UDP,14368,3389,1890.1274284181527,1.024867168425885,Smart TV,Port Scan,1
1517.8924132529503,1121.9796297919302,1.0,UDP,14128,23,86645.41191547715,2.5124192367411124,Router,DDoS,1
1182.649531670418,836.5589006003214,1.2745235573122662,TCP,39442,3389,108171.75876964923,2.6620719228275065,Router,DDoS,1
1133.8028935669715,763.683363814712,1.0,TCP,62602,23,127504.76839379405,2.0556357231343716,Router,DDoS,1
44.76210908743146,647.0205299916588,1.0,TCP,7773,22,1919.2205473577944,1.309717867453207,Smart Thermostat,Port Scan,1
498.52168484848266,27.79032682213646,4.793159772850733,UDP,50869,8080,4947.649609848299,6.666685297247326,Router,None,0
1560.518182232017,899.4771119524688,1.0,TCP,14358,22,60564.1116321155,1.3278883488193531,Sensor,DDoS,1
732.2529396281606,175.56194772828744,18.14506374362922,TCP,30941,443,42715.545878586316,28.738557543401768,Camera,Malware,1
506.7372008293001,20.189128418837218,4.172789514511164,TCP,39456,22,2784.4971411543047,5.759448029042042,Camera,None,0
687.242111584935,26.99691741763687,6.917613312021922,UDP,36312,443,3789.2810209232375,9.012838983855351,Router,None,0
424.6894956275696,23.633847168977642,6.082263221609063,UDP,6495,443,2314.4026826151917,11.614103319784753,Camera,None,0
458.1816706367724,33.844294376196586,1.8689455450631232,TCP,39578,8080,5050.5336499065015,9.630459112723285,Smart TV,None,0
457.5377574956179,25.07783146824392,2.0837388767222693,TCP,3974,8080,5265.943584148598,11.6631740055209,Smart Thermostat,None,0
390.1729134616011,39.806732943274255,6.940995961727461,UDP,37315,22,3892.466255733936,11.662990013897172,Smart Thermostat,None,0
235.76376846329612,43.744712159904154,4.719729743143987,UDP,45741,443,2470.6139341917205,9.940885432463794,Sensor,None,0
212.7944721269086,130.2132631907169,13.084214682528973,UDP,14258,22,8107.8564312244125,11.54615122379488,Smart Thermostat,Brute Force,1
435.98571834023306,25.883616777837908,7.725285279606682,TCP,27796,8080,5610.936995011894,17.64798385782101,Smart TV,None,0
225.2615200668454,134.75594664301718,16.978836280214303,TCP,18416,23,8500.70613838394,11.508601902282894,Smart Thermostat,Brute Force,1
451.62047876839415,35.41130838218041,3.344831518530677,TCP,18906,21,4995.938684822258,8.186204151461379,Smart Lock,None,0
527.8593587680064,31.16685809140728,5.437377193458026,UDP,42102,80,4678.913563071895,10.202737208466674,Sensor,None,0
572.2823406671024,17.959830861639407,4.869676763718618,TCP,59328,8080,4987.3230940269505,11.012479416456518,Smart TV,None,0
48.148632450352444,737.7262848126213,1.0,TCP,19457,23,2510.7019259651997,1.2559528474852044,Smart Thermostat,Port Scan,1
325.4434252964072,23.771791634771752,6.48881746739543,TCP,44032,80,3276.665340467768,10.195507199092694,Smart Lock,None,0
459.01834227423194,47.23893828123862,6.324290562981206,TCP,21111,443,3971.6866643477333,7.696133698779547,Smart Lock,None,0
377.64985901990684,31.656121502326517,4.888109135909463,TCP,37275,443,3071.6758692109725,11.457066877571545,Smart Thermostat,None,0
670.7714179413944,26.069470624139704,7.734803055476844,TCP,31667,21,4256.694499043086,12.559697988607228,Smart Lock,None,0
62.82185623445102,650.1734515551693,1.0,TCP,23426,80,2621.8277807724953,1.0,Smart Lock,Port Scan,1
538.2913800828289,42.59114849334736,4.8100693788146565,ICMP,11989,8080,4394.2376494420305,7.841555362064357,Camera,None,0
515.26897387679,41.50223758497454,1.0,TCP,11227,22,4141.09538216214,11.714347676549032,Sensor,None,0
835.4420475945265,308.32701006471933,16.6964081523861,UDP,37719,22,53431.90755791358,25.957661296078633,Smart TV,Malware,1
205.30174339799837,383.5427872792414,17.186603168694706,TCP,43666,80,27001.287952538376,24.23230199507683,Smart TV,Botnet,1
1400.6900147343092,917.302894090615,1.121264540805692,ICMP,44593,443,89868.30961149094,1.7350531187912024,Camera,DDoS,1
472.3355786989041,40.545336965420816,5.649755248813653,UDP,65343,443,5426.326976900034,15.128603846878807,Smart Thermostat,None,0
164.73184975067966,164.71978786241974,15.788783438897664,TCP,12072,3389,7717.939264552806,18.873516939673912,Smart Thermostat,Brute Force,1
220.3031838435793,120.60133509046135,10.729554728130033,TCP,18079,23,8261.20260246113,16.513024627804832,Smart Lock,Brute Force,1
49.40635644914782,654.1263218452352,1.0,TCP,46183,23,1314.61062325908,1.0,Smart TV,Port Scan,1
69.93318003856344,503.5166974646291,1.0,UDP,25581,22,2127.5323537483496,1.0,Smart Lock,Port Scan,1
51.15695558312042,766.0927015807108,1.0,UDP,55978,23,1709.6990553671883,1.0,Smart Thermostat,Port Scan,1
299.15580182593663,334.7024618703565,21.621677403412356,TCP,40043,443,26925.598688388982,31.93737435491567,Camera,Botnet,1
206.3459761824656,132.35808737637868,10.846495317964093,ICMP,64712,22,7646.038958958275,19.81156339184919,Smart TV,Brute Force,1
382.027768681007,32.76414364253755,6.991078656325364,ICMP,52807,8080,4571.174066291047,7.085143680961121,Smart TV,None,0
473.9427664308423,32.773441797202146,4.010503138948575,UDP,35078,80,4620.372393931358,11.326666186109799,Router,None,0
398.2602142733794,28.117529616464335,5.643582738096989,TCP,10198,8080,4566.408677397475,8.212890173759781,Smart Thermostat,None,0
492.89821125077395,44.13524351800977,6.234267844147171,UDP,47867,21,3010.244214259178,13.672376307505521,Smart TV,None,0
1572.8596035671335,422.7543936213486,1.147601852136505,UDP,5537,22,82256.57999798558,1.3555175916560578,Smart TV,DDoS,1
50.0679642212169,525.5616680974008,1.0,TCP,45600,23,1685.7630074868086,1.0,Router,Port Scan,1
475.64696675895556,33.76044369622611,2.029889041745128,UDP,57428,22,3439.2458359122543,9.933256615452368,Camera,None,0
338.01960118049124,364.0266768625663,18.852082399663047,ICMP,11739,443,26087.385769241355,22.13547463687137,Smart Lock,Botnet,1
477.726687823154,38.48866536035071,3.6024731623703685,UDP,3844,8080,5054.956094719294,10.421622984754121,Router,None,0
320.6713256216832,36.99196731694888,9.105369963891782,TCP,51038,22,3857.996785592479,11.845770300905684,Smart Thermostat,None,0
811.7781025467058,240.91744356882145,39.6321935433341,UDP,26079,443,49934.27752028639,37.686544339745716,Camera,Malware,1
863.7191933821483,233.6032583606136,28.571011555739517,UDP,57348,443,44071.37270720327,27.19053076927282,Smart Thermostat,Malware,1
626.2225832633023,14.843080784865283,2.504744401712415,UDP,29547,80,3633.31359704457,15.013363685689741,Sensor,None,0
705.7842232694396,349.3110783631619,27.61172964196164,UDP,62680,443,54399.715621511794,47.96705437689323,Smart Thermostat,Malware,1
598.4634170500902,26.06258827775428,6.042334511464225,TCP,1377,80,4829.519042024073,4.0208188868375325,Smart TV,None,0
62.31548323581787,606.7164304294508,1.0,UDP,5807,80,2130.7406991229295,1.2461664820814016,Smart TV,Port Scan,1
508.156396539635,14.432840478639166,2.3619396326629754,UDP,12628,22,4579.269811898811,4.823095524566102,Camera,None,0
301.8317801092477,18.758594818356393,5.011062277258541,TCP,20491,21,2191.7624449959826,3.618707369152415,Smart Lock,None,0
506.41494951409686,28.808311626720794,7.339076294587768,TCP,16399,8080,3493.397304028797,13.818648306263992,Sensor,None,0
459.68729299518225,49.0506021406447,5.07115295396925,UDP,48994,8080,4131.057826046144,11.096423417928504,Smart TV,None,0
532.4353936049397,27.750797124940078,4.5098648568132695,TCP,17986,8080,3384.302476035156,10.49164230722812,Router,None,0
1419.4234063773274,753.4781469218259,1.0,UDP,64069,3389,86794.80126047629,1.768469540983115,Router,DDoS,1
482.09202977840135,35.49190494233033,5.400799000960585,UDP,51252,80,4492.591551644872,9.007400794586674,Sensor,None,0
244.4962532959979,32.5764042092116,6.690966216963708,ICMP,52108,8080,2842.535367766578,7.103946415573709,Smart TV,None,0
378.67607759560934,48.92168830399606,5.9329856334990145,TCP,4704,443,4771.036216759805,8.760670141609856,Router,None,0
556.977958743571,23.07985050767786,6.444548294356005,TCP,19100,8080,4611.00195982526,5.113007304819101,Smart Lock,None,0
68.78150381851434,593.1103134086998,1.0,TCP,40307,23,1731.7076375930383,1.0,Sensor,Port Scan,1
473.3332763481472,15.29193705497342,2.968841837584917,UDP,5214,80,5996.730891691786,18.741587398021988,Router,None,0
713.2063816541145,32.39149284633461,5.5409707722203985,UDP,50047,22,3865.9727791906344,8.17528081198814,Smart Thermostat,None,0
361.78896596727697,434.0018075196299,8.9767859191149,UDP,43795,3389,26237.424397743576,37.15079604593983,Camera,Botnet,1
508.12055096752516,29.71982215104256,5.386363159626397,TCP,27973,21,4422.289019125359,13.205386201732894,Smart Lock,None,0
60.49328873840972,752.9569387434476,1.0,UDP,26095,443,2090.2587702844758,1.0,Sensor,Port Scan,1
335.84692671417645,20.189006325317855,3.5535286281183214,TCP,55221,443,2577.9482338598673,7.534494110777338,Smart TV,None,0
64.08971975326705,575.3872793760008,1.0,UDP,7738,23,2042.0631538090422,1.0,Router,Port Scan,1
239.6524467918997,430.9486347497121,8.730289745820077,UDP,61587,3389,27698.833240669228,31.71195768586937,Smart TV,Botnet,1
414.5114151977408,35.86582337333482,5.391636775762922,UDP,56621,21,2561.2248727598007,11.258491816929144,Sensor,None,0
429.11515832438164,33.156050035903405,7.411707241776467,UDP,31175,443,1852.7109702613452,9.512002238365277,Sensor,None,0
432.8635108221317,25.529905400881454,2.5559912260804136,TCP,12176,22,2887.6680852186446,12.220853000958746,Camera,None,0
425.1150272144947,30.757915499643527,6.794722918040049,UDP,23018,8080,5388.148283195098,9.050131584814427,Router,None,0
630.8688304848617,28.383742359751626,6.392661762803431,TCP,14882,443,3909.3418242628245,6.293127702013949,Smart Lock,None,0
412.45073670372244,33.779709979946986,5.905076837959184,TCP,16708,8080,5577.768204931886,6.797218692865342,Camera,None,0
492.83045852474675,38.76830896064053,3.932731501681301,TCP,55199,80,3267.495944676051,8.797004563592846,Router,None,0
497.97959315198887,48.22055221342843,1.9556014496171432,TCP,3416,8080,4102.472367103157,9.272142857799178,Sensor,None,0
363.48872055647735,19.757376656411367,4.811757870864363,TCP,33131,8080,4607.053434770552,10.220969784976583,Smart Lock,None,0
1427.2929213443592,906.413348428302,1.0777509618850245,TCP,20773,22,83841.25796099244,2.3999711773777017,Sensor,DDoS,1
339.68992287302797,33.79752188498697,6.4804461272113745,UDP,18398,8080,4537.429770139077,7.858014708295963,Sensor,None,0
74.13225786250683,695.0881358868484,1.0,UDP,35508,3389,2116.84770417846,1.0,Smart Lock,Port Scan,1
1510.4211918225183,541.5301687590577,1.0,ICMP,65036,22,113318.43060623674,2.6616693483965435,Sensor,DDoS,1
573.732814747097,36.312383280671476,5.960482305023533,TCP,6748,8080,4787.482704385526,9.863325619736377,Sensor,None,0
368.5527572940756,46.141139230244875,5.201803070294136,TCP,13121,80,3350.8768783617425,7.873122936862474,Smart Thermostat,None,0
595.3918703498753,31.80363943026398,3.6878901267180653,ICMP,33328,80,5579.185502981632,11.48366996596856,Smart Lock,None,0
293.9813480208595,280.84048781351305,36.95496181370546,TCP,2023,80,35814.215276121926,38.60691162511352,Smart Lock,Botnet,1
647.9436491970811,27.784038300018974,6.991269612235665,UDP,12437,443,4141.16901883264,4.730569837761058,Smart TV,None,0
426.32278383285234,44.51178849021064,4.1186951568605155,TCP,4182,8080,3380.3340658713864,11.413408880199789,Smart Lock,None,0
532.4411887138072,21.366547352606183,4.704942639519294,TCP,63038,80,4999.824246910294,6.824391754064772,Sensor,None,0
657.204763144034,38.74342428446387,7.162749587874293,UDP,15504,443,4089.5089997638142,9.288220842707794,Smart Thermostat,None,0
615.518908698421,32.72645263432129,3.8770339464342327,TCP,26732,8080,4001.339846754487,14.418860716568723,Router,None,0
635.8779131056815,35.835250918333415,6.307365417622637,TCP,32926,21,2181.2422308760815,5.496821699135456,Router,None,0
1652.4257296337996,645.8328876816873,1.6280459961312412,UDP,45450,3389,92696.8985736425,1.6977793417317113,Router,DDoS,1
1528.7500950627673,1060.9243925562466,1.0936199272236693,UDP,8096,22,89975.14055588986,1.7103575334059942,Smart TV,DDoS,1
305.13393365584466,449.66379513179186,27.15603340049398,TCP,1090,3389,36123.131842538,19.967502895177297,Sensor,Botnet,1
1055.4234313180827,1143.2424759754474,1.4048260650951052,TCP,25705,443,88700.01079774964,2.673454645579893,Sensor,DDoS,1
75.68932537382722,617.0437234801367,1.0,UDP,38035,80,1825.8576145116788,1.0626035573096295,Smart TV,Port Scan,1
583.5694268987323,39.351087610227836,6.822456010381295,TCP,57715,22,4228.460681732321,11.897128577697396,Smart Thermostat,None,0
215.7041826544115,162.39979870456492,2.859486549267185,UDP,14398,80,8236.761585958595,18.78984136529925,Smart Thermostat,Brute Force,1
371.02807834187433,38.7654360408152,5.540190868394573,UDP,23224,22,4468.552778506202,11.973664031299538,Smart TV,None,0
541.6025787230736,32.67617509031115,4.620512591987202,UDP,42116,21,2884.066141408628,16.450657643268187,Smart TV,None,0
180.8605776190623,156.76745420119096,15.995460310766301,UDP,20463,3389,6610.216734634321,21.680563692812907,Camera,Brute Force,1
283.3099849078085,56.111026783878415,3.8513117830455625,TCP,35140,21,5061.09025760258,7.934563267402618,Smart TV,None,0
310.4796800332301,415.77871019256366,26.01745921368847,TCP,61544,443,34415.904629193545,11.315390222146064,Smart Lock,Botnet,1
58.37849656863593,659.4372050048919,1.0,TCP,18376,443,1489.5310846445605,1.0322736428700303,Router,Port Scan,1
373.24815100511984,37.55251775976101,5.7026193519758355,ICMP,29120,21,4208.649581873369,13.599189341032512,Smart Lock,None,0
545.7525668097171,21.841733520155675,3.072449625531223,TCP,17114,8080,3008.8936844126497,12.903996413661593,Sensor,None,0
303.4098672608486,453.5803277369534,22.41051146003412,UDP,22716,443,34989.34813490291,33.717524258583666,Router,Botnet,1
648.2369240360026,302.7217903802664,46.02747493885278,ICMP,35056,80,48380.05144012157,30.585582492367827,Sensor,Malware,1
395.67098661743944,35.62299844726137,6.9403229468119605,TCP,32901,22,2635.8461412363094,12.57929219438824,Smart TV,None,0
784.2787478535932,228.13923165694524,21.47766909548803,UDP,25915,443,32622.488565185253,38.44127034949504,Smart Thermostat,Malware,1
258.2366417338898,429.84504763001024,24.74904903167912,TCP,26834,22,24208.49688761078,18.915120028194977,Smart Lock,Botnet,1
714.2744898345567,38.868263287992036,3.6433002423177117,UDP,54011,21,3483.3752380252613,12.27449265168452,Sensor,None,0
296.4461618542135,359.66188655010757,21.190493449444187,TCP,55085,23,20746.90736684177,17.292047800121768,Camera,Botnet,1
615.2881169113357,10.471844699517519,1.0523322602820726,TCP,49800,443,4170.176943191932,8.613618774482664,Smart Thermostat,None,0
297.9428892389992,462.9279787728363,18.806644778689602,TCP,16627,443,25145.966850530167,15.068036179883952,Smart Lock,Botnet,1
406.34550505896016,10.457286132454144,8.472050291720354,ICMP,25297,80,4898.171790507289,7.814156912382144,Router,None,0
69.27148957636854,780.0603736341473,1.0,UDP,65142,23,2021.1736296214167,1.0,Router,Port Scan,1
562.004338237816,7.805257413769475,7.939874461882463,TCP,30182,21,3097.888861818949,5.342477580099837,Router,None,0
609.0991522656652,18.48406466592044,7.227319413482597,TCP,19854,21,4258.246186997227,11.455367676608743,Smart Thermostat,None,0
870.983605463447,307.34065158178794,24.7467659025972,TCP,4010,3389,44499.30890686159,33.99691285546178,Smart Lock,Malware,1
253.0893445007796,234.8508792126334,14.61556914278184,TCP,29506,23,31407.542809382656,20.21178094548584,Smart Lock,Botnet,1
611.3290879461447,55.7251743696973,3.4999965275029767,TCP,20430,80,3509.7778499612245,7.329937750709191,Sensor,None,0
431.15963709698974,41.634958143064736,4.387595842056904,TCP,62576,80,3657.155347090163,11.43907159179259,Camera,None,0
560.0557429982142,33.56908849215704,2.823384413890615,TCP,24730,8080,2270.9288532577484,9.845971424965091,Smart TV,None,0
356.28940531590115,36.38759381675977,5.663083390267385,UDP,40354,80,3305.534758074647,5.149121799505162,Smart TV,None,0
458.77571374091616,30.341777157245744,5.601229613529073,UDP,16037,443,3879.9147549312556,14.139496989263165,Router,None,0
555.2269607847546,19.832404251614726,3.8202261186044004,TCP,62684,443,3259.825895705773,13.457747736704176,Smart Lock,None,0
539.2212164465627,22.677146185979243,6.831860604559197,ICMP,62871,443,4562.272871914493,6.124353195304931,Camera,None,0
323.8410683976389,393.3688370913584,24.767754873883955,TCP,20013,3389,32619.825466118935,17.457411871383627,Router,Botnet,1
570.9058488189964,18.9401505066078,4.916164035650457,UDP,49145,22,5839.502002822564,11.165655043837646,Smart Thermostat,None,0
402.51186097321556,7.971506174903702,5.724249951885395,TCP,29307,443,2627.4857828256027,12.332065188213589,Sensor,None,0
1496.8217554104795,831.2757904121079,1.0,UDP,37571,80,115151.90512445089,2.536180126765664,Sensor,DDoS,1
526.8337887727648,39.611572137178506,4.268191509725091,TCP,19894,8080,1721.3109965546432,11.768051504915023,Smart Lock,None,0
247.39217039934965,453.67946363576715,26.34159068749276,TCP,23928,3389,30849.77264287142,13.888862746056029,Smart Thermostat,Botnet,1
596.9310078165893,272.9337627711956,28.388181352193687,TCP,41041,443,61987.29005276602,45.26682611723322,Sensor,Malware,1
132.45582521908307,42.72422160284049,7.460516915759392,TCP,14738,22,5887.340946255947,9.947415255153468,Smart Lock,None,0
467.8871590377049,36.587202870170906,8.157585479699724,TCP,44376,8080,3388.404191620882,12.29228811805513,Smart TV,None,0
464.67827317673004,25.43843803884642,5.875311347068612,TCP,46889,22,4790.393476966172,12.938756023467919,Sensor,None,0
666.3253184463296,34.44393403577671,4.784999691138549,UDP,18233,80,3809.777081676901,11.01431776451899,Smart Lock,None,0
668.4164461721004,26.59103420554983,5.214310145678647,UDP,64756,8080,3348.6257099324475,10.300508913980421,Smart Thermostat,None,0
295.91936199264626,401.90277275470845,26.86724083584737,TCP,26398,22,31937.731757400266,9.672564353701533,Sensor,Botnet,1
1401.7005403832604,625.212767994351,1.0,TCP,47644,443,115344.55313830107,2.220621937507828,Smart Lock,DDoS,1
533.3999527484605,16.239566684268517,3.7313380129489087,TCP,30552,80,3466.2040603407913,10.02162118112911,Router,None,0
309.89403933537767,18.38689795277404,2.756867877444682,TCP,12195,80,4611.061200073943,4.481035030592607,Smart TV,None,0
1538.762163347346,936.0090952315084,1.180243164708931,TCP,5662,3389,79944.0439132164,2.6635953650767767,Smart Lock,DDoS,1
490.432452337183,47.9756116664464,6.788426657026819,TCP,1282,22,4044.2123781041983,9.391258045613357,Smart TV,None,0
361.89625889773197,29.121232575843795,6.880578929767178,TCP,11156,8080,4886.393959567952,11.472300126981457,Camera,None,0
990.7839406189889,319.56726989932434,26.29484392038916,UDP,7354,443,40901.785747604445,34.99363752736399,Smart TV,Malware,1
591.0473624785201,30.23864421189582,4.404183371429379,TCP,60367,8080,3337.1477778632943,9.621288978180205,Smart Lock,None,0
385.1795944544424,44.470586960311024,4.6871570417134025,TCP,53426,443,4291.205201131494,17.178030169054725,Smart Thermostat,None,0
64.13090909346626,703.2472306764689,1.0,TCP,21222,80,1512.4723614020477,1.0,Sensor,Port Scan,1
504.6854102677472,34.1541883029349,5.139917178822749,TCP,54831,80,3015.9514769808147,8.084271428868934,Smart Lock,None,0
565.2568697501488,21.927561945405838,6.514847636100762,UDP,9406,443,2655.605196716695,5.965765761050761,Camera,None,0
226.97280519867653,151.72277324339058,19.907284923700935,UDP,17851,3389,6995.319115189091,15.374175937048419,Smart Lock,Brute Force,1
412.5667417688567,37.715332597619195,6.618242621980487,TCP,44977,8080,4139.924312039114,7.550274677633276,Smart TV,None,0
73.61235101997963,709.7582860888722,1.0,TCP,31463,3389,2234.231507909159,1.2465813394737002,Smart Thermostat,Port Scan,1
581.2881642430763,20.452081828691785,6.9477882564348015,TCP,29587,21,3237.676541972348,7.42238194427329,Router,None,0
846.0960711013357,257.0518392786776,25.95994079805002,TCP,21799,23,60866.33815466338,37.598884985953525,Camera,Malware,1
220.64472274579902,400.57747653801414,18.347766021457034,TCP,20687,22,29476.235130723016,23.194689656404556,Sensor,Botnet,1
223.08783099220148,152.89474447673499,21.23008298168927,TCP,26377,22,10360.08967556951,22.92494219962479,Smart Thermostat,Brute Force,1
59.22969174050275,425.0823171618327,1.0,TCP,25346,23,1783.749804573911,1.0,Router,Port Scan,1
1428.6806486731969,888.3524529162402,1.131521561014711,TCP,3081,3389,84174.74566472718,2.2550618804380584,Router,DDoS,1
214.74992334372874,335.8885792608676,14.87459683415279,UDP,8677,22,40093.579492360084,25.326418537643047,Smart Thermostat,Botnet,1
214.4502518682716,139.5700736653197,19.603446859848006,UDP,55610,443,7779.0229011789725,27.091200846094907,Router,Brute Force,1
392.30951350742805,33.38938522462068,9.854944088675218,TCP,3041,8080,3259.670634161288,9.873741845090839,Router,None,0
164.19138317212605,95.75425265020341,17.843686846753155,ICMP,40251,80,7653.444108916072,20.065881715690058,Router,Brute Force,1
415.09720447952645,28.85544989681692,6.01930152641256,UDP,64024,80,3345.7263140156683,11.016885697723344,Router,None,0
493.09344050408976,26.096356754003352,3.210492025263801,TCP,34440,80,4511.895912049243,16.223354184428374,Sensor,None,0
559.6592892864517,31.424257360705653,6.3809707081355365,TCP,33603,21,4625.590393967337,9.071960380839284,Router,None,0
223.96793261177714,139.86308739886232,15.802384214213472,UDP,41573,3389,6349.873033462163,18.930402279581347,Smart Thermostat,Brute Force,1
285.51457137964485,440.47176480023285,24.073979154454598,UDP,36235,3389,39282.119442332965,27.17826636762658,Smart TV,Botnet,1
530.7990476854714,12.855141045038785,3.572361005562578,TCP,44167,21,3487.938580680873,14.2026455809389,Smart Lock,None,0
482.3940043845696,36.135855160113756,2.3271798242960378,TCP,37279,443,3356.244386167693,12.564019259473913,Smart Thermostat,None,0
293.3307261123218,339.3615989858361,19.221649885936472,TCP,14284,23,23764.346224610614,15.39461922461216,Camera,Botnet,1
411.394810294747,23.83824915825476,3.298360755234614,TCP,60995,21,2783.396284710595,11.005127102612239,Router,None,0
527.5347769333595,34.69536367015826,6.84266039575537,TCP,61319,8080,5450.856679743159,12.312944767579445,Smart Thermostat,None,0
395.8890875284071,30.70496229021164,3.757976490385251,TCP,31220,80,3641.392646461369,11.70091197875117,Smart Lock,None,0
408.6759315647857,37.070407250969,1.7897335970831652,TCP,17722,80,3824.3471958601435,5.636068381425689,Router,None,0
729.7190490324538,27.467712973825535,7.3360067706531815,TCP,57499,22,4721.66195980949,13.251192341822124,Smart TV,None,0
548.964341225752,46.16874398498608,5.26205423238684,TCP,49461,443,3964.389263809909,5.905775043395304,Smart Lock,None,0
1347.2923476764443,743.7183886773515,1.2371290644052702,UDP,50376,443,99963.7290894797,2.2593101747961453,Router,DDoS,1
534.8879813440187,26.45412452748642,1.0,UDP,7552,443,5575.67759217066,4.891664164320071,Camera,None,0
498.0706598567782,47.780160768072875,7.494333834738468,TCP,61634,443,5337.367642902413,9.852837179615907,Sensor,None,0
557.2543445455365,26.779773713618653,3.7031637500631875,TCP,35074,443,4428.80321783391,13.39416028587493,Camera,None,0
516.1685652221064,48.01642604346506,6.700974406403818,TCP,14670,8080,4137.237128967625,6.246283643215025,Smart TV,None,0
923.1921595402727,266.04757102822225,35.4109426589235,UDP,30676,3389,48900.80682590237,44.35899194576196,Sensor,Malware,1
494.1216214326858,44.86038893515148,6.929358788327234,UDP,34163,8080,2356.393718251244,13.726415855882742,Smart TV,None,0
405.15336155813316,37.428273399555536,4.880663038878943,TCP,47352,22,3700.8265208104103,2.0141039885280154,Camera,None,0
385.2205023708365,50.5976589933974,4.62250259627125,TCP,38665,21,2259.2035686537265,8.002142812722125,Smart Lock,None,0
635.9227784623506,42.645398093380365,2.1564727013108542,TCP,49702,22,4508.079105199065,10.585789094439319,Router,None,0
189.60680483730965,110.4337728291965,11.714251713604567,TCP,19763,3389,9830.794013032995,19.2252654861991,Camera,Brute Force,1
1816.0653254916042,945.2184835133146,1.2607976280647846,UDP,42137,22,91956.58020027124,2.5384343751949876,Smart Lock,DDoS,1
380.25776201071693,29.1514946833799,1.7995883019130452,TCP,11200,443,4366.209597783937,11.252415876226044,Camera,None,0
623.3125233681408,18.985857888192164,2.9177570652147877,TCP,26487,443,2771.409784088154,9.854285533602189,Camera,None,0
376.0424929161763,17.700555117417764,6.3341337010499,UDP,47188,443,4556.23913497328,4.427839498855256,Sensor,None,0
397.6292003317811,25.04751379806344,8.627472140629438,TCP,63097,443,4718.347961330837,13.021897202074337,Sensor,None,0
604.2298325280696,26.419906941089774,5.574761419287101,TCP,53827,80,3093.5260505266183,9.847460148672155,Router,None,0
334.0714195641648,29.120725905801024,5.592066154085234,TCP,5507,443,1665.822957789695,9.718043701646137,Router,None,0
273.87364510656676,389.8922391097965,26.517421428997032,UDP,4298,443,39805.70306203135,32.246110232490096,Camera,Botnet,1
232.53060124003554,131.70840229960086,14.068826272570192,TCP,14298,3389,9267.860515538983,18.675303432004213,Smart Lock,Brute Force,1
495.54070580793405,19.797367078815792,5.202614110306527,TCP,64245,22,4019.3274236673897,14.201097750643992,Sensor,None,0
561.1877898171842,28.94775865749129,4.209511709993056,TCP,4916,22,6299.589093037319,10.27222769125652,Smart Lock,None,0
204.79630163906992,143.8806930596253,9.845299889781975,TCP,43558,443,8457.97898330266,18.56990280890717,Sensor,Brute Force,1
461.37527477720664,33.31696578714594,4.956583080224595,TCP,18246,21,4265.424045639607,8.873814799239307,Camera,None,0
619.5030469246833,20.657609358520403,3.1929311068474555,TCP,41298,21,2861.673273039057,8.674924617481018,Smart Thermostat,None,0
498.5498419054079,27.89309985636843,2.5682181517917386,TCP,27482,22,3649.047617782022,6.933159155058012,Smart Lock,None,0
480.00820308204584,40.4826437639081,3.56112888696621,UDP,12787,21,4752.784437364372,7.0581375676977345,Smart Thermostat,None,0
59.56239763272053,528.5553085842104,1.0,UDP,58964,3389,1828.3130190911852,1.0,Smart Thermostat,Port Scan,1
205.8953445751896,15.823158298404303,2.62585914725126,UDP,62088,443,2492.6743522269526,7.044525903067521,Sensor,None,0
401.1043134392628,17.512573892922884,5.66709802327241,TCP,2756,443,4546.111830892447,10.727932813971586,Smart Lock,None,0
150.5466665671609,162.79065522357874,13.99961325722967,ICMP,51433,3389,6950.641457858303,20.03285785973501,Smart Lock,Brute Force,1
357.8378427605211,40.338094413989765,1.5918007487051886,UDP,39022,22,3788.4533969194713,11.229253658869869,Smart Lock,None,0
988.7260130884388,299.85339434656316,54.118453767740185,TCP,62796,22,28028.613687641544,34.922391372609496,Smart Lock,Malware,1
330.37896821021775,39.890646213755396,1.0,TCP,1987,21,4148.178877871414,11.684985423408207,Smart TV,None,0
281.86339285361805,345.29858862781737,21.467735846685688,UDP,9871,23,33095.96542610744,23.386797164600175,Smart Lock,Botnet,1
865.0895289428983,299.39469404742226,30.494626047052137,TCP,2001,3389,43939.28410105878,25.10032995803368,Router,Malware,1
355.7900238873166,396.8516751751846,20.790463162025585,UDP,60059,443,26717.34022111409,27.03374722627582,Smart Lock,Botnet,1
419.13779741833275,27.38735608958746,5.037982373280217,TCP,57664,21,3602.5166650705687,10.168616959267455,Camera,None,0
426.9491691625609,41.269431432122985,6.949315381400405,TCP,46134,80,3354.403397542328,12.197918699396473,Smart Thermostat,None,0
312.4538785592181,32.28770028928938,6.934932545850021,TCP,61115,443,3876.1907056703403,12.226086708938471,Router,None,0
435.54836125206646,25.911009097912107,5.082360040698355,ICMP,61335,22,2800.88287385477,11.631631012336541,Sensor,None,0
477.41697715387033,25.56630120472873,7.192284732710679,TCP,36539,8080,4010.246684016898,10.000810312264539,Sensor,None,0
59.976175818785066,633.7828326111512,1.0,UDP,32676,443,1388.3076880221226,1.1391649899107181,Smart Thermostat,Port Scan,1
196.9247986726195,119.92693586038762,9.238141441738662,UDP,16192,443,6788.940441112812,16.217602759649782,Smart Thermostat,Brute Force,1
211.48984871048785,380.6030882140998,17.14692500967329,TCP,13383,80,33853.512900529786,36.56057528563076,Router,Botnet,1
187.6929649538106,179.77374828019472,19.914271875510416,TCP,19193,3389,7211.856068338275,22.37154578397067,Router,Brute Force,1
322.1395401343374,38.5148812691387,4.985800476181715,TCP,35898,8080,3832.7931630229978,6.5030159802828615,Router,None,0
622.0426167701829,39.910666908315,3.3143754555647784,UDP,16413,443,3675.403104102985,7.874465539543245,Router,None,0
785.1623242185215,303.25656863177227,32.71337337300634,UDP,31217,443,68358.88997530218,36.81307675833311,Router,Malware,1
466.40866085565744,21.43884812969395,8.258396029617781,TCP,36031,21,3516.7692920345394,9.952663238881117,Smart Lock,None,0
346.9346146797219,463.6391406563629,26.130506525910267,TCP,35683,443,33818.402612567574,43.46107310518113,Smart Lock,Botnet,1
437.40555951702083,27.355812872752963,3.48618025446987,TCP,64335,21,5385.05962704864,11.06343686498637,Smart Thermostat,None,0
334.7221213375559,44.72014566490134,5.29968482797456,TCP,20724,443,4444.726818195233,9.538944686913947,Smart Thermostat,None,0
62.97917752323151,760.245923724015,1.0,UDP,25774,80,1608.514252232169,1.0,Smart TV,Port Scan,1
246.37249006109758,484.32069120487404,22.85856500176772,TCP,51308,80,48757.03765675493,25.12376318060816,Smart Lock,Botnet,1
663.2407686855744,28.575175756133948,8.781460352202412,TCP,37458,80,4640.8941585421235,1.982237253341797,Smart Thermostat,None,0
425.16769884447683,24.73493303483885,2.7501412897956907,TCP,1257,80,4537.433854227337,15.916587855831441,Sensor,None,0
464.9871537016306,52.418378000109854,1.0,UDP,21631,80,3218.8575077172213,12.69947749638485,Smart Lock,None,0
311.2446101847057,482.85607055117043,28.017956872868755,UDP,30165,3389,36241.957393318706,28.49248526708766,Router,Botnet,1
579.5858528307795,2.213303583339492,7.449258715199609,TCP,7201,80,3111.4153752430375,13.146711145514747,Sensor,None,0
269.79910177302713,335.499158857897,16.20807756920494,UDP,33203,22,33720.10328456147,37.86442826996929,Smart Lock,Botnet,1
543.5111599635918,21.019822465857963,1.0,UDP,56282,21,3646.9036685821943,12.403535116845188,Smart TV,None,0
587.1318033735602,20.689265120578966,3.0017102173379753,TCP,43897,443,2143.688432885543,9.459078931451398,Smart Thermostat,None,0
449.64993888187985,30.11424515361313,2.9859235514297815,TCP,40512,22,4478.280700730178,9.967408759905412,Camera,None,0
1156.4022176644191,666.331377904689,1.0,UDP,20441,80,72378.62948225267,2.417331452776526,Router,DDoS,1
846.4787265190278,124.82761954322213,28.580063126121217,UDP,57188,443,51603.63665689805,15.998275969455388,Smart Thermostat,Malware,1
367.55111626615917,35.87259166802792,5.6388005275824575,TCP,63157,21,5212.5188368316,9.028624887140198,Smart TV,None,0
373.65217871552613,26.655438276441235,7.6000891893979166,ICMP,25503,8080,5177.411888977694,11.317260036788728,Router,None,0
133.01703984269096,157.17404586996113,6.049950228171664,UDP,40587,3389,5419.579514184645,8.433455261677711,Sensor,Brute Force,1
701.1116996480137,273.0891729851438,49.70267470025478,ICMP,11583,80,76522.91687986943,15.582911956951033,Router,Malware,1
380.03453255967423,19.584123673787282,7.20935843080506,UDP,60493,21,4443.812709383104,11.39010941809806,Smart Lock,None,0
629.4601897111929,31.113850613310795,3.5096050583570753,TCP,48884,80,3575.8447417690572,11.574671092950982,Smart TV,None,0
1484.3671387590043,1048.7022378574975,1.0,UDP,36494,23,70150.30780918758,3.082821317753566,Sensor,DDoS,1
603.210741711929,23.12192482989552,3.3669523265492813,UDP,62939,80,3038.3060012464034,11.934202874527138,Smart Thermostat,None,0
832.4076573899149,269.5612081703366,21.033242478516293,UDP,22848,23,55319.20551119534,42.667276000592956,Camera,Malware,1
297.1569077325106,406.8199017087549,26.74846519341041,TCP,58026,3389,35394.74090399467,13.957970381247353,Sensor,Botnet,1
55.222317532704814,509.0867660534061,1.0,UDP,5897,80,1814.486950071282,1.0,Camera,Port Scan,1
356.55692308422766,43.24955679381631,4.911127664591291,UDP,45664,22,4782.558825715159,7.297309014086275,Smart Thermostat,None,0
349.77773453841064,27.359240300081378,3.1387928906209757,TCP,40943,22,2577.3993512169827,5.143404120159429,Router,None,0
437.415362625634,20.56046475277998,7.602316697304062,TCP,50753,8080,5247.2114211424505,18.43794774471617,Smart Lock,None,0
1440.768615848976,512.274632156333,1.0621413749971245,UDP,19097,443,78205.83985910982,1.0,Router,DDoS,1
59.39132514651585,481.5693726299218,1.0,UDP,48748,80,1810.5778714766475,1.0,Router,Port Scan,1
590.7867607557241,315.3394874812696,24.967926132511984,UDP,1252,3389,53904.74643312215,26.363249292133286,Router,Malware,1
175.00222925353478,122.02183859211726,6.783658053750814,TCP,26235,80,8188.862133851318,13.74659170691185,Smart Thermostat,Brute Force,1
336.0030893826021,268.89762747477977,11.95429171738514,UDP,13492,443,37398.36164893663,35.35406643079632,Router,Botnet,1
564.3191365910269,20.879214898102063,3.5440390292717696,UDP,48087,8080,4028.1499102242033,8.672420603383504,Camera,None,0
603.7502234633188,29.001546261285636,8.616598188987444,UDP,41409,22,3828.9678783822683,6.0500757140259696,Sensor,None,0
400.0084890155304,51.58659010704834,5.9396498464099325,UDP,26409,21,3177.297976920899,13.713651063756192,Smart Thermostat,None,0
719.1315573716845,246.072848791291,46.29296441788267,TCP,13610,80,36336.27952015026,36.334736452327036,Camera,Malware,1
560.0975760255333,23.726790740831213,7.931320336690696,UDP,34543,22,4482.386237332453,4.490469392874782,Camera,None,0
444.5608397174887,30.499759747065955,2.850612596616466,TCP,50468,80,3459.8464459275274,9.834916100829112,Camera,None,0
383.7256453190962,25.25813384145261,3.068375361631629,TCP,57777,80,3693.989876903191,15.023077720560465,Router,None,0
967.2453378580782,147.85653297314218,51.92755174231312,UDP,16574,23,60841.56023410865,30.41686454130371,Camera,Malware,1
68.68700366075792,687.9981437520399,1.0,TCP,32222,3389,2710.1517176413254,1.1895587553172091,Smart Thermostat,Port Scan,1
47.72047763661621,565.6992348532042,1.0,ICMP,5639,22,2580.6349487383955,1.2840559760545442,Smart TV,Port Scan,1
296.57735646143504,384.1860893854478,23.47885906428925,UDP,14866,443,22526.428382632286,24.91941572193479,Smart Lock,Botnet,1
836.2836771502382,346.45087286916464,23.14640407222924,TCP,10380,80,56196.582273483764,42.14266704517874,Router,Malware,1
545.4611124150074,17.651869130885213,7.884609582372489,UDP,61647,8080,2954.9562904136974,6.936864517965034,Smart Thermostat,None,0
559.2118385820435,29.596576134659877,1.0,UDP,24840,80,3641.9373304288256,6.682494453543646,Sensor,None,0
438.04428837661897,41.00370680697223,6.351213266328957,TCP,61634,21,4573.362470172945,8.069316625148057,Smart Lock,None,0
355.02111671569014,322.4273909305877,20.001989751538122,TCP,3916,3389,34769.08922949211,27.271498858761515,Smart Lock,Botnet,1
394.25138630767395,32.17440415303261,4.928350506668089,TCP,62831,8080,4107.105030009472,12.5438762303911,Smart Lock,None,0
1331.0272264300527,876.0803751679681,1.0,UDP,25808,22,108694.23835342309,2.7854365689676412,Smart TV,DDoS,1
215.80120083466682,210.43170699605872,19.704682164805675,UDP,21153,443,8862.246305783787,15.515621705013109,Smart Lock,Brute Force,1
319.0341332260572,343.38900551205626,17.248695443444557,TCP,53668,3389,25066.17191726135,19.601795012870095,Smart TV,Botnet,1
542.4500574046994,36.43992678531235,6.438550473840643,TCP,35850,22,2916.10371039435,6.003562732925063,Smart Thermostat,None,0
1549.511635982115,973.2290138692516,1.120975411179664,UDP,45842,23,86762.56960272099,2.434685270099128,Smart Thermostat,DDoS,1
451.9720628112972,38.397099365599665,5.297917082484699,UDP,35100,8080,4376.404571487228,8.102824729451934,Sensor,None,0
860.5078915856386,246.2057495497139,36.33222401451984,UDP,3514,3389,44571.09140148955,32.89823212482586,Camera,Malware,1
901.496638849409,279.4689974833165,38.04553489625388,UDP,37339,22,73248.03959595914,47.78208345477552,Smart Lock,Malware,1
825.4540631683964,248.25683729572572,35.488016705754106,TCP,50968,23,47320.38192245007,50.73089661685317,Router,Malware,1
708.208875501713,45.46611410763575,6.767569922523922,UDP,45262,21,5382.327445896464,8.93850988729776,Smart TV,None,0
849.0106023486286,227.5682223571818,43.78161160124934,TCP,51285,80,57354.46813605057,31.708806610658424,Smart Lock,Malware,1
1337.3257256470774,1057.2433564475455,1.0,UDP,24759,443,79761.37193850856,1.6842843524048774,Smart Lock,DDoS,1
588.7631010095507,38.19343097059747,10.207252597500819,TCP,41492,21,4768.965871573746,12.457312506736415,Sensor,None,0
1490.8577920417351,842.8793193419094,1.331099461226429,UDP,62722,22,59621.21006681906,1.8967343411309772,Smart Lock,DDoS,1
367.9206482918768,27.615636490196973,4.770444101996155,TCP,10907,8080,1560.7503614273846,11.513333942987405,Camera,None,0
156.76006596482387,152.2560722950418,16.149314000721386,UDP,11373,22,8667.041982534143,19.38705503169847,Camera,Brute Force,1
259.3501503709858,317.8959559923394,18.734355640674167,ICMP,50502,80,18568.17738261116,26.212531930429233,Smart TV,Botnet,1
174.11598178470803,130.92257335826076,11.788180893655786,TCP,53132,22,10266.762969580937,28.337583296108274,Router,Brute Force,1
379.8450280692147,46.83586209538022,3.9380469908885702,TCP,56899,8080,3587.8506215430325,4.576909420675202,Smart Lock,None,0
557.6895990687091,34.46531176029944,6.330770217945572,TCP,16427,443,3920.2817890936008,4.937996698125911,Smart TV,None,0
755.2075445893557,285.3592011637013,37.79645620751861,TCP,39104,23,58710.03176581238,27.511982739019437,Router,Malware,1
673.9213761483564,26.250553101508647,5.746104636868356,TCP,4415,8080,3400.2505508811355,14.860210927408154,Camera,None,0
273.2176809163858,16.843364447255674,1.1053896686203664,ICMP,45609,21,2385.518745909611,7.797556760155993,Smart Thermostat,None,0
507.3171850920398,45.20953733391063,2.691864547491582,ICMP,32549,21,2615.389051965687,5.851795316715167,Smart Thermostat,None,0
496.0046312579675,18.380655936199126,3.6454516319814445,UDP,31825,8080,4094.826859730376,6.31625334792447,Smart Lock,None,0
259.3143612048115,342.56317755077384,19.68019794269059,UDP,2052,443,24222.51667520506,21.463817338736824,Router,Botnet,1
65.18320501121859,650.1557131019397,1.0,UDP,62979,3389,2315.717751177615,1.0,Smart TV,Port Scan,1
552.6767168501822,17.680527779157984,6.247352652958229,TCP,15050,443,3710.665011747016,8.60275597478391,Router,None,0
464.0616931050062,23.033400874945535,5.856965857311668,TCP,42610,22,2348.474004760642,11.274053359617263,Smart Lock,None,0
623.2286895584743,10.784954694513619,7.257982201924035,TCP,36166,443,3416.8849276973087,6.948326976695077,Camera,None,0
490.4955150814386,27.973510066997918,5.7468807064311385,TCP,39300,8080,7101.885803744864,9.63197133665584,Camera,None,0
631.1445941711254,37.83605094297299,7.8389269456299076,TCP,48256,443,5239.17206208803,9.727311579753584,Camera,None,0
134.21692872474378,161.43815993801263,11.760629865047704,TCP,34668,23,7043.324684358095,26.113240358619635,Smart TV,Brute Force,1
247.04559898670684,26.355617477355388,1.0,TCP,20874,21,5045.532274789681,13.562903178163364,Smart Lock,None,0
445.54907182847046,16.639382449445943,5.155281153054339,UDP,27296,443,4198.770677488718,12.244006788207694,Sensor,None,0
798.5995384004998,305.7514812190353,46.68829866011661,TCP,47834,3389,53989.626501066334,30.977307054311883,Smart Thermostat,Malware,1
497.6290568196978,21.81729961081542,1.5675026450308969,ICMP,47842,8080,6276.538689543089,10.184831038568428,Sensor,None,0
505.1157229325296,29.13295299157876,4.452592008364464,UDP,45655,8080,3482.98577504564,12.052113739352144,Smart Lock,None,0
69.72376621280084,461.4383203794083,1.0,UDP,13464,443,1513.0092588551574,1.0,Camera,Port Scan,1
224.17202418397753,190.79387433914235,13.076963903873366,UDP,11896,3389,9012.364964711294,6.0162021647415305,Camera,Brute Force,1
940.050477953756,571.7032460963279,1.0,UDP,1181,22,105548.36425942388,1.7120585553950236,Smart Lock,DDoS,1
674.5421649150844,33.76069596320771,3.3222877809749645,TCP,10890,80,4361.197884053996,14.01458839881596,Sensor,None,0
439.956670712372,34.85161112545738,3.944164725351373,UDP,26807,8080,3442.2286540105765,12.417035917727503,Smart Lock,None,0
194.31235812157706,144.43636544783087,13.570964543732375,ICMP,4992,3389,5166.822353637692,26.50111123860682,Smart Lock,Brute Force,1
492.0568840773487,25.92269228395567,5.05192422686701,UDP,32025,22,4983.239969445404,8.113163935201676,Smart TV,None,0
500.23992276981045,32.81955867394157,3.6026391280303405,TCP,40379,8080,4135.123451868082,11.350062020265497,Smart Thermostat,None,0
619.0971936299663,42.25161455099855,3.665698972463259,TCP,26830,80,5527.532064757255,13.43797092493768,Router,None,0
615.4597451775494,44.461041099431384,6.139415763045395,TCP,35516,8080,5073.009285961656,11.945697513898105,Router,None,0
244.12773357515925,134.841978488653,18.24856252742029,TCP,47658,3389,9081.575702966325,24.010201112651153,Smart Lock,Brute Force,1
484.98252935466087,31.179126696660312,1.0,TCP,24754,21,4465.28987539834,12.887067134003093,Smart TV,None,0
440.93034934815364,32.0085029727593,4.2529720056383065,TCP,11313,8080,4888.983180404648,14.270678416795098,Smart Thermostat,None,0
466.3119918979146,45.49890566129126,4.128539823666521,TCP,47686,443,6106.884733278146,8.269454580555063,Smart Thermostat,None,0
168.23177176775965,149.4883252832855,15.23442053055806,TCP,20039,80,8137.3782706611855,23.912505168758088,Router,Brute Force,1
762.303651970115,32.77289531210847,5.970163534128259,TCP,14975,8080,5582.829446773334,7.2295606602000895,Router,None,0
1550.9148694152434,947.5008260420788,1.0,ICMP,29509,22,84451.39359578863,3.6072655849796407,Smart Thermostat,DDoS,1
829.5923770379044,169.02484534357268,36.21225121118294,UDP,61829,22,46616.96782560028,53.04308410392813,Router,Malware,1
521.9881324666287,17.755309682794998,2.26368160150867,TCP,49200,80,3820.4807867173995,8.850438036592037,Sensor,None,0
836.5554840822011,270.21442311323983,22.215364553249284,UDP,28357,3389,43721.457871592844,50.61665706367751,Smart Lock,Malware,1
478.72704062192,29.735700452593026,7.145066729420389,UDP,1145,21,2068.4638936266338,10.760193751663602,Smart Thermostat,None,0
467.5326558184068,32.19877363023366,3.973007497603888,TCP,30162,443,1827.8018601444114,8.335621969625025,Sensor,None,0
447.20147545643493,1.0,2.505365060611662,TCP,33808,8080,4360.591677656841,5.827943710074232,Router,None,0
364.16162719076465,39.61093486120216,1.0,TCP,37467,22,5743.621867291566,12.305811296489107,Smart Thermostat,None,0
443.98529743477764,38.67775520526182,3.657702409738657,TCP,64167,21,4342.647199194804,13.473907157696647,Router,None,0
678.9879819738519,42.90891452639408,5.3939586091852005,TCP,4076,80,3819.549972872834,15.040921317935005,Smart Lock,None,0
273.080742811607,24.174498566518338,1.0,UDP,59453,21,3088.3376238312467,8.58782823324548,Smart Thermostat,None,0
835.9636666204772,26.333212063494777,1.6664841340195253,TCP,31725,80,5299.34693055354,9.153912856630166,Router,None,0
343.0799721938073,37.969436900282155,3.597918352024391,UDP,56320,22,2991.9521291259716,7.248752343369081,Smart Thermostat,None,0
209.94296312109648,163.72317048369214,24.777179806289645,TCP,46512,23,9860.830529341889,16.899098535164562,Smart TV,Brute Force,1
1330.4521172490488,876.4014859280467,1.1668533267193035,UDP,26245,3389,88197.84869514145,2.8818523627910095,Smart Thermostat,DDoS,1
213.33193587438268,147.31977799012458,18.112164079232766,TCP,39748,443,8591.320224627594,22.475495052867675,Smart Thermostat,Brute Force,1
361.44777040739007,32.81829624418614,2.438625497317866,TCP,1609,21,4074.243634692023,7.426659994024456,Camera,None,0
481.4564621517437,25.716721778368928,4.295732899023541,TCP,63644,22,4412.732611595989,11.292463009023649,Camera,None,0
300.247068339136,299.6202017348662,18.45140676212286,TCP,54786,80,33813.035808917986,23.144946700347525,Smart Lock,Botnet,1
1472.2715454002903,796.1610660342658,1.0,TCP,7895,443,68274.030966246,2.1102181008560423,Sensor,DDoS,1
243.49992847032945,27.771778242427885,7.275913538800097,TCP,60751,80,4889.346253772349,12.924255445259744,Smart TV,None,0
537.0559132217799,21.125361752578403,2.6803214284660695,TCP,14081,22,3355.7917496135515,11.766109834645452,Router,None,0
401.0622541170512,36.50592787824701,6.486508342406885,UDP,31712,21,4543.154268305195,8.003470878133918,Sensor,None,0
564.3556363017072,26.143700184768388,4.527107160070973,TCP,22761,21,2240.184292304534,12.255389397506368,Sensor,None,0
307.26326301465207,557.8928715346286,20.044877878574283,UDP,7198,443,28033.20119990498,28.260309015777985,Sensor,Botnet,1
473.6487212889488,28.426821671515338,4.679414114353961,TCP,17079,8080,3175.3774287953875,2.163412605041998,Smart TV,None,0
444.1078202170307,53.746065500264315,1.524570809725736,TCP,22983,8080,3506.5986596173216,10.424258420021632,Router,None,0
469.76271461517376,31.525625121024685,7.942983945986314,TCP,9704,21,4176.512421372447,10.887981969061299,Router,None,0
413.05114061745104,31.616623863795535,9.397695706964665,UDP,4253,22,3826.2376106378397,10.2765313225805,Router,None,0
553.0945525963654,26.955732371433328,4.180702143263996,UDP,10896,443,4477.035127226458,9.998310708631124,Camera,None,0
390.6911342960052,28.27814838704876,6.02956847392482,ICMP,7176,21,5992.74280083532,8.072719960874691,Sensor,None,0
1460.474748679971,832.6779842267506,1.069728284218455,UDP,4203,443,99561.1399863094,2.0278160457498235,Smart Lock,DDoS,1
328.8957733283033,455.0728843111028,28.973006968303558,TCP,28670,443,35592.40085385667,21.322092926773653,Camera,Botnet,1
386.64991402785233,293.50310774132333,38.38349239298168,UDP,39626,443,56279.65414393377,27.80217868103869,Smart Lock,Malware,1
431.42605148860827,32.19439958619932,6.853120138434117,TCP,8733,8080,2885.6103469492846,7.049258509219567,Smart Lock,None,0
254.9908110006401,482.41483188812015,24.3815417697011,ICMP,26569,23,24288.453504037054,29.089548741154115,Router,Botnet,1
201.82037291111203,161.02024324331046,15.59920910857373,UDP,31361,443,10568.656068778095,18.720917399916356,Sensor,Brute Force,1
971.4117376087796,338.2120538450583,32.97428471678936,UDP,56311,22,39818.50064997059,38.548624033559996,Router,Malware,1
616.7350833722888,26.625235968733836,6.655876534894414,TCP,50245,22,2584.8332265174863,13.367679610448047,Smart Thermostat,None,0
1055.2223499542715,611.641887622862,1.4311727373535703,TCP,46301,80,69873.24909407407,2.060469037370139,Sensor,DDoS,1
677.5354572622632,28.09928327099255,1.0,TCP,20772,22,3030.1996048849264,9.470902148532009,Router,None,0
629.4786368170854,13.181942433723204,5.22538240083108,TCP,4232,22,4002.149080427686,6.0879512283162365,Smart TV,None,0
62.9698568295933,564.345891156229,1.0,TCP,4287,22,1774.5077787282955,1.0,Sensor,Port Scan,1
406.82307102219636,56.71763379756685,4.4730454996419295,TCP,34201,80,3948.4321605237865,11.640001097849455,Smart Thermostat,None,0
662.9820976525975,41.56341296899023,6.53068507227257,UDP,63388,21,2996.111863988647,12.182601080877397,Sensor,None,0
995.6626275879104,169.69471551047553,33.46035899997106,TCP,21879,22,56660.68190311057,45.73067123221202,Smart TV,Malware,1
435.22540363844473,37.870844420982046,3.603494606274278,TCP,38604,21,2434.8716054995994,7.310664531627184,Smart TV,None,0
1644.9790983718312,840.4154673999841,1.3607582702943706,TCP,46435,443,68151.56965035816,2.0055270155792537,Smart Thermostat,DDoS,1
359.640272468778,23.11327959677365,5.37243172471627,TCP,14882,80,4311.429373800064,9.15088845738705,Smart Thermostat,None,0
435.82263941377306,14.27471749997559,2.2361019372727347,UDP,61996,21,2750.9400293219473,11.230636047038654,Smart TV,None,0
1274.30434570033,1001.9534188808891,1.0943785006093432,TCP,39649,443,64556.762224361504,2.376855096899096,Smart TV,DDoS,1
275.2875363765857,294.0517573790255,21.501493853953775,TCP,7898,443,29417.906054716525,14.137049701488708,Sensor,Botnet,1
217.65314269517782,390.24573466664066,18.732540322332323,TCP,21594,443,41314.14999471354,26.204537420345815,Smart TV,Botnet,1
630.2344405335092,33.6653140723723,4.427502532888616,TCP,32476,80,4935.547125465149,4.505781747354629,Smart TV,None,0
485.7634008668141,32.858261396025426,7.61200348341365,UDP,22672,21,5106.288710059889,11.28626931538484,Sensor,None,0
490.7172584214975,28.031143012960904,2.7707660738641464,TCP,30092,8080,3087.1220132811727,10.680358138327406,Camera,None,0
391.032508120502,32.83441435744637,2.9317777209405795,TCP,2466,21,4601.895648606442,7.963635478473465,Router,None,0
541.6016898492451,46.19435158073292,7.879886278201323,TCP,64930,80,3364.197443452369,9.091222618283073,Camera,None,0
66.3786019649034,501.06407414247064,1.0,TCP,3302,23,1196.740877679914,1.0,Smart Lock,Port Scan,1
267.5794351255778,26.895160238040564,4.427554100318662,UDP,20309,8080,4579.5611424764775,11.573522125858258,Smart Thermostat,None,0
164.42638359146997,141.83433301706148,9.274187139368813,TCP,32729,22,8296.057675784488,18.837799892422726,Sensor,Brute Force,1
202.78369587923126,166.08787840263568,12.316139662150807,UDP,1755,443,6630.5400860929385,16.759942683491666,Router,Brute Force,1
168.3612736599874,152.09256852670458,25.936363962299765,UDP,50914,23,5900.742596430418,24.714365697224174,Sensor,Brute Force,1
162.47721246022562,82.70264201693217,17.059668168267475,UDP,33824,22,10493.644399256236,17.11319145875082,Sensor,Brute Force,1
36.88773767424541,562.1413821697563,1.0,TCP,44138,23,1762.216650081074,1.0,Smart Lock,Port Scan,1
1241.7634629200666,639.3298461655218,1.0,TCP,26020,3389,63550.049315045675,1.9776059725701582,Sensor,DDoS,1
614.5217994910037,34.95272946068598,5.29126062868777,UDP,49478,8080,4857.210353556612,6.663867236922397,Camera,None,0
50.03504249556839,563.849859249453,1.0,UDP,57105,443,1832.9756107555868,1.0,Router,Port Scan,1
662.2470461054468,291.010807744163,15.292683772430049,UDP,49893,3389,45518.74250295288,36.80588187422516,Smart Lock,Malware,1
539.5181278334521,21.681130503361842,5.009010131018702,TCP,36186,443,3810.679677432102,9.090831443902935,Router,None,0
492.09223546293384,36.3320043470931,3.901025644878073,TCP,1217,443,4033.610286911577,10.692318384865832,Router,None,0
353.4093430436468,446.32751228069907,26.254136394351654,TCP,58521,80,26470.56223405911,27.985987577562426,Camera,Botnet,1
317.67683367967095,410.8092082467364,10.690459985014519,TCP,55767,23,30788.495989174287,20.765151503410777,Sensor,Botnet,1
200.14006686728146,206.76551300904688,22.009365348075324,ICMP,42860,22,6468.535447601356,13.396004045680716,Sensor,Brute Force,1
601.3041428831461,41.29970394107556,3.3403632355849417,TCP,33484,22,5123.102110260895,16.195072773102567,Smart TV,None,0
493.92462643316105,37.06532512897827,4.850462156870544,TCP,43345,21,4067.5554840808245,10.344801734743038,Smart Lock,None,0
392.0366256214695,31.89843392837443,2.0903550294844218,UDP,18959,8080,3747.4826656970354,11.09036301351722,Router,None,0
668.8978233576461,30.905849069017457,6.287877586553716,TCP,1923,443,3156.769729707129,6.343560818729116,Smart Lock,None,0
283.2297976746128,558.9011744391622,20.039516936597312,ICMP,7653,3389,34139.457909815,14.082782556969265,Smart Lock,Botnet,1
375.1278974190194,15.033395232771197,7.705187819513091,TCP,12658,443,2679.57685315559,3.289223503821937,Smart Lock,None,0
925.8147866677284,197.92065151432928,23.800532770345793,UDP,7820,443,48259.981689144406,29.860308681801282,Smart TV,Malware,1
322.1377523068615,6.6638388015169525,3.6434711196896465,UDP,52728,8080,4197.790081941852,13.267652490132377,Smart TV,None,0
590.3854477793438,17.697398524014233,2.898672201533702,TCP,14251,22,4250.323293190463,11.515802547798312,Smart Lock,None,0
375.61016301564115,29.154801184885265,6.3502893197897965,TCP,57299,22,2817.5494277935627,10.995986480370803,Smart Lock,None,0
257.8107097040397,29.19601606094126,3.663498851090859,ICMP,51754,443,4504.207518534457,9.910506757166356,Smart TV,None,0
426.37489288530196,38.80923463199198,4.962034800638277,TCP,32066,8080,3941.2173484192326,7.70471161930775,Sensor,None,0
575.7545871006248,15.428441801443336,4.360657567285397,TCP,51789,22,3724.8577487733164,14.484823933703188,Smart Lock,None,0
521.1551145315751,28.001204129016923,4.898885928290722,UDP,27575,22,3605.002728701825,8.306478503158939,Camera,None,0
640.5829411021732,18.032998824154845,3.84570564489029,UDP,14054,80,3101.559533245918,14.327591182035427,Smart Lock,None,0
558.1344127098106,42.17725187451136,6.838847353293971,UDP,17031,22,4905.259401493955,9.078618780742644,Router,None,0
544.202793524079,38.46583985843404,3.858112676956411,UDP,6682,21,4232.878020137168,10.703202678096087,Router,None,0
153.67775702062477,166.6167767627689,20.816800846527048,UDP,63549,22,6634.156728330073,11.087025268947716,Sensor,Brute Force,1
370.1087363134056,28.489481223930706,3.507803486694973,TCP,9541,443,4391.264659933235,4.639877465895767,Smart Thermostat,None,0
270.3464318205289,40.38289928983819,3.9124343912945534,UDP,26468,21,4204.70668602053,13.536863735774945,Router,None,0
570.5501535096346,41.49203137670543,8.119454265002581,TCP,63814,21,2534.4943438210985,12.23830100363471,Smart TV,None,0
508.6421170300463,17.04658815533965,8.41218351625528,UDP,47565,8080,2653.1974512204342,10.632000633173861,Smart Lock,None,0
218.67880298973512,39.42765801225275,3.0300101445511163,TCP,49218,22,2590.030296916124,9.47848689971615,Router,None,0
189.63496332012943,146.13321275271707,19.646728557233452,UDP,35950,22,5400.148293282291,13.378226830183793,Camera,Brute Force,1
1281.047203520673,699.1005613168193,1.1157455403615935,TCP,32903,3389,65820.12413467924,1.8486903653152176,Camera,DDoS,1
554.5438246242574,30.51397854317092,4.344217874737575,ICMP,28497,21,3837.865493356082,10.40627795573659,Smart Lock,None,0
59.82324933754461,470.13849405225767,1.0,UDP,11827,3389,2003.7346871505872,1.0631108139961347,Camera,Port Scan,1
58.01551433131779,726.6142477917863,1.0,ICMP,50236,22,1544.996191968605,1.158755497434091,Smart TV,Port Scan,1
163.21043482108183,167.35674776352542,11.948934936657835,UDP,63801,443,7092.7728718695025,26.224712547669256,Smart TV,Brute Force,1
373.23842437958507,36.274938966718445,1.803002935973434,ICMP,25027,22,3363.503950151746,10.963138027494507,Smart TV,None,0
387.136374139854,24.70727693300107,5.146550629171393,UDP,27430,8080,3969.1674859158156,9.356874670884658,Smart TV,None,0
126.74143218567951,37.330535930043794,4.807573034143602,ICMP,57274,443,4350.212497858526,12.538520389083589,Smart Lock,None,0
65.73373890260096,862.2031013493986,1.0,UDP,2599,22,2702.2695720929264,1.5306361776095971,Smart Lock,Port Scan,1
374.67002140298814,23.819455932147925,2.93055801863051,TCP,63394,80,4234.595580893437,15.10237827528495,Sensor,None,0
969.0700322145722,210.85511402066848,28.780165859265498,UDP,58357,22,60921.86328834419,36.111814361862876,Smart TV,Malware,1
373.9496067981744,34.27636218879745,4.359518515397134,ICMP,33069,8080,3264.736738239668,7.090545810214524,Router,None,0
321.300295087486,274.9615318688734,16.565004944112772,TCP,61847,22,25505.850604430743,25.098952419860804,Smart Thermostat,Botnet,1
558.693720349166,19.314179273176308,5.427619409274664,UDP,16506,22,4358.002434194126,10.438868638325554,Smart TV,None,0
280.2845787954307,476.5441015931897,19.630550743697025,TCP,52545,3389,38442.75915430191,29.44854647907978,Smart Thermostat,Botnet,1
460.22141934832945,41.14592444577377,5.766754226364941,TCP,45593,22,5951.0125601263,16.23094158716126,Smart TV,None,0
1601.2877004020713,744.7192300343105,1.039358646803019,TCP,24661,443,76970.29221310925,1.9894917577090399,Camera,DDoS,1
437.44124976352583,25.645925270560376,4.04179365817604,TCP,21632,80,3541.1595068506995,8.725678816620727,Sensor,None,0
509.60991495477026,8.749898750969834,6.217781033154062,TCP,27749,22,4626.576389791004,10.763662376538173,Smart TV,None,0
593.2487550789078,29.047142129860653,4.064047373351415,TCP,3174,21,4195.103973142888,11.888212018306602,Router,None,0
1496.4751662018377,1395.6438988212008,1.1842406572350117,TCP,2672,80,72127.57726984892,1.8114095424598196,Smart Thermostat,DDoS,1
558.2237877773249,27.60382844565353,5.7309746900770095,UDP,18573,80,2226.5854611903196,11.361986894340877,Smart Lock,None,0
1235.145714893957,861.6890141233794,1.0995216955166618,TCP,25861,23,98072.52858131817,2.7966637373085312,Smart Thermostat,DDoS,1
1524.3467017422095,729.4950179587258,1.0,ICMP,20557,80,104605.47687023492,2.3847928330792136,Sensor,DDoS,1
678.3380775032595,31.03457164893697,3.88159505254856,UDP,19387,21,2748.719366477313,10.335877724333134,Router,None,0
37.24863379266202,411.8260633038534,1.0,TCP,25715,23,1502.5677629840548,1.065032439007843,Camera,Port Scan,1
532.7844827422547,18.605709989084254,4.037517752269176,TCP,60368,8080,4318.189487674578,6.513761461797139,Router,None,0
709.2721431401351,34.38993158738299,6.655976353594118,TCP,50457,21,3302.576176699723,12.96875180378456,Camera,None,0
509.08559455482003,30.060166804360716,5.896648131946319,TCP,29058,8080,4309.620081909166,11.768640658106806,Smart TV,None,0
462.1790732137731,10.65469264286882,2.463972166312006,UDP,29477,8080,3811.6158727356164,8.726611870654306,Router,None,0
562.9025411375325,32.762741793285535,2.174468232215267,ICMP,3873,8080,3528.223966361664,11.378157315149835,Camera,None,0
453.51406324804776,38.65817003179819,6.426920924888975,TCP,17150,80,4244.939227044468,13.19052678535458,Camera,None,0
434.7805390480838,54.204150122474026,5.869768542927295,TCP,50736,21,2439.041647005557,9.108029911907094,Smart TV,None,0
193.64655099097587,130.18655458177452,1.4199429560297787,UDP,5591,80,5625.136339941588,20.554910926160876,Smart Thermostat,Brute Force,1
62.77079251257882,757.1311562334615,1.0,UDP,3912,443,2023.3917692233197,1.0,Camera,Port Scan,1
609.957372928948,12.667908967910169,6.724000100824268,TCP,29732,22,2873.0120897991364,13.985893200548308,Smart Thermostat,None,0
467.1379393344515,26.631680323594072,6.239403930964958,UDP,9369,8080,4409.828457328693,11.848404004006715,Smart TV,None,0
792.1719444372467,26.022045941744274,6.096175408164284,ICMP,6169,443,2481.634852460009,5.84762971897441,Smart TV,None,0
464.70170781853227,27.575032079219667,8.414724027343107,UDP,20895,22,2740.5287956239413,7.128541516575551,Smart Lock,None,0
316.3141691291952,32.294817154636064,6.471166184856747,UDP,38676,80,2595.730901909251,10.993120464988587,Sensor,None,0
449.1672072246994,24.79411587144589,6.62520257550729,TCP,22006,8080,4515.41040290081,8.267383337933047,Smart Lock,None,0
912.0882670599083,223.43634090237595,23.00372794745651,UDP,48322,22,44770.8766497139,29.1528804849054,Sensor,Malware,1
72.72126615475815,669.5392905522644,1.0,TCP,33211,23,2006.7152654966862,1.0,Smart Lock,Port Scan,1
576.1652770508006,28.310708436752616,5.392789210020377,ICMP,62376,21,4587.25766174484,11.784857374530405,Camera,None,0
235.51817371675503,128.882826467234,10.365504107212072,TCP,14846,23,5243.547005673058,16.139877243795993,Smart TV,Brute Force,1
433.3793930780296,28.814124111751696,4.910484717528409,TCP,19963,80,2185.238251324803,7.808601223273145,Camera,None,0
587.4457080889215,24.23352707766307,6.119080741232333,UDP,26910,8080,2877.2315677290053,6.447615004305183,Smart Thermostat,None,0
503.9234270303925,18.816941827934563,4.230899779964167,TCP,8249,80,4231.282022743365,9.101986276744833,Sensor,None,0
307.24918180455415,26.868460610917193,5.3310309240335245,TCP,35055,8080,4283.906001175474,11.755742594076569,Camera,None,0
70.41907644252655,583.950710123264,1.0,UDP,4449,80,1086.6622621501892,1.2357954925399999,Smart Lock,Port Scan,1
754.4444298851029,25.49561362174147,5.252562274475139,UDP,18632,8080,2225.9033027156966,12.054863669965025,Sensor,None,0
1649.2427942701866,1391.0095277762707,1.1451823160995989,TCP,49017,80,59679.64593823786,2.9329170986162816,Smart TV,DDoS,1
635.3622628819163,7.192621546280769,2.0067226201933472,UDP,17819,443,4282.586982919296,12.30195172138368,Smart Thermostat,None,0
818.7721602024196,204.92032639023432,21.080331425778084,TCP,38943,23,49283.35944763175,17.373393645874383,Smart TV,Malware,1
501.9806211440372,44.16944415790647,6.614974468045897,UDP,43066,8080,3296.120658950202,7.042375075022363,Smart Lock,None,0
1301.0668980161931,1056.473918274393,1.0,UDP,34897,80,82626.55507951752,2.182775851687545,Camera,DDoS,1
576.7551691397482,34.42545624204053,7.499330534087554,TCP,42034,443,4636.90628337221,11.022374224006317,Sensor,None,0
446.1346855663538,45.09870683120315,2.8494232395572507,ICMP,53014,8080,4545.793759849953,13.291982521608602,Router,None,0
546.2045525187322,35.56533442751263,5.592836001617319,UDP,24884,22,3692.916781665423,7.739417258927866,Camera,None,0
257.90283600480257,156.603550385321,19.662203630915695,UDP,10602,23,9075.746958114598,14.445791660227277,Camera,Brute Force,1
1449.0693861151183,888.8738056374511,1.357255313277427,UDP,9099,443,59980.816879506274,1.7278075722526602,Router,DDoS,1
516.0805371401492,23.83642946734888,4.742482848540662,UDP,10888,8080,5059.118660208185,10.819282316894654,Smart TV,None,0
199.47284718405,132.5385995366377,13.719285206316892,UDP,9306,23,5243.745809750558,23.855419837365,Camera,Brute Force,1
205.1036485147388,118.21536214926194,16.493341770509595,TCP,53927,443,6611.849276100627,17.041067623070667,Sensor,Brute Force,1
83.49968605568336,797.5206392385343,1.0,UDP,38396,23,1927.0691949728082,1.0,Router,Port Scan,1
538.1113868998012,28.138289373358816,3.7064821670408574,UDP,50837,8080,4386.14690099219,10.084766114530137,Sensor,None,0
458.1087003992099,35.324013062378576,6.2414256784570945,ICMP,6644,21,1876.362540957069,10.171382840360682,Smart Lock,None,0
401.89299220040414,34.2161682990983,4.811969651829689,TCP,44961,8080,3336.826249363235,8.013265542026222,Smart TV,None,0
607.1426979587546,22.254899384866047,3.762106894817274,TCP,20871,8080,5099.191555547813,11.886388880830909,Smart Lock,None,0
49.61594633531522,607.2764277108337,1.0,TCP,53136,80,2305.619055929899,1.292406741483587,Router,Port Scan,1
336.77078748893905,33.90725026088896,6.0906465239341205,TCP,28201,8080,4087.8676370807275,11.17603281209727,Smart Lock,None,0
1559.907947189688,695.5567043598184,1.061250360235757,UDP,58278,23,102328.88410263635,1.0,Router,DDoS,1
494.4095275592793,32.788642846472385,2.9842141007529106,ICMP,31242,443,2108.0537466880896,4.124225678808907,Smart Lock,None,0
52.65366170048675,664.016581513671,1.0,UDP,46183,443,1404.8840278766593,1.0488886363974959,Router,Port Scan,1
536.2449386120388,37.80931578109188,2.4580943251888816,TCP,64024,443,3999.3722661532747,11.054712348887378,Smart TV,None,0
557.015368081761,23.0806630382539,4.662696493199094,UDP,5213,80,2603.0379422488686,11.966854183514148,Camera,None,0
301.1993175900368,355.55462428587833,16.892924593144787,TCP,18099,22,22413.327934264413,23.059528430761,Router,Botnet,1
725.9706682258018,223.41346018556663,29.898958403220355,ICMP,8601,80,48551.789219903534,61.03091303461602,Smart Thermostat,Malware,1
390.1812660984889,27.988953454811696,7.225931783320528,TCP,55986,80,3943.045458786471,13.147520864324047,Smart TV,None,0
368.38573058544324,48.36913528321314,10.810134338480815,TCP,16291,22,4341.555550940509,15.186092933216777,Smart Lock,None,0
66.42928785096622,489.8119845113494,1.0,TCP,22111,22,1315.9151374713242,1.0,Sensor,Port Scan,1
218.2404630683857,153.3526409232438,14.55978105583756,UDP,61263,23,6892.981134378296,17.01530536936694,Sensor,Brute Force,1
466.2356009713159,27.531762044884143,5.975982741609175,TCP,29089,21,3651.830209163325,12.292343216505369,Camera,None,0
563.1868700592289,35.58797852142315,5.775251543029496,UDP,28966,80,5687.57012080642,13.307399543104173,Smart Lock,None,0
155.5874248958383,144.3504676924048,12.539508748107384,UDP,11407,22,6364.75701816325,25.943442732844463,Camera,Brute Force,1
69.2250703700962,665.2424869239621,1.0,ICMP,8217,443,1371.0098344826238,1.0,Sensor,Port Scan,1
536.5660495705317,19.600158937595044,6.5009023916129145,UDP,14021,80,2697.820493137682,10.383521209501856,Sensor,None,0
243.30239845263102,269.1405369444784,21.577449215798097,UDP,17487,443,34879.78412352124,32.596068656527,Router,Botnet,1
1061.146139488521,975.2726450856177,1.1636991168231936,TCP,37560,80,121644.98451564233,1.3580696518512458,Smart TV,DDoS,1
1416.4506565901565,870.5560676359829,1.0,UDP,27394,23,97394.68060559021,2.1190155003913005,Sensor,DDoS,1
1216.656816974847,662.30604119349,1.0,TCP,2558,3389,97159.58056935632,1.0,Router,DDoS,1
375.8830337990721,32.352761115882636,2.1525311292018796,UDP,1548,8080,2717.365349739478,12.141460409447198,Router,None,0
283.4360800821045,506.8064668240575,13.734763094721584,UDP,33415,3389,20971.555569547192,29.295742213142184,Smart Thermostat,Botnet,1
639.4239633036257,38.20599294997656,7.504087127397325,TCP,28122,443,2528.755965093095,12.1391426956136,Camera,None,0
863.2307622245004,256.83958780411473,32.50775784282435,UDP,44140,22,67433.30127991243,41.91264650144829,Smart TV,Malware,1
435.1449828765492,27.583623828376293,7.117628934265589,TCP,38259,8080,6551.633273290123,6.764221709989799,Router,None,0
294.74383405120693,24.565496726965762,7.294755363599619,UDP,31260,21,4032.315471187575,14.112233522424933,Smart Lock,None,0
820.5787008115433,347.2735974057297,35.046681600561776,TCP,5089,23,53455.03049490322,47.79575768469904,Smart Lock,Malware,1
304.4966545470856,367.77402631113455,16.548692959203304,UDP,3488,3389,33834.70663820011,23.26726308719051,Router,Botnet,1
59.196882871805286,652.9290816205395,1.0,UDP,22978,80,2388.0710527234805,1.0,Smart Thermostat,Port Scan,1
69.60130823640077,641.4643949994894,1.0,TCP,11757,80,2122.6310150658273,1.0,Smart Lock,Port Scan,1
627.2392645735633,27.296034441966416,6.479262409973124,TCP,17132,21,3578.847017342845,10.355992509171989,Smart Lock,None,0
209.8472672707995,184.956094753827,13.68017015007565,TCP,43501,22,8812.213479210706,20.179597533108684,Smart TV,Brute Force,1
372.86556615269103,459.02980725056733,24.252857091932725,UDP,16584,3389,27213.98594351619,31.36368886807451,Camera,Botnet,1
323.52239187822573,379.49370674460016,17.960107394619275,TCP,42233,3389,36503.79746317856,23.73827715455856,Router,Botnet,1
662.0750145143188,30.120531806018256,5.4055945537955585,UDP,4909,80,4060.385928424417,6.092043649496606,Smart Thermostat,None,0
520.5488989520686,15.773713512502507,4.343860753148804,TCP,27920,443,5481.735594542128,11.43951711070665,Camera,None,0
324.4099052036966,420.9011510023354,22.13572808151086,UDP,57645,443,27989.573280224817,12.376412665388331,Sensor,Botnet,1
673.7255579928884,46.74684666741395,5.710752421340192,ICMP,42510,80,4953.303551642781,8.646307333280719,Smart TV,None,0
309.2519008029237,9.270165640087082,2.7652317740207843,TCP,20291,22,5937.231162429517,13.317980109721894,Camera,None,0
485.4081691584149,25.645943725726106,7.0306636487637055,TCP,21988,8080,4164.687619819719,9.2547303760869,Smart Thermostat,None,0
318.9005743652474,328.1834080819799,24.1343748740917,UDP,64720,22,30919.031443557506,42.682744225197766,Smart Lock,Botnet,1
786.4342159488707,18.998644462756943,4.794675817918734,TCP,60236,80,3303.7879484201003,10.671902285120343,Smart TV,None,0
837.1053033475404,24.13414914929099,7.87060031329088,TCP,28299,8080,4432.594451726152,10.185749451039877,Camera,None,0
356.49456460741567,28.03232011182464,4.868706910280847,TCP,41984,80,4457.064914176863,8.792707366295,Camera,None,0
555.8596128999536,19.891310821436825,8.009013437178453,TCP,51790,443,5065.9776297431345,11.154305632614978,Smart Lock,None,0
274.358530905474,480.7517056753211,15.702352599980856,TCP,42510,3389,26643.650042140885,23.714840155914004,Sensor,Botnet,1
1326.4712774653271,779.5470630530509,1.0,TCP,31118,443,98248.2385911455,2.4120484124970076,Router,DDoS,1
690.2612875837484,280.63219176787067,42.324550471902114,UDP,26770,80,30949.95341846182,19.517349627364826,Smart TV,Malware,1
53.869041387670364,630.8490238409915,1.0,UDP,4713,443,2097.3141861221575,1.0,Router,Port Scan,1
56.87081848360069,629.2315190453606,1.0,UDP,17088,3389,1686.3742250088676,1.0032449558267604,Sensor,Port Scan,1
1131.533912591679,1135.2332202610223,1.1591689369394942,UDP,36317,443,75144.776827728,1.4684832701715749,Smart Lock,DDoS,1
458.1529913301875,25.376482073354328,6.715951762514308,TCP,20632,8080,2866.7127859965194,7.241643141995166,Smart TV,None,0
593.8553886913688,15.317362401311527,4.535265521246457,TCP,55876,443,4539.304552942874,7.248853160617718,Camera,None,0
588.8771251811689,22.468756062090414,6.744997004286107,TCP,25150,21,4590.311094555299,8.016529814159075,Smart Thermostat,None,0
370.9116849625721,24.45427594359553,7.142609077859231,ICMP,12420,22,4619.105018464853,6.517264130839783,Camera,None,0
385.1666781213076,30.05540842791798,2.828859530168994,TCP,2403,443,3342.313891207531,10.193406778308017,Smart Thermostat,None,0
617.4609609484639,30.786176695317877,3.2743999608534597,TCP,7524,8080,2593.4993729877674,13.0636668676574,Smart Thermostat,None,0
677.6275842765568,35.250720408620666,5.659805763187921,TCP,46341,22,3984.529237163198,8.89236012559357,Smart Lock,None,0
344.6039625830681,45.464338961560514,5.152613621698093,ICMP,8332,21,3414.2884710108146,10.440625519365456,Camera,None,0
278.0592223447531,159.5587970341575,17.089123081522125,UDP,54495,23,7682.205452786679,14.880585322376298,Router,Brute Force,1
1245.8548614634142,1099.611103132157,1.370010265024163,TCP,10448,443,98442.6459614296,1.4736365353156595,Router,DDoS,1
382.58709439502786,58.14447453266162,5.750514956333472,UDP,30963,443,5877.136475331643,12.37752223501782,Camera,None,0
1212.2987463750978,829.2656044588916,1.2978516636088884,UDP,4126,22,64205.19414056378,1.3143749240817744,Smart Thermostat,DDoS,1
257.1544781614645,104.58230349773194,7.63012485068308,UDP,26262,22,5424.238106668898,21.224064905434908,Camera,Brute Force,1
1546.1297087656233,1151.4006849506745,1.0,TCP,13829,443,66416.1049131006,1.662756874933928,Smart Lock,DDoS,1
486.2305152799891,31.944058769405682,2.7107995244263656,UDP,3144,80,4607.292224986444,10.497865944706154,Smart Thermostat,None,0
529.6408048981009,22.642480097496804,6.402701676689652,UDP,26199,21,4070.994715424948,8.661384206958212,Sensor,None,0
570.7953014435485,37.2326305982377,3.4629084204171785,TCP,4828,80,2909.340025630715,7.7725913187292655,Camera,None,0
834.8161398107634,245.17862350438597,42.4149795568383,TCP,46628,443,11121.95658380336,39.62185457025331,Smart Thermostat,Malware,1
503.98958196135936,47.215769172969146,8.243848255910462,TCP,20465,22,5463.173500208499,12.401255073745642,Camera,None,0
490.85612735362355,33.23197596858707,5.967402787217027,TCP,13545,443,4727.786150310189,9.841124009010915,Smart TV,None,0
582.4344401324979,47.22829883369059,5.34191070437501,TCP,7183,443,4967.550415991135,9.037060478848833,Smart Thermostat,None,0
1255.0459925380203,1059.9918801937972,1.0,UDP,10431,22,119047.515268302,2.6325683294557094,Camera,DDoS,1
499.8113594636965,31.10180577781358,2.9103822113868256,TCP,28467,22,4327.600584271128,11.710602711736275,Camera,None,0
271.4840407137603,382.07594350124117,6.3668971973848905,UDP,22325,23,27500.336240167293,32.707973313603304,Sensor,Botnet,1
312.0056330607601,334.84068097108735,21.171848510273385,ICMP,17928,80,34489.472056971936,21.530903187311306,Sensor,Botnet,1
1153.701740390343,833.3677780883874,1.0,TCP,2749,22,55747.77188232038,1.0,Sensor,DDoS,1
608.1736040402432,23.786032282759663,3.260565275350192,TCP,14893,8080,3867.2035470593405,7.916459490790684,Router,None,0
616.1270464135368,35.76708361543402,4.511342289640941,UDP,32909,443,6634.740754415,11.667736093898327,Smart Thermostat,None,0
422.0473240878003,31.258360552208327,4.181068894975265,ICMP,61217,8080,4339.592623255184,9.4656895995411,Smart Thermostat,None,0
51.86773652558854,558.9538819079398,1.0,TCP,51184,23,2761.3870434502223,1.0,Smart Thermostat,Port Scan,1
478.4071894540033,34.49815326556534,2.983382227451476,TCP,36923,22,2571.1845657737217,8.732317051603761,Smart Thermostat,None,0
530.271711680412,32.04220925621635,6.205872042515849,TCP,31928,80,3093.6885070494945,8.282300045136283,Camera,None,0
273.155330274949,35.076617688887175,6.930684224485551,TCP,11061,80,3461.2881034509323,6.671736908682276,Sensor,None,0
677.2170357437849,33.717676405528636,6.849150713190372,UDP,38083,22,4473.671890816801,8.840581381849274,Smart TV,None,0
405.5114728040735,32.46853929131216,4.05977148846225,TCP,63633,21,4818.027753723772,12.846686443250519,Sensor,None,0
402.2036832000775,42.8990552676167,6.52960854345318,TCP,51094,80,3699.8849070149868,6.615367882882749,Smart TV,None,0
58.12260901769971,633.4078159047385,1.0,TCP,43488,80,2039.952901715155,1.1111922691810614,Smart TV,Port Scan,1
71.68061797382896,812.9622409904946,1.0,UDP,53566,443,2171.9526292645933,1.0,Smart TV,Port Scan,1
45.54355290948975,706.7984439080201,1.0,TCP,47073,23,1608.084531200852,1.3595954419399536,Smart TV,Port Scan,1
62.52209503325877,771.7937582729508,1.0,TCP,21140,23,1817.1019179435634,1.0,Sensor,Port Scan,1
185.6122704485448,136.4338382082702,14.783256679693325,UDP,16981,3389,8137.2263103165415,23.7644093678289,Router,Brute Force,1
1415.700737337923,755.5114127301454,1.0,TCP,26268,22,93341.04313843766,1.6813146749854466,Smart Thermostat,DDoS,1
194.6500106945253,125.51975419619741,14.020045404149693,TCP,8707,80,5696.8839412789885,21.000986828636787,Smart Thermostat,Brute Force,1
205.95086793080625,159.01531430475367,9.017179515818317,UDP,13701,80,7315.33072334491,18.21470918009201,Smart Lock,Brute Force,1
1285.7385418610575,546.2233647235767,1.0,TCP,25940,3389,84651.11248864823,1.164742090253605,Sensor,DDoS,1
678.4988693506994,18.518667051955404,4.083444663365433,TCP,22434,8080,2240.1897364635074,5.190999755414685,Camera,None,0
528.2538041971916,46.11116148499621,2.5552513749201937,TCP,36705,8080,2348.240851820733,6.1567923794625035,Sensor,None,0
1279.9385666528046,1111.9431155283598,1.027277802543543,TCP,45001,22,79466.15696291663,2.8519733476894795,Sensor,DDoS,1
356.35347734921163,49.893595585816115,4.807236372883026,TCP,21018,22,4644.5140886821955,8.389392601387602,Smart TV,None,0
269.3002476470313,388.72305108075864,17.509771347298724,TCP,53569,80,28905.834244183257,34.534232876926744,Smart Lock,Botnet,1
551.4497344944255,40.77478542719683,4.313488476326268,TCP,8552,22,3107.2677907619914,9.22614372027681,Smart Lock,None,0
47.52503450681144,527.0078910345002,1.0,TCP,10423,23,2185.0599584982538,1.0,Router,Port Scan,1
457.0379974310685,38.03585019378602,8.441539662331968,UDP,13477,22,2959.4560608424654,11.424091265389606,Camera,None,0
572.517487736658,26.973802405295533,4.034419682550711,TCP,49382,443,5794.370054600359,13.944423614517715,Smart TV,None,0
1462.5431329221867,1170.423984829679,1.0615434061927083,UDP,40902,3389,126791.22548182696,1.2275655121306426,Sensor,DDoS,1
524.6277310043573,15.985488522758205,6.6260714737752435,TCP,3912,8080,5441.076778240017,8.686613504884402,Smart TV,None,0
242.23846647792135,159.95464640330107,22.71153407625737,TCP,31506,443,8685.951476649836,15.034294990303025,Smart Thermostat,Brute Force,1
442.02097336432314,25.632044398921703,8.99693174949186,TCP,52702,21,3735.6343064865996,9.141059779639559,Smart Lock,None,0
1510.283030906357,769.8633576118093,1.1186359789889673,TCP,37209,80,90646.05445399549,3.4443954328848756,Smart Thermostat,DDoS,1
424.1821173100663,28.220424442543134,6.515553521872374,UDP,34194,21,3801.1683970211284,6.184434446497345,Smart Lock,None,0
163.1644960845976,99.99984192553828,11.567504989725963,TCP,63487,22,5522.482902841106,13.091047321475953,Camera,Brute Force,1
540.7770289388517,34.60218639435063,6.9887009362486365,UDP,50051,443,4309.412839759925,11.872552817408598,Sensor,None,0
230.86068540674796,16.77804033912551,3.925612411973164,TCP,43855,443,4305.58019190248,12.681396237806371,Smart Lock,None,0
721.7371653739525,29.82712557109012,4.837229591035566,TCP,63435,80,3475.12149185796,5.365060423565186,Sensor,None,0
584.1878566328562,35.52728500899762,4.518659442728557,TCP,6087,443,3406.843492661918,10.05895028540971,Router,None,0
358.4033982064789,27.95640563463717,8.526984621119485,TCP,3310,21,3645.5520040237175,6.896926689718905,Camera,None,0
837.078866980987,231.5473507315611,14.644562111632474,UDP,17927,3389,53085.11821250812,28.86723203959425,Smart Thermostat,Malware,1
612.5027506099709,26.650679627263926,6.726184907221817,UDP,63230,22,4352.002953937632,9.5379000502724,Sensor,None,0
60.75852766146148,390.33391952102863,1.0,TCP,32680,80,2793.0388141945236,1.0,Smart Thermostat,Port Scan,1
240.16667728983808,444.32289757716194,17.083014834963745,UDP,45292,22,34012.851045109644,27.615397941171054,Smart Thermostat,Botnet,1
51.10181942942563,521.2304498086942,1.0,TCP,4460,3389,1685.9788544795686,1.0,Smart Lock,Port Scan,1
475.85722838063,50.37127896959813,1.475999525992775,TCP,4883,22,2534.1085049664616,8.068757724201248,Smart Thermostat,None,0
543.6437780411555,27.81970871895578,7.387237143712754,UDP,16473,22,4795.8386552197735,10.181405344352104,Smart Lock,None,0
1579.724257602258,743.5483364284826,1.0,UDP,26924,22,76124.40890228319,1.7098470143461058,Sensor,DDoS,1
611.2926177869817,34.54420338214363,2.779138631171044,UDP,38399,21,4052.4667983562435,9.123486442589336,Sensor,None,0
516.1543323587116,26.888007557684066,7.701981877556937,TCP,29596,22,2966.364334481089,11.475790604068926,Sensor,None,0
437.2737564596384,4.352556581794328,6.56968807321627,UDP,2637,443,2683.1697889417583,12.50742368894301,Smart Thermostat,None,0
672.1223918652215,203.637317769812,31.22842794605153,TCP,10296,443,64680.46528616062,34.3718618471027,Router,Malware,1
1130.111760584476,862.5290528324217,1.1092123243339609,ICMP,12067,23,123940.02426415398,2.602530781392735,Smart TV,DDoS,1
604.1575921217913,34.51229385521833,9.459590230389942,TCP,17479,8080,6800.085935914327,12.274468785323794,Smart TV,None,0
323.40505045902586,391.80948159609756,18.854283422770965,TCP,13895,22,36021.974932426754,25.149759374020142,Camera,Botnet,1
735.7097378499354,267.3392568293589,27.69035218091205,UDP,44927,23,53674.258458678145,35.82942615988822,Smart Thermostat,Malware,1
610.6946879883449,24.674069990785583,3.4097893950405096,UDP,3381,21,5251.460709180625,13.961514122447149,Smart Thermostat,None,0
1657.9411429559564,1007.9385973596645,1.0,UDP,58140,443,76446.97562820168,1.5056650731792496,Smart Lock,DDoS,1
195.99254210077862,186.59101371167807,19.089918974780097,TCP,10273,443,8759.663709894994,19.908179564546014,Smart TV,Brute Force,1
763.0773481473245,169.74109263954725,23.33240664214034,TCP,55822,22,46369.849956318656,34.26273236462896,Camera,Malware,1
406.1851724320006,21.393169568354743,6.538295003933616,TCP,2029,80,4280.854348725522,10.13860982744486,Camera,None,0
566.6288089135309,12.88526840269541,4.56951108684769,UDP,60960,80,4543.50111255391,9.358609414450132,Smart Thermostat,None,0
1375.305158391178,690.5896012628593,1.4293739737870044,TCP,1287,80,92400.33854873368,1.7517782119875063,Router,DDoS,1
394.6217159685499,26.65876559299188,6.831805084712026,UDP,54307,80,3515.8305666664214,9.016980716914118,Camera,None,0
1488.0573487904348,767.6646411307831,1.0,TCP,64555,80,98415.89625555761,2.2712129814705357,Sensor,DDoS,1
283.1416367215102,504.7747029333355,20.855202213748775,TCP,47783,23,26785.99637260761,26.002876058098842,Smart Thermostat,Botnet,1
891.4324683778159,215.00862876509711,26.180037593870946,TCP,23944,3389,60180.98647479365,36.520272819844536,Sensor,Malware,1
511.34137920410876,31.24015318605605,7.429442948995562,UDP,62695,80,2498.871882518942,10.125563427347434,Router,None,0
592.9393644638445,29.614617381565875,8.479296083862023,TCP,21713,22,4097.413412957782,12.387334029232699,Sensor,None,0
222.35940865834397,296.9812298479405,15.251322447630994,TCP,6314,3389,25655.344661378265,30.37549755779066,Camera,Botnet,1
1218.8392330715174,1279.7973745350052,1.0,TCP,25636,80,119249.74886719229,2.113730507548499,Router,DDoS,1
1533.5207850596412,468.58756149949676,1.2392094967598442,TCP,32880,443,80743.21503726194,3.302074485758507,Sensor,DDoS,1
47.510217944697665,621.8757338805583,1.0,TCP,14049,443,1747.2821308291632,1.3449434811596073,Sensor,Port Scan,1
468.31946092786444,18.322480824015805,7.1646861088704945,UDP,55013,8080,2765.4977202073887,14.670683800292299,Router,None,0
574.7949279502365,33.47934477182711,4.53429856776883,TCP,14648,80,4004.30764234316,10.044657625622786,Sensor,None,0
390.5218250535654,33.3654422427598,7.454902593617311,TCP,4176,21,4875.740963760949,12.604203695337532,Smart TV,None,0
478.76673425343944,22.64269920154875,7.194372148312468,TCP,59336,21,3806.3124583503763,4.770100966877916,Sensor,None,0
611.1329300538252,51.427485399487466,5.419365268617895,UDP,49565,21,3394.360248341667,10.079902541428698,Smart TV,None,0
478.5000808143904,28.627732981637443,6.47228852452211,TCP,59446,80,2863.6971371074696,15.314527847460239,Smart Lock,None,0
398.50726463289266,40.264256805472186,5.774991695628922,UDP,15508,8080,2945.157665681427,8.343921195521734,Sensor,None,0
641.5205371663047,35.593700673073585,2.0655160130264667,UDP,27011,21,3145.1650830672165,9.729130761679558,Smart Thermostat,None,0
677.2872397969603,35.06583154190254,2.3763936684455773,UDP,42687,8080,3423.0036286224663,10.941457060321365,Smart Thermostat,None,0
639.4081748017638,22.922612205200632,1.795450545298011,UDP,31230,21,4160.94213661605,9.40099060248143,Smart TV,None,0
688.7774762355446,216.43820944512402,23.262754167375064,ICMP,37354,80,72118.79640276646,26.980927702479953,Smart TV,Malware,1
61.08165458483784,480.8122259983848,1.0,ICMP,63635,3389,1977.0533521411148,1.0,Sensor,Port Scan,1
1416.4473452651755,863.4909665412,1.0,TCP,48696,80,99722.35740524803,2.08959861566143,Smart Thermostat,DDoS,1
56.28435226617974,604.5445955507973,1.0,TCP,26671,22,1687.0113896579633,1.0,Camera,Port Scan,1
220.41786604984264,439.5754506836205,27.72477358309083,ICMP,44523,3389,25233.579615597057,27.24889258130559,Router,Botnet,1
64.99575824636452,457.57362304071455,1.0,TCP,50296,22,2146.237993870539,1.384038780691483,Router,Port Scan,1
412.90199663201315,24.522363716531267,4.614946860953484,TCP,29580,21,1976.914746966941,8.317212997362885,Sensor,None,0
1169.616341837603,1032.6075980003952,1.0,TCP,11508,3389,90129.82433100542,2.5377900897058545,Smart TV,DDoS,1
480.5419494829662,13.085559022981467,2.8037952938213473,UDP,2709,22,4117.836075517631,11.750404379895443,Smart Thermostat,None,0
545.5136041238195,42.87331111605066,7.199959300684167,UDP,47317,8080,3680.893402989102,10.651693584431573,Smart TV,None,0
57.598410551115535,579.8910194706942,1.0,TCP,11216,80,2112.2459507806934,1.036776569679773,Camera,Port Scan,1
417.278569733919,34.187978282005474,5.794468105957984,UDP,25355,8080,4904.918518693884,13.487389014045988,Smart Lock,None,0
1375.101527875999,864.3516892695399,1.0,TCP,61492,443,93982.13175601121,2.091722426672001,Smart Lock,DDoS,1
1675.2970534761525,780.7773980376187,1.0955420238323177,TCP,20462,23,89586.98334671062,2.168605553292087,Smart Thermostat,DDoS,1
424.587487858144,5.000692759176037,2.8366005646341588,TCP,5404,443,5683.748122624985,11.748239321974296,Smart Lock,None,0
451.32288409845955,25.403849139260743,2.5739288296025853,UDP,34199,8080,5098.148252187747,6.12119483799528,Camera,None,0
473.60108987439475,35.969309928230956,4.330694284636789,UDP,30242,8080,2450.1542120107492,9.518136579637693,Sensor,None,0
262.63983541615227,300.19692315221357,15.142432502266528,UDP,31100,3389,33075.28817805012,18.996196745532487,Smart TV,Botnet,1
197.07617462095183,140.84239627297933,8.22348535357542,ICMP,59247,22,7447.9566014705,25.044799540283854,Camera,Brute Force,1
273.95302252859284,454.5204788655297,26.533778164309922,UDP,44969,22,33320.80740832888,25.8665962930758,Smart TV,Botnet,1
651.3842089773261,35.910534756424745,7.340132808439311,ICMP,10100,80,2757.5415125425907,7.884426373212022,Router,None,0
157.72740228399525,164.56098532636634,22.79095984914579,TCP,10398,23,5949.471185735351,13.941222966109432,Sensor,Brute Force,1
646.5766640249085,30.782288143568373,6.100526141880265,TCP,28291,443,3938.032786965517,8.4028664521023,Smart TV,None,0
607.9077286173332,35.58117011949654,4.67775296508726,TCP,16640,21,3024.7636882473653,11.458465930229151,Smart Thermostat,None,0
595.4865297056659,38.92373374511452,5.629934574303578,UDP,8165,80,4200.467721076251,10.36372163403113,Sensor,None,0
527.1031803579863,33.24884718824585,8.756758263986258,UDP,23521,80,4426.123946819426,9.929731122397554,Camera,None,0
528.606604980491,29.113860547468327,4.1390833330760834,TCP,35970,22,3693.302712174063,10.314070089664378,Sensor,None,0
350.663385487871,21.112026867690815,4.858639236695858,ICMP,55876,21,3234.464722570287,12.70055369205989,Smart Lock,None,0
207.5483675930107,177.03830218679025,18.119723300664834,UDP,31787,22,8875.70489459408,22.12172575096831,Sensor,Brute Force,1
561.9150172121413,34.846435113117025,6.408030148643308,UDP,63299,22,3493.830733307666,11.942841931658686,Camera,None,0
651.8191934585992,30.244487219197868,4.4131938178720524,UDP,8168,22,5600.047281319608,11.26740227271168,Sensor,None,0
166.6406863125713,26.52476587806481,2.639998443065482,UDP,15294,8080,4403.954020735611,11.69638125750728,Sensor,None,0
568.148517619344,9.53570300451618,5.8794147768292735,UDP,4338,443,4854.242985318491,11.866885918175129,Camera,None,0
218.30052727959546,171.75233349446626,11.81373377986243,UDP,26174,443,7604.6911522742585,21.775705334375555,Smart Lock,Brute Force,1
326.861995412988,349.14663924022045,13.342114435947225,TCP,41222,3389,23890.639418393686,19.25540544979981,Smart Thermostat,Botnet,1
319.28637745702116,378.47782717507835,23.18398955316482,UDP,27810,3389,33797.068586545225,21.265711880238257,Router,Botnet,1
333.1385079643286,28.112557869887723,2.011775328562443,TCP,50736,80,4528.827493384613,11.13388787810222,Camera,None,0
519.222871198049,40.762401574663855,3.3086779344653054,UDP,9674,22,4313.908211457554,7.499893582151783,Smart Lock,None,0
249.95311922657294,442.27016758921957,20.068350875002864,UDP,22356,80,26643.020582703673,20.749871823720323,Smart TV,Botnet,1
291.3215327360107,21.27440890918435,4.904565963659139,TCP,2002,80,3752.386966875574,9.353720339543626,Smart Thermostat,None,0
61.64756121275057,641.2042806881781,1.0,TCP,31868,80,1830.51061305403,1.0,Smart Thermostat,Port Scan,1
861.3230696489439,341.2788071464248,36.069042664618244,TCP,16594,23,39625.3701815329,29.016118860541994,Router,Malware,1
331.17030012777656,10.22250937632872,4.476876197867196,TCP,23750,443,2713.8699632912094,9.896575404896101,Router,None,0
506.3786417093441,30.00084393091414,3.556883932914305,TCP,32833,80,6814.083863264783,16.279504926791784,Smart Lock,None,0
829.3710571496144,266.3844352455911,25.784448029145832,UDP,38599,23,64145.90167819112,22.16803412852262,Smart TV,Malware,1
643.5181014058123,33.22909230404723,7.991413442360058,TCP,58634,22,3088.688511266328,15.19428625309703,Smart Lock,None,0
676.6753755564143,241.938780514798,30.798483723458958,UDP,32605,22,61550.79972198554,39.77181554090627,Camera,Malware,1
289.8525592001175,385.4032311830419,21.516211824841154,UDP,38057,80,30217.21182397577,16.79640619982343,Sensor,Botnet,1
666.9719815106375,19.587607636878865,5.145555139883098,UDP,24102,8080,3579.742102299765,11.665209160214035,Sensor,None,0
76.91865022450766,668.6288958798525,1.0,ICMP,34458,80,2742.8509411772425,1.0,Smart Thermostat,Port Scan,1
413.3453275725691,27.45498946593385,1.0,TCP,57687,21,4783.759767397799,11.05725813703012,Camera,None,0
474.87094075524703,33.905305963195175,7.802372550067792,UDP,50747,80,4824.42706238498,12.763452239184376,Sensor,None,0
262.4897027979467,4.423202621659939,4.201417876500187,TCP,56752,80,4205.656640594899,12.761243495021834,Smart Lock,None,0
572.1310204897152,20.961207104191253,4.479542738873758,UDP,28704,8080,4398.981900702345,12.474813668842309,Smart Thermostat,None,0
374.79797796592226,25.736984119861987,1.0,UDP,22388,21,4824.742746547968,4.341085216049862,Smart Thermostat,None,0
328.3696060109159,37.77128459275528,6.202207888040028,UDP,22882,80,2050.1988243469686,9.003213531138778,Camera,None,0
217.26586555739925,194.87897879465194,16.862500453264342,TCP,21191,23,11588.385157743629,22.94138207250768,Router,Brute Force,1
60.52277765932594,491.97000265181885,1.0,UDP,3404,22,2968.4188145147273,1.0,Sensor,Port Scan,1
663.3081904972464,13.56753030144533,6.224689840196901,TCP,58352,443,2789.2264224748915,12.82886726832899,Smart Lock,None,0
500.4959459185839,32.5649197844354,5.870507914342127,ICMP,5571,80,4859.046058177735,10.623251792842371,Camera,None,0
504.24447372169317,28.01620057401404,3.8510660992893246,TCP,28683,443,4706.3929516823355,16.560124482795622,Smart TV,None,0
607.0277090608515,15.29784377902521,6.472112267476749,TCP,26153,443,1915.3942473459338,9.59057886436494,Smart TV,None,0
67.24209685319083,868.9829866963603,1.0,TCP,6453,3389,2034.140887047338,1.0,Router,Port Scan,1
517.8473811104327,42.880660702621846,4.409566585758678,UDP,31863,8080,5501.601872631193,4.880088080997166,Smart TV,None,0
881.4624415241042,38.51285574844789,3.585470940097073,UDP,38168,8080,3510.249817098791,12.725804079676333,Router,None,0
626.3173301138673,29.292844082755373,5.089316561926933,ICMP,56955,21,2706.495140661624,7.561077926079458,Smart Thermostat,None,0
706.543540582905,216.1145121326969,27.402648044825547,UDP,36159,3389,56759.51960949041,38.63728533212451,Router,Malware,1
378.5565198900157,38.32951207622685,6.69347248838213,TCP,10435,22,4073.5891110194766,8.426869999186046,Router,None,0
538.8158061140732,16.269493404313582,4.042943010484468,ICMP,24700,21,3499.7851412437376,5.535829768204441,Smart TV,None,0
786.5357497319935,313.3606303288683,27.09084468325053,TCP,29250,23,44439.525491658336,21.751739549249244,Smart Lock,Malware,1
497.8924608227065,20.975769052074874,4.3153181226722355,UDP,62903,443,2384.3416606793216,11.446200506576576,Smart Thermostat,None,0
617.6280522467197,24.39648507577799,8.14108720143803,UDP,46386,443,2920.423279662748,12.972285203703567,Router,None,0
72.17205339383115,647.6181752377349,1.0,TCP,29543,80,1852.113189905592,1.0,Smart TV,Port Scan,1
665.308815476326,261.4025748512621,17.16723040951841,TCP,37103,443,66218.06928308816,26.343764610944195,Smart Lock,Malware,1
661.0618753727863,36.32839132351609,5.756933878585971,TCP,62457,443,3783.8277766780343,10.30420010021577,Sensor,None,0
478.57136385273753,35.969458973088834,4.71592078353412,UDP,32737,21,4668.197843557631,9.558779501474188,Camera,None,0
1477.741045980543,689.6444843584084,1.218705175858762,TCP,43043,22,91970.98426009704,1.0,Smart Lock,DDoS,1
322.3910223612388,372.2968287738274,10.075603008435861,UDP,45986,3389,31286.046452221854,26.133679237592776,Camera,Botnet,1
420.56888707200187,26.369461534349284,4.236524212003342,UDP,53537,21,3530.5976597972763,10.037482356183062,Router,None,0
587.123483964697,41.69270109070172,2.660647997951162,TCP,29136,443,3671.8808288000578,2.451714412681702,Smart Lock,None,0
468.89488888219,30.626983032367143,5.215068360107269,UDP,60164,22,4555.145681944831,10.132651008700549,Camera,None,0
772.3535083142236,29.799829699690747,7.230805326193892,TCP,52493,443,3647.6983532898753,5.206834846377276,Router,None,0
1806.1010237365917,644.988683760456,1.0,UDP,51842,3389,68728.40780031681,2.9167827072338093,Sensor,DDoS,1
198.8940829106892,80.54160969330783,8.066254792311408,ICMP,43849,3389,7433.894644032533,13.092786057494399,Smart TV,Brute Force,1
461.2060881780365,34.13479544055721,5.922700223971412,TCP,26901,80,3817.921070651483,1.3911399254351302,Smart Thermostat,None,0
219.60258533358052,178.06698076968382,16.23508592463845,UDP,60335,3389,6691.279879565107,16.617869975138632,Sensor,Brute Force,1
842.3951003556557,269.39397284466185,36.9710866514773,TCP,46048,22,37006.88354004923,33.86494907054116,Router,Malware,1
531.6110313982591,30.813878364250776,3.1268043647795016,UDP,31944,22,2632.8861159657667,8.381417590688816,Smart TV,None,0
617.2356980514455,16.282244422090315,4.4948519240175955,TCP,57051,80,4279.820265019124,17.693539954878275,Smart Lock,None,0
602.5622876162674,21.997883033981495,6.265715829214613,TCP,21328,80,3683.802295418812,11.096091226191303,Smart Thermostat,None,0
511.52685669409317,20.345433220881358,1.6780162219859558,ICMP,13426,443,3162.966346776109,6.718458576107684,Smart Lock,None,0
42.74950553694033,633.4376482116932,1.0,TCP,53878,443,1605.6089266323008,1.0106325189118983,Smart TV,Port Scan,1
642.8366844212142,1.0,3.7679019488877494,TCP,55844,22,2533.814017530458,6.718788814849988,Camera,None,0
485.349933443433,8.074565091925912,3.903854133510354,UDP,33233,8080,4248.91359867503,13.026005067864517,Camera,None,0
492.6911818481833,199.56841087129143,44.419887852293755,UDP,6435,80,53984.79822140021,14.489252479841568,Smart Lock,Malware,1
332.46809644317443,16.93337434543748,5.341258900769186,TCP,33861,22,3678.690089462117,14.854887668672152,Smart TV,None,0
407.02736053059675,44.31099165589298,5.563617097367104,UDP,60564,80,3681.326909423196,9.491240882508128,Camera,None,0
286.8556636640346,272.68018912643015,15.718244738924628,TCP,7729,22,33597.10194039457,29.13236714459253,Smart Lock,Botnet,1
452.4957926500673,25.97410397245393,3.825951217865901,TCP,39732,21,4298.848044438394,9.323583895899285,Smart Thermostat,None,0
124.1714217506983,33.82845708865145,10.140643961889197,UDP,7483,80,3992.0890098752734,8.61225155783027,Smart Lock,None,0
205.30974215203958,138.8164286636044,12.814671598915954,UDP,58803,23,8231.950992492524,24.178605930754944,Smart Lock,Brute Force,1
520.2497114273827,33.78876912020174,5.488483486461145,TCP,41373,8080,5002.031993310248,9.713505780071067,Router,None,0
1077.0215868503883,534.7505306109131,1.0,UDP,63949,443,88672.916178816,1.8825354727355412,Camera,DDoS,1
1217.1262744841374,1215.3562388393339,1.0,TCP,31345,443,110742.06644863746,2.778981479563868,Router,DDoS,1
75.70810516922221,668.1466984933935,1.0,UDP,5657,443,2488.2985769315455,1.0,Smart Lock,Port Scan,1
1015.7239805353765,277.57869814383645,50.51884418174619,TCP,30740,3389,31972.87582967173,37.18479250298009,Router,Malware,1
343.7812697334683,32.963830201167546,4.022634862074075,TCP,10271,22,5235.782892994142,7.733059850724422,Camera,None,0
401.43359849307365,38.38489203736345,3.194145643825947,ICMP,41977,443,3843.3621023419096,9.877712421593698,Smart TV,None,0
373.1135906404065,11.021855001002233,7.573180262574466,TCP,22496,22,3414.081789548415,10.804488342865948,Router,None,0
1347.7699908573748,1233.1951589712276,1.3213938533117822,TCP,55612,80,76408.17737775527,1.2672448383017774,Router,DDoS,1
263.862068507467,539.0033946389675,32.133170341553424,TCP,32705,443,11502.481421658787,23.53748188382217,Router,Botnet,1
224.35293340483247,143.38150989916835,17.438928787525178,TCP,57418,443,5444.387163670943,26.662583448788943,Sensor,Brute Force,1
565.0634342869107,32.446819254873496,5.291029610671191,UDP,56701,80,3130.0425269795314,7.403971503694498,Router,None,0
622.5059385202969,24.516544621349816,5.082412133563239,UDP,18805,80,2974.8208055558243,13.050931144713568,Router,None,0
504.8403686665629,26.87731805393347,1.8287932507994888,TCP,61377,443,4384.723314585234,6.0292350957958325,Smart Thermostat,None,0
849.7093578098504,12.230133606739248,5.64802504837996,TCP,26960,80,4046.557473327861,12.28556432212739,Camera,None,0
724.6681610763744,29.523223183861276,8.536850657027692,TCP,37373,22,6071.082599216616,10.089252233976586,Smart Lock,None,0
1498.7566802315418,714.6294936571835,1.1227770245838586,TCP,28165,23,100712.8441155034,2.5716782138691876,Camera,DDoS,1
73.87166984472626,415.2942622969143,1.0,TCP,2102,3389,1920.7170327601336,1.0,Smart Thermostat,Port Scan,1
354.3676666233029,33.009792744381585,5.316594074435832,TCP,8209,8080,4791.130967197559,9.483339585717706,Smart Lock,None,0
999.1439119710273,265.94429321227483,11.338802790071774,UDP,29440,23,45717.88316586962,24.870434064965337,Sensor,Malware,1
470.5086199984518,39.5205365313989,1.0,TCP,34100,443,1679.6439876138552,7.109084666893588,Camera,None,0
474.76906978718864,28.343441873758508,2.3357651411802753,ICMP,34531,8080,2152.129880194583,6.7444618896682655,Smart Lock,None,0
653.3319636309992,15.721663670866842,8.288072630729772,TCP,64398,443,3604.9558854697293,4.998781262430009,Smart Lock,None,0
400.14297176312766,37.27169249680283,4.0633552533716815,ICMP,7038,8080,2647.6669807636017,12.265807472711192,Smart TV,None,0
756.8300938174879,208.14205184338618,37.0863314979986,UDP,30977,3389,55372.76011956152,25.579647365239637,Camera,Malware,1
292.8669424245087,498.4446380745361,12.420484293123812,TCP,51189,22,30522.0651247545,15.856506866142936,Smart Lock,Botnet,1
419.71458509914135,29.201536358942604,4.879371493772493,ICMP,38824,443,2922.7721255252413,10.68690980699317,Router,None,0
805.8864091660856,220.56170860114136,40.21419389139474,TCP,65516,80,50360.872818944496,35.38937791707343,Smart TV,Malware,1
408.29986905389325,30.17750972207175,5.368293945823147,ICMP,48755,21,3088.897454928951,18.41338747820824,Smart Lock,None,0
507.4045560860442,30.372278364215767,4.822407104574998,UDP,48620,21,1680.3892732487816,3.9953627666839635,Router,None,0
496.21534614826794,18.659313605766727,2.2758756468310892,TCP,8741,22,3280.4530910418675,9.021059633586267,Smart Lock,None,0
226.8561748665872,152.24968895738485,26.175407550365474,UDP,36634,443,5736.48112766508,25.95964174266065,Router,Brute Force,1
799.6483489009687,249.27050447859426,37.24379713686963,UDP,50923,3389,49901.891781945655,37.42815182861185,Sensor,Malware,1
742.1371245927071,31.772301452681116,9.895605507185815,TCP,51525,80,2720.609912078504,13.331688220878304,Smart Lock,None,0
496.5586054790241,29.47387906944611,6.226088419541572,TCP,34218,21,7023.781452622391,7.8524276686563,Smart Thermostat,None,0
435.0108965846867,50.448232484766464,3.747839072855215,UDP,39449,80,4335.845672885824,7.791205329573415,Camera,None,0
1183.8697129130746,833.2497212964278,1.1965977923737534,ICMP,1938,3389,82715.99634601138,2.04297261710641,Smart TV,DDoS,1
375.8197360162143,413.51487966069936,20.017175455562377,TCP,43545,22,25305.855191895836,21.135698169010755,Smart Lock,Botnet,1
253.82947595727705,128.83453283901756,6.729114123558336,TCP,43320,23,7562.092413159418,8.443098845345933,Camera,Brute Force,1
1555.7338999669344,865.893576422504,1.0,TCP,49548,3389,97151.3021807104,1.5939150189207825,Smart Thermostat,DDoS,1
492.3355297850609,50.22108950853476,5.09261992958828,UDP,56993,8080,4630.80016414602,12.18061859108927,Sensor,None,0
554.7214618530954,16.683552399425167,2.3441349720131175,TCP,5581,22,3774.4329789313956,10.912451338558531,Smart TV,None,0
1352.4695590632518,917.2589326695115,1.0582756459461315,UDP,9244,3389,112990.67202981685,1.9294066047281104,Smart Lock,DDoS,1
1500.7198479658573,461.8477262864688,1.604621909134832,ICMP,36536,22,87416.2719600837,1.0,Router,DDoS,1
390.59764684061156,37.805411094965,2.103284324059238,UDP,10029,21,2597.3093225969105,14.784810470022094,Router,None,0
463.4158564407911,24.731468040128227,4.508997020528998,TCP,33654,21,3267.9920670942856,9.811579830568133,Smart Lock,None,0
566.2073922852537,34.26447416198275,3.8782018183123474,TCP,12566,80,3416.47662120896,14.909275637024994,Smart Thermostat,None,0
652.7821606300113,224.21529455277167,27.161124174994093,UDP,55102,22,38104.482158669874,34.384675182094114,Smart Lock,Malware,1
162.9696328850762,139.06944990337118,19.85805953205109,ICMP,40654,22,7021.4718977789125,7.443169861007865,Camera,Brute Force,1
69.22391309543977,592.426117040427,1.0,TCP,5429,3389,2030.2743481463876,1.1452677723258686,Router,Port Scan,1
1858.0889167144926,917.327024958415,1.5470085918101137,TCP,32734,80,84501.16402212184,2.565533084906137,Smart TV,DDoS,1
439.74498452714255,23.52952360591273,7.562461127525144,ICMP,30953,8080,3637.8088659450186,9.847072404084246,Smart Lock,None,0
326.92410373287066,29.415887561413175,5.167962006628908,TCP,31863,443,2657.824833629093,8.779168753682324,Camera,None,0
508.8999411927226,20.546173206401846,3.973096025901782,TCP,11886,443,4425.714594584908,11.207096045259467,Camera,None,0
163.9540912310921,142.40207023461917,16.844293402198204,TCP,25980,443,8881.344320716975,22.742020324388648,Smart Lock,Brute Force,1
536.4516890620629,35.4135583958598,5.407998922221428,TCP,46058,22,3868.726524913614,5.848460518463241,Smart Thermostat,None,0
179.96990263605232,29.332113211711892,9.166421918118068,TCP,40288,22,3686.5741673164057,6.395441602243836,Sensor,None,0
368.80113705351414,32.88916667168707,7.489894757292891,TCP,62502,22,2296.0071373896244,7.500889831611965,Camera,None,0
532.6401328259826,23.716800146115872,4.443267119397803,TCP,43201,21,4226.059589102026,14.778185368058706,Sensor,None,0
912.971695257184,275.9255826073343,19.871711474078296,TCP,58044,3389,53431.871268957766,27.91832771643547,Smart Lock,Malware,1
529.6523077796504,41.2948231294792,4.356928430692145,TCP,28439,22,3673.3766664321965,9.531809497534292,Camera,None,0
479.98691191976167,37.497655536581235,5.782992074696215,TCP,11716,22,4113.875194142012,13.23702891770834,Smart Lock,None,0
536.4604910765075,29.08459980581792,3.9383563437407054,ICMP,48576,80,3334.1222888795637,11.302029470350321,Smart Lock,None,0
375.0652236861451,25.556905478043163,6.873937991178403,TCP,39440,22,2901.0754344094576,8.376056933693054,Smart Lock,None,0
516.3509967504191,41.99554469825827,8.910973087927577,TCP,26773,8080,4766.77429226312,15.129697767782151,Smart TV,None,0
467.1661934354451,27.857554566290897,5.291743956565199,UDP,47499,22,5452.088132039315,6.05911567298751,Camera,None,0
468.5222569302806,20.955467737039548,5.394206501742405,TCP,55611,80,4340.62202849121,10.616976762658018,Sensor,None,0
508.64402878790935,34.13890285372693,8.232419363302414,TCP,9999,8080,4590.906322793355,5.2552168016381735,Sensor,None,0
292.51261809317424,429.0247819259916,21.833152449264634,TCP,25027,3389,18976.740028032196,28.451252655216088,Smart Lock,Botnet,1
248.733160498742,212.03287519541715,15.741706338176883,TCP,49542,80,5998.273215889675,14.168031727891762,Smart Lock,Brute Force,1
444.49053832554984,42.354785974641466,4.918167676453216,UDP,35340,22,4462.866822254905,14.047954145352016,Sensor,None,0
519.5684249519242,39.73740293431332,3.8815271332100125,TCP,23033,22,4397.9845575628815,8.04427273594054,Camera,None,0
484.4215793992936,33.88136923308179,5.6493633064577,TCP,3735,80,3127.6148917062073,10.715728330151414,Smart TV,None,0
1620.6916671654794,780.280529034971,1.2754245881051145,ICMP,3927,22,59968.15213988624,1.4556901306393597,Smart TV,DDoS,1
732.9390013746369,288.2450277634131,37.45268393293353,UDP,33678,443,56664.38725152106,14.954058179031836,Sensor,Malware,1
756.9977121044553,25.935849836153842,3.975514541856925,TCP,5948,22,5128.972292720891,9.658157627035374,Sensor,None,0
367.3073245741632,37.63334112384489,1.8994971594294259,TCP,33080,21,5469.57069576151,8.274940910636758,Smart TV,None,0
183.47076237443554,115.99050445438124,7.973985329239775,UDP,61111,80,5791.548169353685,19.474055518270987,Smart Lock,Brute Force,1
429.67380320293296,31.64320659381916,3.7190198562891483,TCP,43007,443,3265.612242608699,11.455281605491338,Camera,None,0
72.66748536553496,583.6015339069028,1.0,TCP,29613,80,1661.060754260874,1.2809781396566318,Sensor,Port Scan,1
914.5631007267544,328.2860281930943,31.786927999054406,UDP,30009,443,33887.39462004666,30.860358145574374,Camera,Malware,1
447.03412251608603,31.515407957652663,6.100507486067398,TCP,33747,443,4975.989949815841,19.26553658458085,Smart TV,None,0
366.36766020621474,28.905190903929327,7.178274367826723,UDP,41349,22,5133.602358005998,10.023215003264859,Sensor,None,0
471.6971497959005,42.15829359747089,4.098086346959765,TCP,41326,80,4099.093008521929,7.618031716504243,Smart TV,None,0
498.9958846737332,23.38375607536181,6.808129898600519,UDP,20124,80,3684.165831680176,10.061525692049003,Smart TV,None,0
197.696438735743,155.2819399114753,6.55777108032979,TCP,6393,80,5925.398286744074,16.201765490264513,Router,Brute Force,1
594.7239866803646,36.084517364296794,4.57145011489107,TCP,40728,8080,4416.368148138955,6.728658242348567,Camera,None,0
334.53086495947883,417.19129974027703,26.205140574600623,TCP,38200,22,29312.325845998064,31.709282425860707,Router,Botnet,1
65.75210121888038,391.602946508011,1.0,ICMP,15410,23,2298.1108464408453,1.3121313293977594,Smart TV,Port Scan,1
495.967587205263,25.084591738428344,5.169322561465528,ICMP,10739,443,5049.4986058633185,12.531810674660067,Camera,None,0
337.3023234648135,22.05400544874945,7.607130135616175,TCP,51824,443,3728.325616312708,6.543253476169697,Sensor,None,0
1460.792325736363,934.8913429938917,1.0301002869511349,UDP,44095,80,126515.62507364264,2.7264091453781343,Sensor,DDoS,1
1279.4979673084795,974.1384211560973,1.055587455350346,TCP,5276,443,110720.6198656889,1.3572288939661212,Smart Thermostat,DDoS,1
477.90644814594026,17.287508400875968,2.8345863554263686,TCP,28488,21,4393.724999314398,8.839310348046242,Smart Thermostat,None,0
602.8152779079833,38.41820066890062,6.108233002648187,UDP,57660,21,1996.477707933486,14.812763084551424,Camera,None,0
66.62413898828964,511.00823921683224,1.0,TCP,16557,3389,1874.7008858712811,1.1429638927715997,Sensor,Port Scan,1
642.6003846030725,26.879046799537086,6.462988619609735,UDP,25307,21,4236.270770589013,13.467253112495253,Router,None,0
479.40792819499154,38.54959753164688,2.347302663901311,TCP,19349,21,3779.1167934491414,8.632824967478468,Sensor,None,0
294.65727100948345,395.89295979705633,27.007749896074152,ICMP,17889,443,29523.021745830876,14.713741439168883,Smart Lock,Botnet,1
1188.6892535690422,1037.2216606976608,1.0,TCP,52583,80,118184.19388630171,1.7491552226113125,Smart TV,DDoS,1
1508.7598795174079,826.1178136129774,1.010860791777948,UDP,39938,80,66639.58294028652,2.90475165034092,Smart Thermostat,DDoS,1
472.22638427734506,35.94690211370184,4.512943916550277,UDP,26753,8080,2809.5162453116445,10.48457395646154,Camera,None,0
450.1408802912965,20.474633337043144,2.041734891716476,UDP,17849,8080,3914.9050295750844,7.374097569513052,Smart TV,None,0
473.20523335352186,14.040428403937828,6.190572120676078,TCP,59987,443,3129.6263257089186,10.259532372361885,Smart Thermostat,None,0
623.366427847902,29.466971310088457,4.93851233547894,ICMP,1345,21,4317.998694414047,7.64722447325446,Sensor,None,0
617.9499447754114,3.748533159031979,3.3364776514743806,TCP,34774,8080,4403.376242526725,10.802620858379662,Camera,None,0
426.3098269586758,13.911932907300283,6.337110686513472,TCP,44345,21,2039.1544015304676,12.117909240096449,Camera,None,0
381.25542559617634,8.679537192686908,5.535422924687672,TCP,61524,22,3387.9032009401917,9.577627340750844,Smart Lock,None,0
536.5603398946192,34.79802320051578,2.3195832299379036,TCP,40295,80,3747.242309465575,13.227116874479183,Router,None,0
468.03350119892536,32.32169889626256,3.889345562361968,TCP,2388,22,4155.429327668466,11.05526922519761,Sensor,None,0
460.9808716395495,39.49679902816359,3.4293848147285346,TCP,21632,22,5615.430273178596,6.950468134279919,Router,None,0
181.08897059758533,94.85596594634174,19.533163888021264,TCP,17690,443,8329.796865254017,20.081512861589314,Camera,Brute Force,1
418.6989059743236,9.394710528756875,7.574184519893823,TCP,42593,8080,3358.3675608619837,7.5956836607344105,Smart Lock,None,0
830.3367278354344,210.31022674564394,27.60154759002375,TCP,56412,80,46713.52384110495,27.112863378638927,Smart Thermostat,Malware,1
399.08610335954506,32.72955754863389,4.800330839009099,UDP,13630,22,4357.128676271321,13.274750858132418,Smart Thermostat,None,0
363.40832188697436,33.996306861600715,5.028779386304465,TCP,35729,80,5383.13513986212,9.689474054710821,Router,None,0
470.5135071605361,23.50396290405169,2.493389475309674,TCP,7536,443,4273.321256536874,16.716494999243274,Smart Thermostat,None,0
553.5365392687744,41.50839749152058,5.727774007643147,UDP,44103,22,2138.610244778978,12.075592067011193,Router,None,0
773.9388806403078,244.6248577334566,37.55307846709409,UDP,55953,23,59266.45924145004,39.95481508037396,Camera,Malware,1
574.5860912551851,29.958212065873415,4.040638046591482,ICMP,14697,80,5650.3691678190435,7.79348287707089,Camera,None,0
1622.9831139237233,871.385740518741,1.171051751232553,TCP,56497,443,70295.30130804752,2.3389348441307853,Smart Lock,DDoS,1
394.4429087158992,36.73794393667758,6.721059415922891,ICMP,35120,22,3773.5454154558615,12.241816153430365,Smart TV,None,0
377.60704979219844,230.06730659849313,20.808773624870888,TCP,61083,23,38576.355840607925,18.322717630845275,Camera,Botnet,1
1023.673100264396,815.334657544693,1.0083065863228218,UDP,38702,22,88268.22248593002,2.8740133105497576,Router,DDoS,1
525.0370287784408,32.02318180558355,3.377407330426502,TCP,31710,8080,4926.376747833247,7.6879622209835,Sensor,None,0
195.57540830023376,170.77392360829995,11.995859846192207,UDP,46409,443,5533.795836057974,19.19393485254836,Sensor,Brute Force,1
338.47264065860145,14.44160588335065,8.329552117496544,UDP,52591,22,3726.008235102997,5.5680767370480035,Smart TV,None,0
434.8195002732663,30.14527881937569,6.3802088495280245,TCP,22780,80,5019.043693241762,13.090586209458193,Camera,None,0
895.2624930041777,34.210133024605526,2.2400386681926086,TCP,12152,443,4909.061507805097,9.367113161887955,Camera,None,0
305.6318367425912,11.643013095728975,5.758678332568479,TCP,31475,443,4030.2465648559537,9.267439242694994,Smart Lock,None,0
320.02529525134554,379.1252301283745,29.114502060397292,UDP,9143,23,22623.59458809202,37.74525923159052,Smart Lock,Botnet,1
471.6500440851574,20.553720668083997,6.98378867940119,UDP,18602,80,4145.49304703531,9.74853243549411,Smart Lock,None,0
386.3524607487258,19.779127540233034,3.244487868942847,TCP,7628,21,3864.4721822063516,10.109678993202623,Router,None,0
51.17313392089536,651.1965381354079,1.0,TCP,64094,80,1827.4818088304999,1.0200292364418655,Camera,Port Scan,1
384.6804389690816,44.077588052541984,7.4586498626308275,TCP,61646,443,4226.108010044371,9.763792623281867,Camera,None,0
990.9578579578445,290.6747468634798,24.369812711536852,ICMP,53946,3389,46681.4558892584,48.18965368418366,Smart TV,Malware,1
675.5963469463475,18.11236945677149,3.7204969345005043,ICMP,10347,8080,2623.3138524436913,11.905452840443212,Smart Lock,None,0
534.7230988348533,26.44301684428965,5.671682513866047,ICMP,31022,80,351.5871747852166,4.829609777783746,Sensor,None,0
291.3037496925675,432.03155200365796,24.47124186578844,UDP,8399,23,31138.35707519182,31.780667199202902,Router,Botnet,1
1177.9598928699004,1192.052544855555,1.0,TCP,12392,443,101419.19264090406,2.06060758379713,Smart Lock,DDoS,1
851.7530368781613,278.5603635075225,32.697909483905555,UDP,10944,22,40340.955083748944,43.59100450326431,Sensor,Malware,1
473.0321894944014,31.624060508427267,4.748079134906002,TCP,27256,443,4994.073170005896,6.846472158198728,Router,None,0
386.2787596589148,25.52580855810323,7.498104335972334,TCP,45024,443,4543.989614322619,8.810602353860475,Smart Thermostat,None,0
792.7171758882102,288.06082750907643,24.037769112491077,UDP,5762,3389,53320.99478139988,29.441891188080287,Sensor,Malware,1
651.3124788275582,43.679074507209705,3.2956823880688124,TCP,27290,22,4971.139006822912,10.08406656107763,Smart Thermostat,None,0
1527.2458266058272,758.0955652428116,1.0,TCP,5345,22,97293.15252346592,1.692704093383214,Sensor,DDoS,1
577.7432980983808,36.86866961334856,6.212460411768691,TCP,40929,8080,3795.0126064008737,7.822407872520323,Camera,None,0
901.6774450166995,285.52175894922976,47.282654147089694,TCP,12088,23,43189.29655233042,40.38172359305142,Camera,Malware,1
189.11488398099536,192.78234366638046,15.057345143418262,UDP,54272,80,6681.160415438636,19.98289577638344,Sensor,Brute Force,1
572.6630246269171,27.376218692898334,4.661314985957269,TCP,36927,22,4091.2937721754543,12.863883380956917,Smart Lock,None,0
825.2894632661992,27.861954419095092,3.40423447276301,TCP,24534,80,3473.284608053792,6.902808941335458,Router,None,0
613.111234507975,34.92296911938037,3.758962758702677,UDP,40409,21,3945.295563150729,13.497016269651457,Camera,None,0
489.7271242710623,10.612473729964748,2.3554272081996315,UDP,19076,8080,3300.7479018359536,9.503048572947936,Sensor,None,0
210.1831515595245,137.2236379910131,8.435712186137456,TCP,33429,3389,10365.077511077296,25.236985861212556,Router,Brute Force,1
269.3619965360889,141.56522617782122,11.131548842381903,UDP,26093,22,9595.682797294457,15.378417793690504,Camera,Brute Force,1
822.2275197123698,288.63417590160657,26.855678050322613,TCP,29010,23,55420.92944345551,16.5765270380321,Smart Lock,Malware,1
751.9768145963297,246.83448735777705,19.288010152611818,TCP,26873,23,52618.49954589544,40.269848986567865,Smart TV,Malware,1
603.9639481982048,21.89111056191411,6.1822130288611135,TCP,33130,443,3651.6306367659276,10.274579317716583,Smart Lock,None,0
724.2052256069659,227.60217323748213,25.35153223882054,ICMP,46012,22,45575.7319306853,36.218298171512146,Camera,Malware,1
589.4754328308104,32.0056913856685,4.714683773471408,TCP,28080,80,4042.173699141151,8.759152442947878,Smart Thermostat,None,0
548.5454231703388,27.33602924807491,3.7018804939174412,TCP,49648,8080,3239.1352549518233,11.705332916783838,Router,None,0
794.890891049107,48.01741947747146,4.176501164630701,TCP,36563,8080,2091.8695867747333,9.649359440774427,Smart Lock,None,0
1563.1335521163567,895.8287800375002,1.0,TCP,38878,80,113351.46768864902,3.9400961979491074,Camera,DDoS,1
1503.5894790127663,1223.0213451087698,1.0,UDP,15379,443,79594.92468226826,1.893024786806525,Smart TV,DDoS,1
692.2134669585098,27.606443725269756,2.95300501475627,TCP,51786,80,5359.187575240437,12.505333737743737,Smart Lock,None,0
64.98472376715287,498.4770461360637,1.0,TCP,39475,3389,2195.113858300886,1.0,Smart Thermostat,Port Scan,1
671.245934988705,20.659132625824043,4.6350881805442645,TCP,13708,443,5592.215135759054,10.227185074205233,Router,None,0
776.1114094427041,244.06188875662954,46.59873755884317,TCP,29118,3389,63950.91537320786,39.71722342727325,Router,Malware,1
421.75105167166464,23.715922213031345,5.362862795900724,TCP,34980,8080,3925.2374365866917,9.718003677313646,Camera,None,0
78.7021353926971,496.40672493487745,1.0,UDP,38272,443,1902.8337153499574,1.0,Smart Thermostat,Port Scan,1
573.7572857698187,42.551584167047224,5.6163501774501645,ICMP,25041,8080,4070.589575417338,10.077310581084975,Smart Thermostat,None,0
61.88612772770804,608.715102416307,1.0,TCP,57002,80,2556.218501475739,1.0,Sensor,Port Scan,1
576.9564457708793,24.418482141042823,5.906160149375526,TCP,23465,21,3897.7642720378585,9.93272707519066,Smart Thermostat,None,0
216.92146595730713,111.39469213658212,13.57902071176923,ICMP,26508,443,5751.813532690409,12.985264177619467,Smart Lock,Brute Force,1
63.88551767520693,236.9130117740898,1.0,UDP,23874,80,2481.3032892067154,1.0,Camera,Port Scan,1
542.1757833898376,29.434910526097088,6.03282856550881,TCP,30461,8080,3229.155373542193,8.385489350354785,Router,None,0
1084.1155015020645,187.30957418774335,27.813678765481068,TCP,16037,22,45478.48884264844,41.67957667838381,Camera,Malware,1
404.22159706941994,32.113864750482676,5.780909864107764,TCP,56300,21,4198.578620681516,11.468151816815228,Router,None,0
607.4936613244708,35.91252942048272,5.344062273560937,TCP,9827,80,3755.877228247381,9.93971635487261,Sensor,None,0
60.800125525938896,714.9924484806388,1.0,UDP,34341,3389,1475.4819059825923,1.0505496384296868,Smart Thermostat,Port Scan,1
306.1938931298255,39.885318628514625,5.7290500759856045,UDP,50709,8080,2499.3305972181615,6.923769616666287,Camera,None,0
675.3733150690642,18.929543179565123,3.2105459620883474,UDP,21694,8080,3994.8781332799285,9.509671304426462,Smart TV,None,0
176.35150547645108,142.17920423632657,15.652195134345178,UDP,2618,23,9615.928890906178,19.56589469186488,Smart Lock,Brute Force,1
615.9355617204927,26.29629390338893,5.684006914842042,TCP,15412,22,3123.435175816803,8.987710737681477,Router,None,0
691.503945407574,291.48503078650776,21.63472480143733,UDP,42249,80,44549.08155634219,51.4205227954383,Smart TV,Malware,1
348.78847561572434,305.1622693081853,27.829466107065976,UDP,41314,22,28984.03381938916,31.23346326436549,Smart Lock,Botnet,1
528.4191340145633,49.029074622741675,4.0931234032628145,UDP,49019,443,3836.0464999730034,8.257119434405551,Smart Thermostat,None,0
546.3015863067801,22.369427903052326,2.775177056033164,UDP,37874,80,4480.143403391611,4.766242039077422,Camera,None,0
458.7678686719545,14.361853086780753,6.2423951189058045,UDP,27766,22,4405.240091306431,8.576526311718787,Sensor,None,0
670.0800060121221,29.61939876557991,6.108129672891741,ICMP,44753,21,3940.0940623228375,13.687682741878547,Camera,None,0
317.0325596378414,405.50429005560517,24.767238308956127,TCP,34004,23,28379.641958681794,14.175524592450078,Smart Lock,Botnet,1
385.36261894162294,27.179855180647902,5.4829043192048585,UDP,20832,22,5003.476290877664,13.237946969296363,Smart Thermostat,None,0
223.048984659753,190.21161999080155,13.5598301045623,TCP,50165,3389,6260.226170041804,17.118038078196737,Camera,Brute Force,1
726.8998146149934,356.65108849746053,12.8581609304645,TCP,56595,80,54740.41667446384,38.58455387208879,Smart TV,Malware,1
595.4426496551691,46.464930754838335,6.170972464492164,TCP,41467,443,3292.202136831283,11.961958696705345,Camera,None,0
1052.5559118335568,213.2872171611772,33.081596381558334,UDP,20684,3389,36684.23642956319,27.509799299134265,Sensor,Malware,1
714.1937747456166,23.911490918546424,5.336411614222512,TCP,16799,21,3453.6756414873335,10.537515323802623,Smart Thermostat,None,0
153.1579333126231,208.49886896118466,11.713299489602676,ICMP,12883,3389,5494.101166527236,24.932406049553535,Sensor,Brute Force,1
1302.734677049759,1257.291902481081,1.0,UDP,60782,23,106056.98808785691,2.7665459129259196,Camera,DDoS,1
1118.7774553046893,837.8343699831474,1.0,UDP,36433,3389,80984.85918248641,1.7775507560360486,Camera,DDoS,1
330.15498126924456,356.19011312903956,11.34744201614075,UDP,28302,80,36725.32597836679,21.946174896800557,Router,Botnet,1
64.73596783157092,470.6846211480506,1.0,TCP,21677,3389,1541.1824383205076,1.0,Camera,Port Scan,1
179.89336720178164,125.31496627428851,15.072472829117698,UDP,60324,22,6466.189238926903,24.472718585200198,Smart TV,Brute Force,1
265.144576537971,476.25639067930297,23.91935554761694,TCP,23345,443,19803.140719281335,24.968606832761772,Smart Lock,Botnet,1
770.9737362033068,226.78984108408514,49.6247660493888,UDP,55418,80,70362.96002260843,30.455005579918716,Smart Lock,Malware,1
884.9793096699793,7.268223698788745,6.390754295721297,TCP,28680,80,4426.768922217504,9.379683509344318,Router,None,0
56.1984620171304,483.48729323083205,1.0,TCP,52413,80,1784.7033761845607,1.0,Camera,Port Scan,1
573.5558456569519,28.590121025555813,8.063557781202105,TCP,55243,8080,4750.121812136945,15.80138045556456,Router,None,0
648.6991998104522,16.70548185337592,6.139595897411533,TCP,47707,80,3862.5530071068765,11.255348106954767,Smart Thermostat,None,0
1381.4293059471215,674.4019987761068,1.0,TCP,24259,443,97559.94150125986,1.8337584157768758,Camera,DDoS,1
709.077661543548,33.074107664940236,5.34922369500241,UDP,28724,8080,5305.010488846425,7.836813655603622,Camera,None,0
191.98763329705022,154.3799627569246,22.71939494009655,ICMP,7670,443,5697.010759169911,16.88461872909531,Smart TV,Brute Force,1
549.6167951726605,28.62288559219433,1.144957728566506,UDP,30527,22,3117.0280938860255,11.243269988435914,Smart Thermostat,None,0
496.20983009442426,18.45851064413072,8.071814098485264,TCP,8713,8080,2237.8819875274557,8.062104604318675,Smart Lock,None,0
470.73246677871947,9.025490423898582,3.2115852960410454,TCP,30363,8080,5381.707593377797,9.505186673811345,Smart Lock,None,0
886.8397057690299,165.20387465598523,17.976429292105927,TCP,19454,80,45019.20172501685,55.00589357327574,Smart Lock,Malware,1
220.95455471179264,136.37906353424924,18.873539114321545,ICMP,7866,22,9668.345782292297,23.7294897834185,Camera,Brute Force,1
440.8557262610718,25.23115976966722,8.097451116925724,ICMP,62498,22,2522.857034887573,9.486301767723022,Sensor,None,0
1578.6288538095168,1034.8597614439655,1.0,TCP,19382,23,72234.15559780432,2.801830842459153,Router,DDoS,1
1473.4007261980398,899.4135020748963,1.3146937796667257,TCP,34971,23,87950.33005688494,1.4341728831554428,Smart Thermostat,DDoS,1
223.8119698918933,141.83448015993136,14.478774448348947,TCP,55574,3389,8732.039269249432,23.715152163844568,Smart Lock,Brute Force,1
510.03452928926686,24.43808041150875,2.440318084719959,UDP,23375,443,5359.220600295612,10.765640250567625,Sensor,None,0
232.54624442782608,451.9398240902582,17.97255291147054,TCP,48901,80,22507.0720092835,37.45284114229729,Smart TV,Botnet,1
404.4103668814285,543.7423619033141,14.130611527262172,TCP,58828,22,22127.342814851276,16.018955517772152,Smart TV,Botnet,1
734.5631018493496,33.524624971887135,5.677989020949652,TCP,24327,21,1813.5935599828495,12.906221595770674,Camera,None,0
194.46578644781852,197.42240126460925,11.693091719280677,TCP,17380,22,9059.323418713317,23.94411390175257,Router,Brute Force,1
1348.6899878325291,1077.2354678999873,1.602608092086946,TCP,18848,80,90632.71042902916,2.125831348560394,Router,DDoS,1
516.5889718470419,37.60133085375854,5.458422748230137,TCP,7889,443,3820.388586168541,10.590328289970872,Smart Thermostat,None,0
500.3730260222764,22.501866617154825,4.528341275650295,TCP,4430,443,5771.341242267684,9.70466199307636,Smart Lock,None,0
649.8827236248194,36.87692185117782,8.93225494275118,UDP,2072,80,3537.478616057175,4.078951970774195,Smart TV,None,0
816.0282697469754,167.25784424960392,21.900839617103205,UDP,64838,3389,63429.92652430628,40.24647713401942,Smart Lock,Malware,1
600.7907126159357,32.36955388719246,4.790083687999655,UDP,58432,21,2219.2618924365297,7.590279724144885,Smart TV,None,0
681.5741646547962,276.744605590144,38.60982650860692,UDP,27095,80,51330.229205276635,30.625486151496805,Sensor,Malware,1
1073.7613161284855,1170.5762545255238,1.3386473388767515,UDP,56514,3389,79448.38782157848,1.0,Sensor,DDoS,1
737.9135050779952,198.13004472665767,30.114862307881722,TCP,54329,23,66380.65520492152,42.4001322773528,Smart Thermostat,Malware,1
396.1002661168108,39.68278354591481,1.6342604567683905,UDP,38092,21,4586.2223313592785,12.133679739378564,Sensor,None,0
686.2840407994968,34.2141090704854,5.906122211788604,UDP,62350,443,2697.6785948999677,9.412289275021072,Smart TV,None,0
972.0540745406934,273.6020041544209,21.283185692531944,UDP,6231,23,50334.28054347476,29.890415059974863,Smart Lock,Malware,1
499.15441513574183,37.12231306132046,4.177331535459404,TCP,63835,443,4759.05056552221,8.260282518064217,Camera,None,0
346.17785027256014,30.300065385309402,4.433673342226988,UDP,46136,21,3744.8358249785456,5.391183057867266,Camera,None,0
259.0528339034396,32.667361679766415,2.872880541130565,UDP,2213,22,4542.858224477596,13.073538026280069,Sensor,None,0
245.85063017832852,336.9789567873381,21.387345255767123,TCP,50764,3389,34953.15244427445,11.554248781748667,Smart Thermostat,Botnet,1
550.764316967648,43.74907711467967,4.193852277987711,TCP,42701,8080,2189.5542956416875,15.900605928738,Sensor,None,0
191.95344238871638,132.00476775020113,15.007858410526481,UDP,1666,3389,8661.172516806277,15.811310108932012,Smart Thermostat,Brute Force,1
325.9784755747685,44.111671741492756,2.657109627947462,TCP,29225,80,3681.7935278674154,5.324748160849371,Router,None,0
62.22441393669934,562.6620683424773,1.0,UDP,35981,3389,2806.945094890256,1.2621814762558015,Sensor,Port Scan,1
626.0786513784774,276.8417373466963,27.997057048378533,UDP,26908,22,35291.8618715568,40.08676101977693,Smart Lock,Malware,1
537.5883832849661,18.005981741759648,1.0,ICMP,13711,443,3394.550512128035,14.558574037927553,Smart Lock,None,0
282.84596372993246,34.693606596207744,9.545983651958778,TCP,37174,22,4182.914730128705,9.780345028048536,Router,None,0
246.3241400361994,141.39184694389385,25.056299567786972,TCP,46095,443,7733.820840236999,16.654944991480107,Camera,Brute Force,1
529.4445210794398,12.236017036577053,3.692073732726156,TCP,21505,8080,4908.062843517985,6.39191024229691,Smart Thermostat,None,0
57.800781096343755,512.1677980946084,1.0,UDP,57487,22,2053.594920743187,1.0,Smart Lock,Port Scan,1
294.6987260606585,645.178243031582,11.925226414969956,UDP,1915,80,27673.284744180295,22.396801134136116,Router,Botnet,1
344.7195197275326,442.486876651094,20.698621583501197,ICMP,57177,23,26176.386524948684,17.80599324867944,Smart Thermostat,Botnet,1
471.14753635155887,31.02031297240574,5.15797743268002,TCP,22047,80,4352.034471802925,7.0341185516961815,Smart Lock,None,0
629.0867560993031,33.567562903083584,4.391044384506946,TCP,18084,80,4012.5785023518333,11.970455580160413,Router,None,0
842.8967690557647,33.01124742852024,8.212722301261437,UDP,23956,443,3010.804228369321,13.179260832454705,Sensor,None,0
1063.0619002587548,245.88916029400215,27.952579382218442,UDP,34403,80,39166.460418973606,39.2866651997434,Smart Thermostat,Malware,1
954.8637734263522,230.691591398377,20.90870801233568,TCP,39065,22,52403.7633555345,37.895268035520694,Smart TV,Malware,1
408.1573381855635,18.15034791715786,6.103909792611198,UDP,65184,22,4817.711606262912,11.308838359698592,Smart TV,None,0
217.42554278802535,166.4967757968608,11.441616980745788,UDP,4941,80,10499.420317524527,10.426149951381593,Smart TV,Brute Force,1
455.06217326170184,16.183686760649227,6.88276390098069,UDP,51499,443,4092.2656001431774,6.389199355313641,Router,None,0
642.8720814641503,23.472037061542053,4.745493382029425,TCP,44654,8080,3736.4098498417566,14.009138373630472,Sensor,None,0
156.16897048430238,153.82366514517216,13.01564898715514,TCP,42151,3389,10036.053014378602,13.416641511040918,Smart Thermostat,Brute Force,1
1273.5501630656777,814.1951871064014,1.0,UDP,41062,23,80398.49475750298,1.1927628419853857,Smart Thermostat,DDoS,1
513.2474870734662,25.91666837173331,2.2037806804022986,UDP,38158,80,3723.2999099142867,8.2117333010315,Smart Thermostat,None,0
230.766750671531,99.72474682230717,9.857109872443342,TCP,22474,3389,7400.772843248842,20.24721840928066,Smart Thermostat,Brute Force,1
726.162683164191,264.3910504159444,40.038289517032055,ICMP,32189,80,58679.39858025264,29.872541047250884,Smart TV,Malware,1
492.91493392339333,53.90222710651804,4.029207594171754,TCP,43036,80,6331.024671558071,12.458342717853693,Smart Thermostat,None,0
489.51544754082,23.069194480117922,3.72953193775534,TCP,22124,21,2953.8177802694117,4.945411493472625,Smart Thermostat,None,0
877.6069252816483,250.46514616602366,27.838872715966517,ICMP,62779,22,48222.089887261725,43.44301211773721,Router,Malware,1
752.7488357243999,42.40596546193072,6.570121836499972,TCP,41988,22,3905.1553930714977,7.6737786279689395,Camera,None,0
379.441027042213,335.8323741549915,18.521761737511817,TCP,45456,23,29019.98038678882,15.788702165871001,Camera,Botnet,1
449.4395270425161,39.78592863664964,3.923401809366701,TCP,10928,80,4704.1903451231665,15.822600817545606,Router,None,0
266.34635276488905,270.44610052521693,13.696682023570856,TCP,15425,22,30561.965085869124,34.39491179167766,Smart Thermostat,Botnet,1
480.2418766947259,12.47901427273029,5.188366116464624,TCP,47720,80,4336.400938689872,7.2525295681106865,Smart Thermostat,None,0
1331.9122775157098,890.426672690926,1.7426254418793827,UDP,15432,80,101633.56980095436,2.438840986230929,Smart Thermostat,DDoS,1
1705.597963242386,982.4221674914237,1.0,UDP,53170,443,97568.676229248,2.3092040924436557,Camera,DDoS,1
483.4541373269317,30.749270785662265,7.078507219268121,TCP,35443,443,4188.710963411218,7.887520187276452,Smart TV,None,0
445.2234626930333,41.32234572179247,3.711265759573954,TCP,15142,80,4455.02372034752,14.335377870779602,Router,None,0
432.282411468651,37.831365352724504,4.625201558192032,UDP,50270,21,4170.338770806788,12.804046188688991,Smart TV,None,0
54.96667062117226,495.06000569894616,1.0,UDP,23060,23,1664.987170224204,1.0360380297733727,Smart Thermostat,Port Scan,1
427.257566283904,40.512259737259264,8.551396064731428,TCP,39606,443,4388.6252741444505,7.427962742337477,Router,None,0
345.6327997899564,16.39741633710673,2.1457271956275177,UDP,33651,443,5125.043921708026,9.959752639225574,Camera,None,0
56.344268687181575,533.1780849812236,1.0,UDP,2197,22,1257.323902724646,1.3816203660031614,Router,Port Scan,1
471.64802659627975,25.468052660312644,4.668470166692256,UDP,28373,80,4461.553917961279,8.646996311659617,Smart Lock,None,0
241.2790392728745,20.848753405204988,5.814527787470937,TCP,25871,443,4158.448050499735,13.067221676081417,Smart Thermostat,None,0
379.7149105080539,12.594970109721842,5.034669258302615,TCP,7089,8080,6010.926112400514,11.646948622230733,Smart Thermostat,None,0
907.6900633917584,151.50057280511925,27.86676737753128,UDP,33512,23,53700.496832654426,34.18877666401031,Camera,Malware,1
484.9946700968139,23.899011339428863,9.599328139229677,UDP,32497,80,3804.3776691923117,10.777862924604724,Smart Lock,None,0
472.9482260926281,17.229835550297718,5.13983916198965,UDP,40873,80,4397.0333000154915,11.666746265950374,Smart Thermostat,None,0
1165.20236371139,1196.2300704512777,1.0177677682853663,UDP,64570,3389,79253.96834662114,2.276727271222608,Router,DDoS,1
539.6347934739911,27.882661974556058,5.997438882139447,TCP,59722,21,5997.514177804763,10.397039519208018,Router,None,0
43.284180626456795,556.8624372581234,1.0,UDP,34335,23,1529.1131546906308,1.0,Sensor,Port Scan,1
400.2361161443234,31.451667803970125,4.613678646122743,TCP,31476,8080,5410.762854312205,7.67694429733545,Smart TV,None,0
506.8892085725789,18.82672397948725,5.8292325700534064,TCP,12274,22,4219.584927179944,9.22388229494281,Sensor,None,0
344.74925863814497,490.3494098502682,16.77777839999639,ICMP,32755,443,33287.125066841974,24.499576457628752,Sensor,Botnet,1
253.94007410306637,188.66072602181748,11.426442266643404,TCP,48268,443,6746.51697913478,26.06060487929026,Camera,Brute Force,1
837.9770857033047,250.73001167736075,21.60547523679874,TCP,56040,443,43472.5268891896,43.11245396230415,Sensor,Malware,1
188.8805023854881,180.7075993987502,18.173311466865375,TCP,32162,443,8389.844360022662,13.527393863791552,Sensor,Brute Force,1
833.8517259754909,313.87461315737414,28.90995647619558,TCP,22068,80,62792.6199498312,37.715611397425526,Router,Malware,1
1176.3406823093326,981.9107742443779,1.0,TCP,12611,443,97542.37086944365,1.0,Smart Lock,DDoS,1
214.98447581866995,139.68298227662265,15.827861699852237,UDP,21974,443,9034.441193375184,18.809687859589356,Camera,Brute Force,1
338.8983983700935,477.8500698440995,28.390661902301925,TCP,31107,3389,28482.7291832977,11.989337482039984,Router,Botnet,1
323.763268362165,36.32868323557288,3.433197892206759,TCP,23112,21,2742.6175250186297,11.530416146840324,Smart TV,None,0
191.2128084285356,191.99987357720343,15.756784011516025,TCP,7415,80,8554.62065403805,16.54664157411471,Router,Brute Force,1
398.73739097547946,36.22258748270206,3.3910043609151774,TCP,58363,22,4354.621160775023,9.295211715255183,Sensor,None,0
72.08814499560505,566.6643232898068,1.0,TCP,39770,443,2133.8429166922883,1.2524249146403097,Smart Thermostat,Port Scan,1
400.30761420735973,31.459382941447743,4.965924221325074,UDP,20751,80,2234.7796846971505,12.921457215151927,Smart TV,None,0
692.105014841251,32.00005308218255,1.0,TCP,8059,22,3762.976126960233,12.145017432980719,Router,None,0
497.98386109948535,21.4695607242642,6.758795949725657,ICMP,51733,21,5127.241206968033,11.402528026756137,Smart Lock,None,0
687.3725842164288,18.72219235108286,4.24038697642021,UDP,56580,21,3673.73799497696,14.282455851053514,Router,None,0
669.5129480763478,39.369665419143416,5.142589226994874,UDP,23654,80,3780.3688480825845,10.757037494024342,Smart TV,None,0
812.8527037846632,217.8785255369366,25.576061871720583,ICMP,19478,3389,46403.73040216388,33.16118605027842,Sensor,Malware,1
469.61713455267136,45.790031115898884,5.877336334834019,TCP,37733,21,3914.4273202113745,11.231654905174887,Smart TV,None,0
216.0132882157552,150.73321925002548,15.108259663784311,UDP,31261,23,8536.223918851929,16.440794550435303,Smart Thermostat,Brute Force,1
67.9960898787338,400.4845731661113,1.0,TCP,42057,23,2104.4046051992405,1.0,Smart Thermostat,Port Scan,1
828.4391004079191,298.02090730553124,37.48392255067364,TCP,11279,22,50017.437500577995,38.81474323652089,Sensor,Malware,1
350.6370485784443,510.7925550116201,17.534918419404715,UDP,43928,443,23056.717181898668,23.60890018071808,Smart Lock,Botnet,1
312.444788584914,424.29854646715256,19.29531274836598,TCP,40495,443,40370.79233282962,25.854708091279345,Sensor,Botnet,1
59.31271950511455,401.0337939797764,1.0,ICMP,51127,443,1327.3728790546234,1.1056336200145498,Smart Lock,Port Scan,1
329.5597580058176,466.89584925446945,20.649305609783195,UDP,25916,80,36677.70137815358,32.38226991608171,Smart Thermostat,Botnet,1
206.18618380424272,162.97591649306756,16.152196917292162,UDP,49536,443,6801.514601093708,24.236491472510576,Smart Thermostat,Brute Force,1
656.5416436538661,22.594841794988803,7.018199607468011,TCP,44050,80,3593.866354529014,6.914487277176191,Smart Thermostat,None,0
50.07095911599424,713.7107480897448,1.0,UDP,18010,22,2070.515103559924,1.0,Smart TV,Port Scan,1
1707.28858931497,947.4744568213189,1.2126380805715704,ICMP,56823,23,103105.23345777106,1.2033870335368588,Smart Thermostat,DDoS,1
221.62469290055688,151.41165662710574,16.10164798404631,UDP,63032,80,7990.847711724868,15.18839839111034,Camera,Brute Force,1
1165.365348851886,929.5617850762437,1.0,UDP,41273,3389,87218.06595863533,1.5392980924620727,Router,DDoS,1
844.702159624428,236.27052034666175,33.57910168541144,UDP,52119,22,36658.97691519906,41.45227079555137,Smart Thermostat,Malware,1
58.69036563470506,505.13823521684554,1.0,UDP,32191,443,1196.6486252442737,1.1771114632166415,Smart TV,Port Scan,1
178.74311853748193,126.16871580438466,14.595993376479573,ICMP,33766,80,10596.369329017038,14.242569042622172,Smart Lock,Brute Force,1
340.9818380996324,384.20624658682937,23.336167248557505,TCP,5679,3389,26956.60753089265,28.445938869752034,Sensor,Botnet,1
453.6993470466054,23.31729994694702,5.5135675630277134,UDP,53717,22,3046.429185305973,11.11182432647286,Camera,None,0
704.7157775989916,241.0080356549295,40.018940254503725,ICMP,11990,443,63800.92694879624,33.076535465061546,Smart TV,Malware,1
1341.5829094501241,789.969143327947,1.476952670170895,UDP,41366,443,92625.48775484475,1.383907917935895,Camera,DDoS,1
189.6614088182726,177.05943885527745,9.279839515395485,TCP,51470,443,7923.180237197234,14.257722647889796,Sensor,Brute Force,1
178.97074735737266,153.7696042212133,14.771958190951842,TCP,53894,22,8926.94123267342,21.089546603441143,Camera,Brute Force,1
557.6401155057655,55.319046777421775,7.960198407427832,TCP,27919,8080,3116.8003688448753,12.36672365014972,Smart Lock,None,0
419.32209604155025,44.69723764508545,3.8283727863282344,UDP,4162,22,3547.381060346056,9.263349504397942,Smart Lock,None,0
301.03186577554254,336.81901412693094,17.28946446156307,UDP,31226,443,25885.033915159565,21.478251167707178,Router,Botnet,1
62.43732741192913,680.5799434200297,1.0,UDP,36100,3389,1817.637031930137,1.0,Sensor,Port Scan,1
514.797128533095,25.291261202842392,4.119821978825737,UDP,14003,22,4382.871135371471,7.015578288565745,Router,None,0
347.0029294472073,372.6422482111887,14.802881521208052,ICMP,59018,3389,37783.15854416244,26.19933429488136,Camera,Botnet,1
209.15888669775188,385.99064378628,29.657802213854563,UDP,32784,80,44113.88338387433,28.03041886090072,Smart TV,Botnet,1
578.0887313188673,29.344534582170375,6.1537706211973004,TCP,15310,22,4114.117571138614,6.211976463945033,Sensor,None,0
802.4850430589563,38.856856536527324,7.608660265320957,ICMP,20933,8080,3212.998016527458,2.317787843024135,Smart TV,None,0
441.21773496930194,11.874116334313584,5.536717976037045,UDP,25251,21,4422.18666143744,8.954239102135038,Smart TV,None,0
337.88767496396815,301.18688222596165,18.694117668585804,TCP,49397,23,19352.08837897657,24.311139435811917,Smart Thermostat,Botnet,1
332.82418502694776,495.47210611540646,19.2061396223934,UDP,36690,23,28041.524339298678,7.465738741390204,Smart TV,Botnet,1
351.94745548399914,424.70804466430116,17.222664947448628,TCP,29450,23,39967.28306143386,20.941197898593636,Camera,Botnet,1
1133.4670400138493,657.00686627914,1.158237192744096,TCP,29724,3389,92874.89491911972,1.9736944213850234,Smart Thermostat,DDoS,1
726.7186234945481,213.70695740721226,39.395198967748335,UDP,14688,22,38056.06207457429,33.348595247128536,Smart Lock,Malware,1
1752.2580656029959,1027.1677960434845,1.106962713488635,UDP,3525,443,80114.01266592051,1.509998399826367,Router,DDoS,1
53.14118835014909,401.06917914913174,1.0,TCP,53897,23,1860.9112419295016,1.4994828553518036,Smart Thermostat,Port Scan,1
273.5416183464256,395.62385478251736,14.62832138065476,UDP,28183,23,26675.994324698113,6.897907536189475,Smart Lock,Botnet,1
54.39047273164783,709.7654056581918,1.0,TCP,40298,443,2201.363222326582,1.3109915753773036,Router,Port Scan,1
181.11876403168256,122.14828029632824,19.080237432930822,TCP,37011,22,9357.93547830447,16.749471893734494,Sensor,Brute Force,1
333.7063496002458,410.89754393646814,22.15310921828581,TCP,41300,22,14934.426809717166,37.97405420932467,Camera,Botnet,1
776.4598199699575,238.2663904759069,44.56245756947554,TCP,52015,23,34119.25338857387,63.22517844506068,Sensor,Malware,1
719.5843110407255,277.1863077394339,35.28312604638935,TCP,45227,22,48170.26516239544,29.203940645452814,Smart Thermostat,Malware,1
181.70538685284134,146.30560784719125,5.772152533395575,UDP,17665,80,6506.46342718958,13.938668897407373,Smart Thermostat,Brute Force,1
822.8029919217926,243.9735529961137,46.667631181604875,TCP,25816,22,53814.233170420484,34.8226621151694,Smart TV,Malware,1
568.9225139935082,28.46449677829962,6.056037359389045,UDP,2808,80,4137.75369227713,11.355766850180947,Smart TV,None,0
448.86973157227214,30.252628310983905,6.085352693120658,UDP,60399,21,3538.06481073297,6.0148143836106716,Router,None,0
552.1271031901761,14.970589127527594,1.0,UDP,1524,22,4475.502333151882,8.425202455735963,Smart Thermostat,None,0
984.2783097036526,224.36434719327755,23.592173176337862,UDP,54741,80,61997.3738564273,42.765685932428944,Smart TV,Malware,1
524.1989051161377,19.90849658633158,5.6106565746973835,TCP,53077,8080,3788.8895149489335,10.855371524026816,Smart Lock,None,0
418.7611582865403,42.19963294777054,4.043670150967691,UDP,40273,80,3722.6617912063316,13.716549654020376,Smart TV,None,0
396.1162182941881,42.81333856464519,5.149553578271023,TCP,24205,8080,3340.5023038267304,15.032708349626233,Sensor,None,0
1190.2251512599305,971.7987250706522,1.4415019902012634,TCP,20879,80,94038.12819796996,1.317907146491943,Router,DDoS,1
1189.6569013364895,864.6735946506211,1.0,UDP,44246,23,102785.5647353984,2.2774114764026354,Sensor,DDoS,1
190.55551849527575,172.47369515809743,12.430628721656982,UDP,48436,80,8625.488882950609,19.372385309527544,Sensor,Brute Force,1
1434.8799208646442,1148.5135980629054,1.3633975584280416,UDP,2941,23,83713.89060874507,2.4602748992105345,Sensor,DDoS,1
577.0780575800593,36.6252612978128,1.9553715387838806,TCP,44154,80,6446.317858910324,5.2153742079532,Camera,None,0
405.6181863201104,38.737662540561956,4.880998943426526,ICMP,42718,443,3975.8051117686455,8.311652785954868,Camera,None,0
500.6223738390824,31.953809159387987,5.723625889209965,TCP,23875,8080,3112.609977997546,7.105784670965973,Sensor,None,0
1454.9666798906114,657.072577622449,1.0,TCP,60699,3389,88713.38711408417,1.3906600028567082,Camera,DDoS,1
193.27956429435164,177.94322727955108,9.334353567060491,UDP,33818,22,11413.32916869151,14.36807834618671,Router,Brute Force,1
341.1209486323867,22.26804883157123,6.018235138101938,TCP,54813,80,3875.667179151099,10.587796193331908,Camera,None,0
865.1031908617808,274.68526168534316,40.415531767442076,TCP,16614,443,59903.10380823296,36.82754852044147,Sensor,Malware,1
266.6113232548954,319.32026997546876,30.632593900576516,UDP,6267,22,31489.111704552946,34.4051442649959,Router,Botnet,1
674.9804968974931,30.701355183661274,6.612200433600273,UDP,41248,80,4786.51675133183,9.883269895641348,Smart TV,None,0
185.84214692624738,158.51277013057413,12.274527523080398,TCP,15313,23,10236.572765724059,12.333992843544554,Smart TV,Brute Force,1
390.7310139294262,35.585489592742235,4.556927768538399,TCP,46064,80,4701.663648089567,6.894765657878077,Camera,None,0
661.3285966508292,29.803398129149127,7.171072266362401,UDP,29458,80,2213.3811798703227,13.34989796848482,Sensor,None,0
455.8885440607777,22.724263181786057,9.24334997013188,UDP,11105,80,4576.2891917182105,6.990047828914946,Camera,None,0
1222.084438897414,1059.130143169254,1.0,UDP,26249,23,57477.032961223944,1.8626090126281702,Camera,DDoS,1
381.49786641815666,36.784028752966336,6.2806047353314725,ICMP,52298,21,3839.6233640547366,5.770139529956666,Sensor,None,0
422.1969903650089,47.581109162143385,5.145849783434266,ICMP,40143,80,2402.572378833438,6.957520923579363,Smart TV,None,0
56.8321069874365,545.4051302611269,1.0,TCP,27286,22,1895.406154705031,1.0,Smart Lock,Port Scan,1
182.57362054729933,171.10556290662126,14.059952058318377,UDP,18467,443,7023.917809283814,25.608319775542583,Smart Lock,Brute Force,1
60.02218284989736,472.9331768261653,1.0,UDP,11944,3389,1783.2623642480494,1.0,Smart TV,Port Scan,1
496.11304678622747,41.041833821696926,3.8197790956851234,UDP,43301,443,5418.906048695304,11.177496811004842,Smart TV,None,0
59.265904916124725,756.9772912207259,1.0,ICMP,4922,22,2686.5709925908327,1.074661323029937,Smart Lock,Port Scan,1
623.7695675528846,44.78031794326964,3.5984147781621165,ICMP,23861,80,5306.285386519303,13.363013220748908,Camera,None,0
360.22062842467517,50.08755386185139,3.081144493716264,UDP,5455,8080,3069.7353127299493,14.549105940176009,Camera,None,0
377.62877775422436,39.121523959767785,3.5560109205265764,TCP,14299,21,3355.5442351172837,7.971259907909154,Camera,None,0
706.1719995487787,27.60286221469198,5.105224151822761,TCP,10722,22,5366.679178718283,14.873493537870267,Smart Thermostat,None,0
608.4590826331421,42.888323923109894,6.939795387310825,UDP,40293,80,4077.96139746004,6.292762064302145,Smart Thermostat,None,0
377.82588661775776,35.312232285925816,5.227599130680593,TCP,31617,8080,2730.910385140188,9.917699937448829,Smart TV,None,0
529.8466712382824,26.02969200421275,3.7763902330804084,UDP,58224,22,5144.593338827381,11.796502517968207,Smart Thermostat,None,0
792.9665638772397,227.5739303571394,14.863386279840618,UDP,46278,23,32879.566062502534,34.747351166569295,Sensor,Malware,1
1158.5053271339577,824.3721157049066,1.1297424716405247,UDP,20300,443,50211.845753041496,2.281604579728513,Smart Thermostat,DDoS,1
450.77324069725773,32.39658696558959,4.291862381261084,TCP,11252,8080,3176.3040234286664,11.367069755664764,Router,None,0
189.93199610036268,118.41086252653588,15.32745538764612,TCP,39556,80,10537.903212456264,27.3309810729522,Smart TV,Brute Force,1
397.99709987452457,16.940176272123928,4.8571091939047895,UDP,47068,21,5227.291146642192,7.449377874582828,Smart TV,None,0
888.5934507315876,252.43311391955393,30.406734790703887,UDP,57911,80,50233.09648054958,47.49195502782085,Router,Malware,1
417.38574588749424,33.58352651014036,8.562076918484589,TCP,29270,22,4462.3856588503195,12.374496796254475,Smart TV,None,0
248.8040264751905,155.5696060633581,10.906967056885268,TCP,2981,23,6609.460224836139,22.680919676671273,Router,Brute Force,1
502.2590115897257,31.47958465424792,4.6185602443837945,TCP,8989,22,6507.724785506933,7.687824545505373,Smart Lock,None,0
61.85948214950508,594.6172573421624,1.0,TCP,27400,80,1767.3402623871073,1.0,Smart TV,Port Scan,1
534.4772723091191,36.207548206407566,5.874896869723067,TCP,44473,80,5175.685403231017,4.710743217298212,Smart TV,None,0
473.5017457339605,37.10274876471176,7.60946339964304,TCP,2296,8080,2563.760581687146,16.09111897227731,Router,None,0
363.18068970485234,18.80464124729474,5.895627433445421,TCP,39962,80,3812.3290090715477,10.83443117936388,Camera,None,0
433.54818153966056,15.97904003957235,3.499249383347042,TCP,33842,443,3924.272463671157,12.113235005668296,Camera,None,0
164.86117565029903,120.46974701358684,20.164112091142357,TCP,25547,80,9365.940395404426,15.755901005998354,Camera,Brute Force,1
79.38778410021243,753.7185215007147,1.0,TCP,5565,443,2029.011221054387,1.631676411052451,Smart Lock,Port Scan,1
352.95298406370705,45.012358638272104,5.803856566157625,TCP,21749,443,4013.23667280167,12.207200080840492,Smart Thermostat,None,0
441.43761181256787,45.44449478118673,3.6540579645450704,TCP,9377,443,3242.3882754577526,4.874800321139957,Smart Lock,None,0
540.1693888271351,36.76225446402594,4.603933603122197,UDP,34106,443,6052.019623763294,6.722392048683654,Smart TV,None,0
610.1685960338099,39.95030778384006,6.153360468259821,TCP,39402,8080,4590.643079996874,11.888193836570151,Sensor,None,0
324.78397641778633,19.332207624426,7.714675167999612,ICMP,30816,21,3163.6985800440784,12.278601237289656,Sensor,None,0
380.8007447930376,33.92030398057523,9.545317981786663,TCP,65048,80,4410.368702671538,8.589973842953958,Smart Thermostat,None,0
539.4041567397845,31.787409632863273,3.767413823615784,TCP,46638,22,2928.2986731382557,8.939155775159067,Router,None,0
486.831898204378,33.527201630263434,6.533645743568488,TCP,47801,8080,4823.753131876182,9.822152061922203,Router,None,0
547.0431933271894,31.143491098205963,5.754264968622055,UDP,37106,80,3024.4718209852585,12.144781402301208,Sensor,None,0
455.3702502414452,12.432782175214175,5.655990967428219,TCP,22844,443,4863.828013698188,9.014424330631318,Router,None,0
473.5526607804661,45.303978014539084,4.044196920453133,UDP,59783,80,3390.4421477363644,7.57653284406552,Smart Thermostat,None,0
226.91163155338973,36.409907193949735,4.773663180542205,ICMP,11965,8080,3416.3196431938186,8.414721606653423,Sensor,None,0
43.9697489979644,561.8970007360135,1.0,UDP,4569,23,2105.943803622449,1.0677272029254257,Camera,Port Scan,1
205.57124112642913,142.60656780245694,24.998965301330372,TCP,63809,80,8278.407982465531,12.434990018814997,Smart Thermostat,Brute Force,1
435.7693320043306,15.375426151458473,6.559739225045552,TCP,31315,22,2459.265503735918,10.896754457752452,Router,None,0
416.68834853023174,20.573200854686597,6.873138711713576,TCP,33849,22,3936.491325561731,12.194477223822805,Router,None,0
528.2143931781998,42.15482416497694,8.231964848324095,UDP,10327,80,4748.813885982477,7.9997474493794325,Smart Lock,None,0
263.55285533581934,161.57107457905693,13.050475026358843,TCP,29151,3389,4871.554670287207,15.757679867082548,Camera,Brute Force,1
726.5508765835359,29.9888027800211,1.0,TCP,46826,21,5575.92028854539,15.492862866269697,Camera,None,0
490.1209186168719,42.70042933926925,3.933495634634607,TCP,56451,8080,2302.3776904818774,14.285014918791738,Smart Thermostat,None,0
75.92480615413143,624.2606996385688,1.0,TCP,59180,443,2032.8737408271027,1.0,Sensor,Port Scan,1
1538.9132641240762,945.1333115840389,1.0,UDP,15363,22,79491.53839938987,1.0,Smart Thermostat,DDoS,1
576.0874827294838,43.788866996062104,8.262091087815904,TCP,56606,22,4197.330130946021,16.41904523217314,Sensor,None,0
57.23314538175091,513.1895673996892,1.0,TCP,30626,3389,1902.955048074381,1.1403035131921324,Sensor,Port Scan,1
520.9783192424968,6.425125410126839,8.761752614015698,UDP,41732,22,2621.898658465976,8.586999216252249,Smart Thermostat,None,0
1305.5751609588508,938.2259750378303,1.0,ICMP,36898,3389,90565.32217643718,1.4198743449616194,Camera,DDoS,1
301.76790697067474,372.50773788615663,19.595773716617906,UDP,18247,443,25360.83325416741,33.11105443266701,Smart Thermostat,Botnet,1
502.104428200767,19.736015458848065,4.019723303521241,TCP,22692,80,4401.748919319746,6.630466053736114,Camera,None,0
896.600898038753,234.98002835194401,25.063411857441842,TCP,53458,3389,42030.728402715664,23.140007529464413,Camera,Malware,1
362.9674128629115,30.063390623622684,10.195347453191665,TCP,53168,21,4091.520178173208,11.74233128598939,Smart TV,None,0
736.5348765024925,296.2115742975294,21.142003108180408,TCP,31777,80,31298.990299757203,33.40416521965465,Camera,Malware,1
588.5018682160504,20.66382319990123,4.58912488426474,TCP,29861,8080,4840.308137457396,4.818038730422954,Sensor,None,0
1601.504673155405,863.4497099276408,1.0,UDP,63984,3389,101123.47363597095,1.3090974131759334,Camera,DDoS,1
410.8495078509157,37.413665309309046,6.149783835827861,TCP,30266,21,1463.5699950519947,11.786160561936407,Router,None,0
548.2928904012226,25.70527354105499,5.629492611179176,TCP,49889,22,4009.5522862568464,6.698304000909545,Router,None,0
376.2557517872498,30.091732481821293,4.767466709379269,ICMP,61752,22,2335.6436066697993,17.48178101718397,Smart Lock,None,0
677.2872361004042,24.57442179888175,5.924424978021249,TCP,61063,443,4602.652446306499,9.452500472049215,Smart TV,None,0
460.6228601424007,24.91879007584313,1.7083976558219724,TCP,34167,21,4849.670252448494,8.405629293079615,Sensor,None,0
473.8778367878412,26.161990742922544,5.576438126180649,TCP,8672,443,4078.598706115037,7.965785414519503,Smart Lock,None,0
593.9021816806878,45.5356466849423,5.736293110396814,TCP,57689,22,3765.200605885582,12.486134218386924,Smart TV,None,0
429.8316707318649,24.942578954230594,9.080986828649074,TCP,41584,8080,4248.39406504654,11.000806914023645,Sensor,None,0
526.2726616485963,40.652793716991994,6.505603645883542,TCP,50906,80,4209.67930909149,13.298055226862967,Router,None,0
704.8121168502768,32.16204676322688,6.609761131724758,TCP,3685,21,4010.9828925824013,14.307982053303142,Smart Lock,None,0
176.45310082980538,133.60484993087914,11.807282089059994,TCP,2679,80,7161.91823816382,18.57757343688291,Router,Brute Force,1
535.5403501554488,39.91436093317513,3.3460683129061186,TCP,14545,443,2063.99887091587,9.827290712783787,Router,None,0
226.30119732127594,133.1000556905588,18.984198988046064,TCP,62706,443,8214.671653569942,21.851945994986817,Camera,Brute Force,1
474.1821001074645,21.866095876533237,3.92092963615772,UDP,41469,80,4604.791582550568,13.242568614852614,Router,None,0
220.73920790278277,129.2975470019768,14.761354000146158,TCP,20279,3389,7092.351721742381,16.79289349560582,Sensor,Brute Force,1
590.9165395418892,34.71067274849391,5.551381465484095,TCP,36115,22,4670.221456991591,12.259336902633326,Smart Lock,None,0
1271.54551240184,892.3259887818419,1.0390152256580918,ICMP,19073,3389,72837.94517891263,1.424967395009439,Sensor,DDoS,1
178.0779084610158,152.47662115860953,15.29950645696299,TCP,28025,22,6777.349594710029,30.35506162356735,Router,Brute Force,1
61.95589464732944,733.1796914688038,1.0,UDP,57499,23,2066.408420358655,1.337237345486234,Smart Lock,Port Scan,1
314.0891388386908,24.891654409469844,2.852595174564398,ICMP,52182,8080,2952.9082792335457,11.751359635878845,Router,None,0
802.4835181095633,169.88223665294177,50.64154790993277,UDP,20755,443,43737.62566586558,32.196399839535744,Smart Thermostat,Malware,1
471.9343386898478,41.011925333791986,3.9585364172034327,UDP,44720,22,4499.022600717744,14.92854450655955,Camera,None,0
858.0505253318059,265.0706104068059,29.183142508754077,TCP,54869,23,74794.03452154822,43.01223899161447,Smart Lock,Malware,1
331.4250142867607,41.226782545637384,4.811610849298333,TCP,10490,80,4625.6755715961535,6.206374024156258,Smart TV,None,0
410.5843019323173,33.819630334848085,2.3152913250675975,TCP,59259,21,4572.415582563194,12.722786707926986,Smart TV,None,0
538.7356956911898,18.499145058476365,6.423954045982103,TCP,32061,22,3375.396591784821,13.975440186624517,Sensor,None,0
352.6400143013003,20.734668888428494,7.969837573467702,TCP,38812,22,3513.805869300953,11.260680128423758,Smart Thermostat,None,0
61.735908201227026,466.3105685759935,1.0,UDP,23261,80,1638.3514371831593,1.2696047147443597,Camera,Port Scan,1
478.59782785869174,29.598759421966708,6.431076103407999,TCP,12384,443,4098.9154787631105,13.019171432859247,Sensor,None,0
446.3512889758562,32.105346707892465,8.172007661919734,TCP,40672,443,4640.72911020292,14.882204018394058,Smart Lock,None,0
621.2937660806882,33.87161779116363,5.097849649360312,UDP,41440,21,3688.252091095448,12.603628300195338,Smart Lock,None,0
68.38956939516795,584.5904900602432,1.0,TCP,24125,3389,1386.9302172611542,1.0,Smart Thermostat,Port Scan,1
736.1542235678713,260.77505999009844,41.36080181365453,UDP,62365,443,39740.7156286059,54.563881734868545,Router,Malware,1
177.9220505182856,115.57689252744836,7.2810364809354855,TCP,13657,443,7617.842022089359,11.472794794292453,Smart Lock,Brute Force,1
1244.4896636374378,859.3698252564657,1.0,TCP,50879,23,77907.79980040544,2.299195045772601,Smart Lock,DDoS,1
564.8731403536491,51.20080771050789,7.779120517160123,TCP,31459,443,4887.706256783913,13.366384059504721,Camera,None,0
275.42133969837516,439.55532393703015,22.995203954831418,UDP,32311,443,17863.346271752667,25.523916175841137,Smart Thermostat,Botnet,1
585.8872737289727,20.274671667595864,2.6298519133934883,UDP,62478,21,5146.106639051747,10.355260964309563,Smart Thermostat,None,0
659.2129520545751,38.321321614571175,4.489968694680278,TCP,32208,443,3733.410636365393,9.502270434696761,Smart TV,None,0
277.5436835245114,374.0125443702511,18.95979886768613,TCP,2807,443,33009.85979416355,23.099956920608765,Smart TV,Botnet,1
1025.184064897339,322.4905915185478,10.63593088703789,UDP,46069,80,54630.57960422543,16.863197354128495,Camera,Malware,1
55.655412204834754,440.9867535451489,1.0,ICMP,3806,80,1877.7412468614527,1.1304953806395381,Camera,Port Scan,1
1227.9199149143576,1130.34384282081,1.0,UDP,56780,23,73507.76998058295,2.7613670848598755,Camera,DDoS,1
643.8223803820032,28.296115766438888,1.0,TCP,30759,22,4309.391570156945,12.944439247924347,Router,None,0
381.5771505886115,27.547221540578903,6.5546751521234885,TCP,11078,443,3866.1770354839587,5.875312574890055,Smart Lock,None,0
458.3082595416567,31.325193858280578,4.025768379204745,TCP,54777,443,4149.484100739509,13.611346459076339,Smart TV,None,0
277.70925020132546,20.547434481266237,7.703362745720215,TCP,38544,8080,3670.608462587306,10.127867569236118,Camera,None,0
302.88958823825885,548.9856778598992,12.58555501401306,TCP,17374,22,23793.529177851724,33.45552045298434,Smart Thermostat,Botnet,1
64.85120018380536,663.312781786711,1.0,TCP,4555,443,2269.2694688625434,1.0252701117178178,Router,Port Scan,1
769.1919288294974,228.46873249076037,36.87870109378366,TCP,12273,443,41843.1370983663,33.17221286356607,Smart TV,Malware,1
238.10226809638635,467.77291944556026,17.11834982825348,UDP,9401,23,28915.748421659933,19.750167366705792,Smart Lock,Botnet,1
785.9122739220888,34.201885987249376,5.775406282524029,UDP,11051,21,4625.085201248154,13.755175025695586,Router,None,0
305.3832157142767,419.8495647342637,25.626749231150313,UDP,17477,23,27347.908317183566,25.808215665072407,Camera,Botnet,1
175.23949646959005,29.02496771083243,3.562105936260873,TCP,32887,8080,4811.759098479359,9.662290279096027,Camera,None,0
653.3036230088328,21.568673419882508,5.566573596301291,TCP,12282,22,4318.291202653115,7.572702198415276,Sensor,None,0
314.94832350579406,305.32094313049106,17.075139687676042,TCP,40800,23,29528.134389765775,24.931596606052935,Smart Lock,Botnet,1
570.2167348953292,29.45651934865928,7.2207819447149255,TCP,36718,22,4116.760087872566,10.511881250857245,Smart Lock,None,0
277.7405773518558,26.743018899262715,4.345389139489952,TCP,50648,80,3556.9878467585327,9.880881152959066,Smart TV,None,0
341.27604651747174,20.027531723985184,5.7995484534468735,UDP,6678,22,5299.228297786065,8.931208086815722,Smart Thermostat,None,0
680.2435102211757,37.494570154065634,6.303081241287918,UDP,13248,21,4197.556282527504,6.4444462584030475,Sensor,None,0
618.3408857468854,35.38497853641083,4.975940160202107,TCP,46432,443,3182.991349257921,10.893799530905245,Smart Thermostat,None,0
636.8975347233657,29.98081599990946,5.606933801633339,UDP,52526,80,3602.805690082926,9.002672396980689,Camera,None,0
335.12016812745316,309.55888027958537,12.273891981346294,UDP,53973,3389,33284.921002934905,37.126818990655096,Smart TV,Botnet,1
510.3806650305754,33.270098687893146,3.4149483390841713,TCP,43252,443,4618.190714665301,14.655640360367466,Sensor,None,0
375.5927783889578,24.69333110260907,7.27165969770026,TCP,6334,22,5226.534745606596,14.653531398676783,Smart Lock,None,0
627.9176276945173,31.570485674453447,4.682730325922623,TCP,21389,80,3513.692090926669,9.838652347545038,Sensor,None,0
737.2370441735816,23.953662634575537,3.8631158325645054,UDP,56770,21,3613.3163575117173,9.947698309152972,Router,None,0
793.263422550839,264.386773588216,21.335475383454625,TCP,48856,22,63309.33758331479,24.6817972692005,Sensor,Malware,1
51.67860232259193,512.7215024785733,1.0,ICMP,65005,23,1213.3521900444498,1.6502543429686483,Smart TV,Port Scan,1
1406.6631316924634,1195.1143228345363,1.5020301943812706,UDP,6340,3389,72198.51666515181,1.284118378573845,Sensor,DDoS,1
55.49028477353221,457.156063651488,1.0,ICMP,25361,3389,2433.098330115767,1.0,Smart Thermostat,Port Scan,1
529.313393873109,22.32204440268564,5.068315887081578,TCP,38378,8080,4036.4437258263097,12.537026105359967,Sensor,None,0
1331.5762843369055,859.1539619624732,1.2246878494595685,UDP,47736,3389,76334.69902573,1.994750361946044,Router,DDoS,1
64.26630897516888,336.4037339401158,1.0,UDP,64435,443,1956.3700204099111,1.0,Sensor,Port Scan,1
847.887103700266,183.93029180747095,35.14773017322352,TCP,13937,22,54495.17145652084,31.16812513080374,Camera,Malware,1
405.71875660789965,42.04507551606156,5.158430095608279,TCP,9299,21,3971.0582676852355,11.153001877940223,Smart TV,None,0
855.7052713783255,230.6815020130309,30.164760056382416,TCP,20929,3389,42381.88617440348,28.907487144962012,Camera,Malware,1
402.0147648563934,38.90027157743184,4.240196351782893,ICMP,14265,22,3812.0050619167787,9.29510201950646,Smart Lock,None,0
569.8823128840547,35.61280526401217,3.0360553887686974,TCP,59957,80,4186.082893690298,5.517534080350999,Router,None,0
530.7088220125067,36.5174814140304,4.9824106210288575,TCP,37703,22,6229.731841409548,5.296208750708504,Sensor,None,0
213.64462926911028,132.5490581769121,19.041773210954958,TCP,41616,22,8430.128272792765,19.13738972715868,Router,Brute Force,1
218.99683509722655,18.784089883468763,5.933353596161529,ICMP,19264,22,4906.458120812364,8.496039421845165,Camera,None,0
387.71201609787784,18.118013108796628,1.697644481888938,UDP,39877,443,2999.4743158426077,8.818294381467092,Sensor,None,0
55.42443251369875,647.631639360674,1.0,UDP,53899,3389,1829.7406000280564,1.6633607722768673,Sensor,Port Scan,1
238.88775238810425,102.45830945361236,18.311834416752497,TCP,41516,80,6689.148630239495,18.13172257725933,Smart Thermostat,Brute Force,1
300.84837940083145,19.445662190442956,6.6784027103045265,TCP,34062,80,3251.2503760190825,9.338031780276152,Sensor,None,0
533.2042421125861,46.419301758536974,4.051830436106063,TCP,37975,21,1932.2770682334753,8.433668553567436,Camera,None,0
315.1574748981907,28.87836099889416,8.122373066352964,UDP,29464,443,4351.930770818657,11.41375137353768,Smart Thermostat,None,0
62.94915318325148,392.8340117735057,1.0,UDP,60351,3389,1765.8359112721905,1.0,Smart TV,Port Scan,1
596.8516538785955,37.34223499026136,7.293703510300091,TCP,7502,443,5846.43985091144,9.223921062274428,Camera,None,0
559.2467257352298,24.208050154751007,2.3134310957795945,UDP,36223,80,6489.2541690233575,11.342262133607136,Smart Thermostat,None,0
587.5794546818636,48.089145420827705,7.850657886940612,TCP,48361,80,5422.106349923557,8.629570057784008,Router,None,0
515.6329425767462,39.827395110230576,4.001408802921696,TCP,47923,443,3274.7739354642467,16.385409197305492,Camera,None,0
312.74995707106143,392.27849575241197,7.203901821962916,UDP,48269,23,27292.225974399727,23.758925849293057,Smart Thermostat,Botnet,1
513.8157641009371,39.444158685402726,5.273204566025401,TCP,49942,443,3884.665005192664,13.192936558741547,Camera,None,0
1571.3688001035741,865.6852554734472,1.0,ICMP,10906,23,76510.8759435342,1.8419739947312155,Smart Lock,DDoS,1
440.8568277325329,11.897866789131836,3.7945612739395553,UDP,45222,8080,5722.359941995649,10.818587554077318,Camera,None,0
434.38658932829316,33.30387755655982,7.479413814138248,UDP,56504,443,3829.3058537811303,11.139228626883881,Sensor,None,0
1647.2215198941103,1037.5715146266025,1.5290082453190132,UDP,39331,443,72157.60238400858,1.6613965285599623,Smart Thermostat,DDoS,1
507.7507588331866,35.72242420187274,1.3129051650825807,TCP,37352,21,2104.954150052119,10.35094070207166,Camera,None,0
568.1973570759055,28.386472956308864,4.037119954218983,TCP,8548,443,1876.125080111644,12.766743823515812,Smart Thermostat,None,0
245.62765922582759,351.6021342504426,27.502820241386424,UDP,30351,22,39103.59109234224,24.793170147975108,Router,Botnet,1
68.07144816509354,518.7165797152568,1.0,TCP,51977,3389,2677.53125104882,1.2381425469524088,Smart TV,Port Scan,1
249.79660439841464,33.89037590433763,4.239923875615609,TCP,53875,443,5435.006177988935,14.470373026889716,Smart Thermostat,None,0
556.6941217226362,31.523003725473192,6.594545122338561,TCP,53973,22,4151.346933656741,10.585846295469112,Smart Lock,None,0
297.3733839629232,498.65239410530694,12.59529751076467,TCP,44292,22,25813.772576173527,26.859422533892545,Camera,Botnet,1
215.09515632527376,149.0340560579218,16.857854330989003,TCP,11136,3389,3289.77973010803,27.0626588180642,Smart Lock,Brute Force,1
469.30015143910117,22.578079060025633,6.848715514374868,TCP,29025,80,3893.818069377424,10.669366055218498,Camera,None,0
260.910903230093,174.61714794044704,20.051691831395566,TCP,3734,443,7789.58344517702,18.565192973973122,Smart Thermostat,Brute Force,1
517.5357969148338,55.93548002069308,7.91454172655712,UDP,52146,80,4163.722255058018,6.988931789100677,Router,None,0
1063.3051169585221,951.6295566264017,1.0,UDP,43706,443,83991.61106438344,2.5029134632552203,Sensor,DDoS,1
387.95209103826517,551.831538591409,17.29257843049674,TCP,51757,23,30468.184353120505,26.215095639910896,Router,Botnet,1
347.5061494622498,12.693283944927817,5.328781405954604,ICMP,65378,443,3825.8272661950423,15.00366283335856,Router,None,0
67.70678079259966,545.2009222329133,1.0,TCP,9373,443,2591.3138357537964,1.0,Smart TV,Port Scan,1
278.91386455631937,10.83402532481789,2.481173866587733,UDP,24259,80,2811.119846402395,7.891735120536388,Smart TV,None,0
1339.932132930206,730.3447318990145,1.343856813299459,UDP,62399,3389,89174.05030556174,1.6033536020894514,Smart Thermostat,DDoS,1
670.5291125683741,39.36400417014647,1.9094001089424846,TCP,19111,443,4550.433510934785,6.072714842836043,Smart Lock,None,0
315.7229516088657,33.89691705320002,5.205106367452534,UDP,20121,80,3377.792554705282,16.180894511572234,Smart Thermostat,None,0
65.54702758686909,635.9358628624798,1.0,ICMP,24266,22,2522.0978133640274,1.1266415767054725,Sensor,Port Scan,1
563.0385161663662,32.23724158326204,3.9166914812022093,UDP,19321,8080,3046.9246347700223,8.264972125415365,Sensor,None,0
223.53893640150184,94.89798693535963,13.782385049387015,TCP,39289,23,5007.268561500339,21.555033097022697,Camera,Brute Force,1
374.05102081580526,36.76121935300075,5.9086066114796125,UDP,45209,22,5058.581053734378,11.431232772790633,Camera,None,0
1159.8196866253993,1038.690398494043,1.0,TCP,3251,3389,92643.58927915688,2.3791457999347543,Smart Thermostat,DDoS,1
321.2280114982561,392.2135432369191,25.610121144395507,TCP,49563,80,37214.93867491537,39.025363813421606,Smart TV,Botnet,1
678.2625786373158,14.948720573293468,3.926523879313394,TCP,9982,443,2600.594281717579,11.155947854420473,Smart Lock,None,0
288.2761696291707,295.9818923893313,24.179469004857953,UDP,25897,80,31468.012111126023,16.456568355712,Router,Botnet,1
1461.5973830539567,724.1601354502606,1.135518803687055,TCP,41981,443,114911.32619103405,1.8990847728638285,Router,DDoS,1
